[07Feb2025 10:13:46.835] [main/INFO] [cpw.mods.modlauncher.Launcher/MODLAUNCHER]: ModLauncher running: args [--launchTarget, forgeclientuserdev, --version, 20.4.239, --assetIndex, asset-index, --assetsDir, /home/jared/.gradle/caches/minecraft/assets/1.20.4, --gameDir, ., --fml.neoForgeVersion, 20.4.239, --fml.fmlVersion, 2.0.17, --fml.mcVersion, 1.20.4, --fml.neoFormVersion, 20240627.114801]
[07Feb2025 10:13:46.838] [main/INFO] [cpw.mods.modlauncher.Launcher/MODLAUNCHER]: ModLauncher 10.0.9+10.0.9+main.dcd20f30 starting: java version 17.0.2 by Eclipse Adoptium; OS Linux arch amd64 version 5.15.0-131-generic
[07Feb2025 10:13:46.855] [main/DEBUG] [cpw.mods.modlauncher.LaunchServiceHandler/MODLAUNCHER]: Found launch services [minecraft,forgeclient,forgedatauserdev,testharness,forgeserverdev,forgeserveruserdev,forgeclientdev,forgeclientuserdev,forgeserver,forgedatadev]
[07Feb2025 10:13:46.864] [main/DEBUG] [cpw.mods.modlauncher.NameMappingServiceHandler/MODLAUNCHER]: Found naming services : [srgtomcp]
[07Feb2025 10:13:46.873] [main/DEBUG] [cpw.mods.modlauncher.LaunchPluginHandler/MODLAUNCHER]: Found launch plugins: [mixin,slf4jfixer,runtime_enum_extender,accesstransformer,runtimedistcleaner]
[07Feb2025 10:13:46.880] [main/DEBUG] [cpw.mods.modlauncher.TransformationServicesHandler/MODLAUNCHER]: Discovering transformation services
[07Feb2025 10:13:46.884] [main/DEBUG] [net.neoforged.fml.loading.FMLPaths/CORE]: Path GAMEDIR is /home/jared/Documents/src/MCMods/1.20.4/DoomlikeDungeons-Neo/runs/client
[07Feb2025 10:13:46.884] [main/DEBUG] [net.neoforged.fml.loading.FMLPaths/CORE]: Path MODSDIR is /home/jared/Documents/src/MCMods/1.20.4/DoomlikeDungeons-Neo/runs/client/mods
[07Feb2025 10:13:46.884] [main/DEBUG] [net.neoforged.fml.loading.FMLPaths/CORE]: Path CONFIGDIR is /home/jared/Documents/src/MCMods/1.20.4/DoomlikeDungeons-Neo/runs/client/config
[07Feb2025 10:13:46.884] [main/DEBUG] [net.neoforged.fml.loading.FMLPaths/CORE]: Path FMLCONFIG is /home/jared/Documents/src/MCMods/1.20.4/DoomlikeDungeons-Neo/runs/client/config/fml.toml
[07Feb2025 10:13:46.907] [main/TRACE] [net.neoforged.fml.loading.FMLConfig/CORE]: Loaded FML config from /home/jared/Documents/src/MCMods/1.20.4/DoomlikeDungeons-Neo/runs/client/config/fml.toml
[07Feb2025 10:13:46.907] [main/TRACE] [net.neoforged.fml.loading.FMLConfig/CORE]: FMLConfig disableConfigWatcher is false
[07Feb2025 10:13:46.907] [main/TRACE] [net.neoforged.fml.loading.FMLConfig/CORE]: FMLConfig earlyWindowControl is true
[07Feb2025 10:13:46.907] [main/TRACE] [net.neoforged.fml.loading.FMLConfig/CORE]: FMLConfig maxThreads is 24
[07Feb2025 10:13:46.908] [main/TRACE] [net.neoforged.fml.loading.FMLConfig/CORE]: FMLConfig versionCheck is true
[07Feb2025 10:13:46.908] [main/TRACE] [net.neoforged.fml.loading.FMLConfig/CORE]: FMLConfig defaultConfigPath is defaultconfigs
[07Feb2025 10:13:46.908] [main/TRACE] [net.neoforged.fml.loading.FMLConfig/CORE]: FMLConfig disableOptimizedDFU is true
[07Feb2025 10:13:46.908] [main/TRACE] [net.neoforged.fml.loading.FMLConfig/CORE]: FMLConfig earlyWindowProvider is fmlearlywindow
[07Feb2025 10:13:46.908] [main/TRACE] [net.neoforged.fml.loading.FMLConfig/CORE]: FMLConfig earlyWindowWidth is 854
[07Feb2025 10:13:46.908] [main/TRACE] [net.neoforged.fml.loading.FMLConfig/CORE]: FMLConfig earlyWindowHeight is 480
[07Feb2025 10:13:46.908] [main/TRACE] [net.neoforged.fml.loading.FMLConfig/CORE]: FMLConfig earlyWindowFBScale is 1
[07Feb2025 10:13:46.908] [main/TRACE] [net.neoforged.fml.loading.FMLConfig/CORE]: FMLConfig earlyWindowMaximized is false
[07Feb2025 10:13:46.908] [main/TRACE] [net.neoforged.fml.loading.FMLConfig/CORE]: FMLConfig earlyWindowSkipGLVersions is []
[07Feb2025 10:13:46.908] [main/TRACE] [net.neoforged.fml.loading.FMLConfig/CORE]: FMLConfig earlyWindowSquir is false
[07Feb2025 10:13:46.913] [main/DEBUG] [cpw.mods.modlauncher.TransformationServicesHandler/MODLAUNCHER]: Found additional transformation services from discovery services: 
[07Feb2025 10:13:46.920] [main/INFO] [net.neoforged.fml.loading.ImmediateWindowHandler/]: Loading ImmediateWindowProvider fmlearlywindow
[07Feb2025 10:13:46.986] [main/INFO] [EARLYDISPLAY/]: Trying GL version 4.6
[07Feb2025 10:13:47.058] [main/INFO] [EARLYDISPLAY/]: Requested GL version 4.6 got version 4.6
[07Feb2025 10:13:47.089] [main/DEBUG] [cpw.mods.modlauncher.TransformationServicesHandler/MODLAUNCHER]: Found transformer services : [mixin,mixin-synthetic-package,fml]
[07Feb2025 10:13:47.089] [main/DEBUG] [cpw.mods.modlauncher.TransformationServicesHandler/MODLAUNCHER]: Transformation services loading
[07Feb2025 10:13:47.089] [main/DEBUG] [cpw.mods.modlauncher.TransformationServiceDecorator/MODLAUNCHER]: Loading service mixin
[07Feb2025 10:13:47.090] [main/DEBUG] [cpw.mods.modlauncher.TransformationServiceDecorator/MODLAUNCHER]: Loaded service mixin
[07Feb2025 10:13:47.090] [main/DEBUG] [cpw.mods.modlauncher.TransformationServiceDecorator/MODLAUNCHER]: Loading service mixin-synthetic-package
[07Feb2025 10:13:47.090] [main/DEBUG] [cpw.mods.modlauncher.TransformationServiceDecorator/MODLAUNCHER]: Loaded service mixin-synthetic-package
[07Feb2025 10:13:47.090] [main/DEBUG] [cpw.mods.modlauncher.TransformationServiceDecorator/MODLAUNCHER]: Loading service fml
[07Feb2025 10:13:47.091] [main/DEBUG] [net.neoforged.fml.loading.LauncherVersion/CORE]: Found FMLLauncher version 2.0
[07Feb2025 10:13:47.091] [main/DEBUG] [net.neoforged.fml.loading.FMLLoader/CORE]: FML 2.0 loading
[07Feb2025 10:13:47.091] [main/DEBUG] [net.neoforged.fml.loading.FMLLoader/CORE]: FML found ModLauncher version : 10.0.9+10.0.9+main.dcd20f30
[07Feb2025 10:13:47.091] [main/DEBUG] [net.neoforged.fml.loading.FMLLoader/CORE]: FML found AccessTransformer version : 10.0.1+139da711
[07Feb2025 10:13:47.091] [main/DEBUG] [net.neoforged.fml.loading.FMLLoader/CORE]: FML found EventBus version : null
[07Feb2025 10:13:47.091] [main/DEBUG] [net.neoforged.fml.loading.FMLLoader/CORE]: Found Runtime Dist Cleaner
[07Feb2025 10:13:47.092] [main/DEBUG] [net.neoforged.fml.loading.FMLLoader/CORE]: FML found CoreMod version : 6.0.4+main.1ed25481
[07Feb2025 10:13:47.093] [main/DEBUG] [net.neoforged.fml.loading.FMLLoader/CORE]: Found ForgeSPI package implementation version 2.0
[07Feb2025 10:13:47.093] [main/DEBUG] [net.neoforged.fml.loading.FMLLoader/CORE]: Found ForgeSPI package specification 2
[07Feb2025 10:13:47.093] [main/DEBUG] [cpw.mods.modlauncher.TransformationServiceDecorator/MODLAUNCHER]: Loaded service fml
[07Feb2025 10:13:47.093] [main/DEBUG] [cpw.mods.modlauncher.TransformationServicesHandler/MODLAUNCHER]: Configuring option handling for services
[07Feb2025 10:13:47.097] [main/DEBUG] [cpw.mods.modlauncher.TransformationServicesHandler/MODLAUNCHER]: Transformation services initializing
[07Feb2025 10:13:47.097] [main/DEBUG] [cpw.mods.modlauncher.TransformationServiceDecorator/MODLAUNCHER]: Initializing transformation service mixin
[07Feb2025 10:13:47.105] [main/DEBUG] [mixin/]: MixinService [ModLauncher] was successfully booted in cpw.mods.cl.ModuleClassLoader@212bf671
[07Feb2025 10:13:47.112] [main/INFO] [mixin/]: SpongePowered MIXIN Subsystem Version=0.8.5 Source=union:/home/jared/.gradle/caches/modules-2/files-2.1/net.fabricmc/sponge-mixin/0.13.1+mixin.0.8.5/618f4dff860cf2d6b5196073b1a5f5e0a8591acb/sponge-mixin-0.13.1+mixin.0.8.5.jar%23168!/ Service=ModLauncher Env=CLIENT
[07Feb2025 10:13:47.115] [main/DEBUG] [mixin/]: Initialising Mixin Platform Manager
[07Feb2025 10:13:47.115] [main/DEBUG] [mixin/]: Adding mixin platform agents for container ModLauncher Root Container(ModLauncher:4f56a0a2)
[07Feb2025 10:13:47.116] [main/DEBUG] [mixin/]: Instancing new MixinPlatformAgentMinecraftForge for ModLauncher Root Container(ModLauncher:4f56a0a2)
[07Feb2025 10:13:47.116] [main/DEBUG] [mixin/]: MixinPlatformAgentMinecraftForge rejected container ModLauncher Root Container(ModLauncher:4f56a0a2)
[07Feb2025 10:13:47.116] [main/DEBUG] [mixin/]: Instancing new MixinPlatformAgentDefault for ModLauncher Root Container(ModLauncher:4f56a0a2)
[07Feb2025 10:13:47.117] [main/DEBUG] [mixin/]: MixinPlatformAgentDefault accepted container ModLauncher Root Container(ModLauncher:4f56a0a2)
[07Feb2025 10:13:47.118] [main/DEBUG] [cpw.mods.modlauncher.TransformationServiceDecorator/MODLAUNCHER]: Initialized transformation service mixin
[07Feb2025 10:13:47.118] [main/DEBUG] [cpw.mods.modlauncher.TransformationServiceDecorator/MODLAUNCHER]: Initializing transformation service mixin-synthetic-package
[07Feb2025 10:13:47.118] [main/DEBUG] [cpw.mods.modlauncher.TransformationServiceDecorator/MODLAUNCHER]: Initialized transformation service mixin-synthetic-package
[07Feb2025 10:13:47.118] [main/DEBUG] [cpw.mods.modlauncher.TransformationServiceDecorator/MODLAUNCHER]: Initializing transformation service fml
[07Feb2025 10:13:47.118] [main/DEBUG] [net.neoforged.fml.loading.FMLServiceProvider/CORE]: Setting up basic FML game directories
[07Feb2025 10:13:47.119] [main/DEBUG] [net.neoforged.fml.loading.FMLPaths/CORE]: Path GAMEDIR is /home/jared/Documents/src/MCMods/1.20.4/DoomlikeDungeons-Neo/runs/client
[07Feb2025 10:13:47.119] [main/DEBUG] [net.neoforged.fml.loading.FMLPaths/CORE]: Path MODSDIR is /home/jared/Documents/src/MCMods/1.20.4/DoomlikeDungeons-Neo/runs/client/mods
[07Feb2025 10:13:47.119] [main/DEBUG] [net.neoforged.fml.loading.FMLPaths/CORE]: Path CONFIGDIR is /home/jared/Documents/src/MCMods/1.20.4/DoomlikeDungeons-Neo/runs/client/config
[07Feb2025 10:13:47.119] [main/DEBUG] [net.neoforged.fml.loading.FMLPaths/CORE]: Path FMLCONFIG is /home/jared/Documents/src/MCMods/1.20.4/DoomlikeDungeons-Neo/runs/client/config/fml.toml
[07Feb2025 10:13:47.119] [main/DEBUG] [net.neoforged.fml.loading.FMLServiceProvider/CORE]: Loading configuration
[07Feb2025 10:13:47.120] [main/TRACE] [net.neoforged.fml.loading.FMLConfig/CORE]: Loaded FML config from /home/jared/Documents/src/MCMods/1.20.4/DoomlikeDungeons-Neo/runs/client/config/fml.toml
[07Feb2025 10:13:47.120] [main/TRACE] [net.neoforged.fml.loading.FMLConfig/CORE]: FMLConfig disableConfigWatcher is false
[07Feb2025 10:13:47.120] [main/TRACE] [net.neoforged.fml.loading.FMLConfig/CORE]: FMLConfig earlyWindowControl is true
[07Feb2025 10:13:47.121] [main/TRACE] [net.neoforged.fml.loading.FMLConfig/CORE]: FMLConfig maxThreads is 24
[07Feb2025 10:13:47.121] [main/TRACE] [net.neoforged.fml.loading.FMLConfig/CORE]: FMLConfig versionCheck is true
[07Feb2025 10:13:47.121] [main/TRACE] [net.neoforged.fml.loading.FMLConfig/CORE]: FMLConfig defaultConfigPath is defaultconfigs
[07Feb2025 10:13:47.121] [main/TRACE] [net.neoforged.fml.loading.FMLConfig/CORE]: FMLConfig disableOptimizedDFU is true
[07Feb2025 10:13:47.121] [main/TRACE] [net.neoforged.fml.loading.FMLConfig/CORE]: FMLConfig earlyWindowProvider is fmlearlywindow
[07Feb2025 10:13:47.121] [main/TRACE] [net.neoforged.fml.loading.FMLConfig/CORE]: FMLConfig earlyWindowWidth is 854
[07Feb2025 10:13:47.121] [main/TRACE] [net.neoforged.fml.loading.FMLConfig/CORE]: FMLConfig earlyWindowHeight is 480
[07Feb2025 10:13:47.121] [main/TRACE] [net.neoforged.fml.loading.FMLConfig/CORE]: FMLConfig earlyWindowFBScale is 1
[07Feb2025 10:13:47.121] [main/TRACE] [net.neoforged.fml.loading.FMLConfig/CORE]: FMLConfig earlyWindowMaximized is false
[07Feb2025 10:13:47.121] [main/TRACE] [net.neoforged.fml.loading.FMLConfig/CORE]: FMLConfig earlyWindowSkipGLVersions is []
[07Feb2025 10:13:47.122] [main/TRACE] [net.neoforged.fml.loading.FMLConfig/CORE]: FMLConfig earlyWindowSquir is false
[07Feb2025 10:13:47.122] [main/DEBUG] [net.neoforged.fml.loading.FMLServiceProvider/CORE]: Preparing ModFile
[07Feb2025 10:13:47.123] [main/DEBUG] [net.neoforged.fml.loading.FMLServiceProvider/CORE]: Preparing launch handler
[07Feb2025 10:13:47.124] [main/DEBUG] [net.neoforged.fml.loading.FMLLoader/CORE]: Using forgeclientuserdev as launch service
[07Feb2025 10:13:47.130] [main/DEBUG] [net.neoforged.fml.loading.FMLLoader/CORE]: Received command line version data  : VersionInfo[neoForgeVersion=20.4.239, fmlVersion=2.0.17, mcVersion=1.20.4, neoFormVersion=20240627.114801]
[07Feb2025 10:13:47.130] [main/DEBUG] [net.neoforged.fml.common.asm.RuntimeDistCleaner/DISTXFORM]: Configuring for Dist CLIENT
[07Feb2025 10:13:47.131] [main/DEBUG] [cpw.mods.modlauncher.TransformationServiceDecorator/MODLAUNCHER]: Initialized transformation service fml
[07Feb2025 10:13:47.131] [main/DEBUG] [cpw.mods.modlauncher.NameMappingServiceHandler/MODLAUNCHER]: Current naming domain is 'mcp'
[07Feb2025 10:13:47.133] [main/DEBUG] [cpw.mods.modlauncher.NameMappingServiceHandler/MODLAUNCHER]: Identified name mapping providers {srg=srgtomcp:1234}
[07Feb2025 10:13:47.133] [main/DEBUG] [cpw.mods.modlauncher.TransformationServicesHandler/MODLAUNCHER]: Transformation services begin scanning
[07Feb2025 10:13:47.133] [main/DEBUG] [cpw.mods.modlauncher.TransformationServiceDecorator/MODLAUNCHER]: Beginning scan trigger - transformation service mixin
[07Feb2025 10:13:47.133] [main/DEBUG] [cpw.mods.modlauncher.TransformationServiceDecorator/MODLAUNCHER]: End scan trigger - transformation service mixin
[07Feb2025 10:13:47.133] [main/DEBUG] [cpw.mods.modlauncher.TransformationServiceDecorator/MODLAUNCHER]: Beginning scan trigger - transformation service mixin-synthetic-package
[07Feb2025 10:13:47.135] [main/DEBUG] [cpw.mods.modlauncher.TransformationServiceDecorator/MODLAUNCHER]: End scan trigger - transformation service mixin-synthetic-package
[07Feb2025 10:13:47.135] [main/DEBUG] [cpw.mods.modlauncher.TransformationServiceDecorator/MODLAUNCHER]: Beginning scan trigger - transformation service fml
[07Feb2025 10:13:47.135] [main/DEBUG] [net.neoforged.fml.loading.FMLServiceProvider/CORE]: Initiating mod scan
[07Feb2025 10:13:47.136] [main/DEBUG] [net.neoforged.fml.loading.FMLLoader/SCAN]: Scanning for Mod Locators
[07Feb2025 10:13:47.143] [main/DEBUG] [net.neoforged.fml.loading.moddiscovery.ModListHandler/CORE]: Found mod coordinates from lists: []
[07Feb2025 10:13:47.145] [main/DEBUG] [net.neoforged.fml.loading.moddiscovery.ModDiscoverer/CORE]: Found Mod Locators : (mods folder:2.0),(maven libs:2.0),(exploded directory:2.0),(minecraft:2.0),(userdev classpath:2.0),(builtin game layer libraries:2.0)
[07Feb2025 10:13:47.145] [main/DEBUG] [net.neoforged.fml.loading.moddiscovery.ModDiscoverer/CORE]: Found Dependency Locators : (JarInJar:2.0)
[07Feb2025 10:13:47.145] [main/DEBUG] [net.neoforged.fml.loading.moddiscovery.ModDiscoverer/SCAN]: Scanning for mods and other resources to load. We know 6 ways to find mods
[07Feb2025 10:13:47.145] [main/DEBUG] [net.neoforged.fml.loading.moddiscovery.ModDiscoverer/SCAN]: Trying locator {mods folder locator at /home/jared/Documents/src/MCMods/1.20.4/DoomlikeDungeons-Neo/runs/client/mods}
[07Feb2025 10:13:47.146] [main/DEBUG] [net.neoforged.fml.loading.moddiscovery.ModsFolderLocator/SCAN]: Scanning mods dir /home/jared/Documents/src/MCMods/1.20.4/DoomlikeDungeons-Neo/runs/client/mods for mods
[07Feb2025 10:13:47.147] [main/DEBUG] [net.neoforged.fml.loading.moddiscovery.ModDiscoverer/SCAN]: Locator {mods folder locator at /home/jared/Documents/src/MCMods/1.20.4/DoomlikeDungeons-Neo/runs/client/mods} found 0 candidates or errors
[07Feb2025 10:13:47.148] [main/DEBUG] [net.neoforged.fml.loading.moddiscovery.ModDiscoverer/SCAN]: Locator {mods folder locator at /home/jared/Documents/src/MCMods/1.20.4/DoomlikeDungeons-Neo/runs/client/mods} found 0 valid mod files
[07Feb2025 10:13:47.148] [main/DEBUG] [net.neoforged.fml.loading.moddiscovery.ModDiscoverer/SCAN]: Trying locator {Maven Directory locator for mods []}
[07Feb2025 10:13:47.148] [main/DEBUG] [net.neoforged.fml.loading.moddiscovery.ModDiscoverer/SCAN]: Locator {Maven Directory locator for mods []} found 0 candidates or errors
[07Feb2025 10:13:47.148] [main/DEBUG] [net.neoforged.fml.loading.moddiscovery.ModDiscoverer/SCAN]: Locator {Maven Directory locator for mods []} found 0 valid mod files
[07Feb2025 10:13:47.148] [main/DEBUG] [net.neoforged.fml.loading.moddiscovery.ModDiscoverer/SCAN]: Trying locator {ExplodedDir locator}
[07Feb2025 10:13:47.149] [main/DEBUG] [net.neoforged.fml.loading.moddiscovery.ModDiscoverer/SCAN]: Locator {ExplodedDir locator} found 0 candidates or errors
[07Feb2025 10:13:47.149] [main/DEBUG] [net.neoforged.fml.loading.moddiscovery.ModDiscoverer/SCAN]: Locator {ExplodedDir locator} found 0 valid mod files
[07Feb2025 10:13:47.149] [main/DEBUG] [net.neoforged.fml.loading.moddiscovery.ModDiscoverer/SCAN]: Trying locator net.neoforged.fml.loading.moddiscovery.MinecraftLocator@255990cc
[07Feb2025 10:13:47.151] [main/DEBUG] [net.neoforged.fml.loading.targets.CommonLaunchHandler/CORE]: Got mod coordinates DoomlikeDungeons-Neo%%/home/jared/Documents/src/MCMods/1.20.4/DoomlikeDungeons-Neo/build/resources/main:DoomlikeDungeons-Neo%%/home/jared/Documents/src/MCMods/1.20.4/DoomlikeDungeons-Neo/build/classes/java/main from env
[07Feb2025 10:13:47.151] [main/DEBUG] [net.neoforged.fml.loading.targets.CommonLaunchHandler/CORE]: Found supplied mod coordinates [{DoomlikeDungeons-Neo=[/home/jared/Documents/src/MCMods/1.20.4/DoomlikeDungeons-Neo/build/resources/main, /home/jared/Documents/src/MCMods/1.20.4/DoomlikeDungeons-Neo/build/classes/java/main]}]
[07Feb2025 10:13:47.154] [pool-2-thread-1/INFO] [EARLYDISPLAY/]: GL info: NVIDIA GeForce RTX 2060 SUPER/PCIe/SSE2 GL version 4.6.0 NVIDIA 470.256.02, NVIDIA Corporation
[07Feb2025 10:13:47.270] [main/DEBUG] [net.neoforged.fml.loading.moddiscovery.ModFileInfo/LOADING]: Found valid mod file neoforge-20.4.239.jar with {minecraft} mods - versions {1.20.4}
[07Feb2025 10:13:47.271] [main/DEBUG] [net.neoforged.fml.loading.moddiscovery.AbstractModProvider/SCAN]: Found META-INF/mods.toml mod of type null: [/home/jared/Documents/src/MCMods/1.20.4/DoomlikeDungeons-Neo/build/resources/main, /home/jared/Documents/src/MCMods/1.20.4/DoomlikeDungeons-Neo/build/classes/java/main]
[07Feb2025 10:13:47.271] [main/DEBUG] [net.neoforged.fml.loading.moddiscovery.ModFileParser/LOADING]: Considering mod file candidate /home/jared/Documents/src/MCMods/1.20.4/DoomlikeDungeons-Neo/build/resources/main
[07Feb2025 10:13:47.276] [main/DEBUG] [net.neoforged.fml.loading.moddiscovery.ModFileInfo/LOADING]: Found valid mod file main with {dldungeonsjbg} mods - versions {2.0.11-MC1.20.1}
[07Feb2025 10:13:47.276] [main/DEBUG] [net.neoforged.fml.loading.moddiscovery.AbstractModProvider/SCAN]: Found META-INF/mods.toml mod of type null: []
[07Feb2025 10:13:47.276] [main/DEBUG] [net.neoforged.fml.loading.moddiscovery.ModFileParser/LOADING]: Considering mod file candidate /
[07Feb2025 10:13:47.278] [main/DEBUG] [net.neoforged.fml.loading.moddiscovery.ModFileInfo/LOADING]: Found valid mod file  with {neoforge} mods - versions {20.4.239}
[07Feb2025 10:13:47.279] [main/DEBUG] [net.neoforged.fml.loading.moddiscovery.ModDiscoverer/SCAN]: Locator net.neoforged.fml.loading.moddiscovery.MinecraftLocator@255990cc found 3 candidates or errors
[07Feb2025 10:13:47.279] [main/DEBUG] [net.neoforged.fml.loading.moddiscovery.ModDiscoverer/SCAN]: Locator net.neoforged.fml.loading.moddiscovery.MinecraftLocator@255990cc found 3 valid mod files
[07Feb2025 10:13:47.279] [main/INFO] [net.neoforged.fml.loading.moddiscovery.ModDiscoverer/SCAN]: Found mod file "neoforge-20.4.239.jar" of type MOD with provider net.neoforged.fml.loading.moddiscovery.MinecraftLocator@255990cc
[07Feb2025 10:13:47.279] [main/INFO] [net.neoforged.fml.loading.moddiscovery.ModDiscoverer/SCAN]: Found mod file "main" of type MOD with provider net.neoforged.fml.loading.moddiscovery.MinecraftLocator@255990cc
[07Feb2025 10:13:47.279] [main/INFO] [net.neoforged.fml.loading.moddiscovery.ModDiscoverer/SCAN]: Found mod file "" of type MOD with provider net.neoforged.fml.loading.moddiscovery.MinecraftLocator@255990cc
[07Feb2025 10:13:47.279] [main/DEBUG] [net.neoforged.fml.loading.moddiscovery.ModDiscoverer/SCAN]: Trying locator net.neoforged.fml.loading.moddiscovery.ClasspathLocator@420745d7
[07Feb2025 10:13:47.285] [main/DEBUG] [net.neoforged.fml.loading.moddiscovery.ModDiscoverer/SCAN]: Locator net.neoforged.fml.loading.moddiscovery.ClasspathLocator@420745d7 found 0 candidates or errors
[07Feb2025 10:13:47.285] [main/DEBUG] [net.neoforged.fml.loading.moddiscovery.ModDiscoverer/SCAN]: Locator net.neoforged.fml.loading.moddiscovery.ClasspathLocator@420745d7 found 0 valid mod files
[07Feb2025 10:13:47.285] [main/DEBUG] [net.neoforged.fml.loading.moddiscovery.ModDiscoverer/SCAN]: Trying locator net.neoforged.fml.loading.moddiscovery.BuiltinGameLibraryLocator@545f80bf
[07Feb2025 10:13:47.285] [main/DEBUG] [net.neoforged.fml.loading.moddiscovery.ModDiscoverer/SCAN]: Locator net.neoforged.fml.loading.moddiscovery.BuiltinGameLibraryLocator@545f80bf found 0 candidates or errors
[07Feb2025 10:13:47.285] [main/DEBUG] [net.neoforged.fml.loading.moddiscovery.ModDiscoverer/SCAN]: Locator net.neoforged.fml.loading.moddiscovery.BuiltinGameLibraryLocator@545f80bf found 0 valid mod files
[07Feb2025 10:13:47.290] [main/DEBUG] [net.neoforged.fml.loading.moddiscovery.ModDiscoverer/SCAN]: Successfully Loaded 3 mods. Attempting to load dependencies...
[07Feb2025 10:13:47.290] [main/DEBUG] [net.neoforged.fml.loading.moddiscovery.ModDiscoverer/SCAN]: Trying locator net.neoforged.fml.loading.moddiscovery.JarInJarDependencyLocator@23aae55
[07Feb2025 10:13:47.294] [main/TRACE] [net.neoforged.fml.loading.moddiscovery.AbstractJarFileDependencyLocator/]: Failed to load resource META-INF/jarjar/metadata.json from main, it does not contain dependency information.
[07Feb2025 10:13:47.342] [main/DEBUG] [net.neoforged.fml.loading.moddiscovery.AbstractModProvider/SCAN]: Found META-INF/MANIFEST.MF mod of type GAMELIBRARY: []
[07Feb2025 10:13:47.346] [main/DEBUG] [net.neoforged.fml.loading.moddiscovery.AbstractModProvider/SCAN]: Found META-INF/MANIFEST.MF mod of type GAMELIBRARY: []
[07Feb2025 10:13:47.346] [main/TRACE] [net.neoforged.fml.loading.moddiscovery.AbstractJarFileDependencyLocator/]: Failed to load resource META-INF/jarjar/metadata.json from mixinextras-neoforge-0.3.5.jar, it does not contain dependency information.
[07Feb2025 10:13:47.346] [main/TRACE] [net.neoforged.fml.loading.moddiscovery.AbstractJarFileDependencyLocator/]: Failed to load resource META-INF/jarjar/metadata.json from mixinextras-neoforge-0.3.5.jar, it does not contain dependency information.
[07Feb2025 10:13:47.362] [main/DEBUG] [net.neoforged.fml.loading.moddiscovery.AbstractModProvider/SCAN]: Found META-INF/MANIFEST.MF mod of type GAMELIBRARY: []
[07Feb2025 10:13:47.363] [main/INFO] [net.neoforged.fml.loading.moddiscovery.JarInJarDependencyLocator/]: Found 1 dependencies adding them to mods collection
[07Feb2025 10:13:47.364] [main/INFO] [net.neoforged.fml.loading.moddiscovery.ModDiscoverer/SCAN]: Found mod file "mixinextras-neoforge-0.3.5.jar" of type GAMELIBRARY with provider net.neoforged.fml.loading.moddiscovery.JarInJarDependencyLocator@23aae55
[07Feb2025 10:13:47.365] [main/DEBUG] [net.neoforged.fml.loading.moddiscovery.ModFileInfo/LOADING]: Found valid mod file neoforge-20.4.239.jar with {minecraft} mods - versions {1.20.4}
[07Feb2025 10:13:47.367] [main/DEBUG] [net.neoforged.fml.loading.moddiscovery.ModFile/LOADING]: Loading mod file /home/jared/Documents/src/MCMods/1.20.4/DoomlikeDungeons-Neo/.gradle/repositories/ng_dummy_ng/net/neoforged/neoforge/20.4.239/neoforge-20.4.239.jar with languages [LanguageSpec[languageName=minecraft, acceptedVersions=1]]
[07Feb2025 10:13:47.368] [main/DEBUG] [net.neoforged.fml.loading.moddiscovery.ModFileParser/LOADING]: Considering mod file candidate /home/jared/Documents/src/MCMods/1.20.4/DoomlikeDungeons-Neo/build/resources/main
[07Feb2025 10:13:47.369] [main/DEBUG] [net.neoforged.fml.loading.moddiscovery.ModFileInfo/LOADING]: Found valid mod file main with {dldungeonsjbg} mods - versions {2.0.11-MC1.20.1}
[07Feb2025 10:13:47.369] [main/DEBUG] [net.neoforged.fml.loading.moddiscovery.ModFile/LOADING]: Loading mod file /home/jared/Documents/src/MCMods/1.20.4/DoomlikeDungeons-Neo/build/resources/main with languages [LanguageSpec[languageName=javafml, acceptedVersions=[2,)]]
[07Feb2025 10:13:47.370] [main/DEBUG] [net.neoforged.fml.loading.moddiscovery.ModFileParser/LOADING]: Considering mod file candidate /
[07Feb2025 10:13:47.370] [main/DEBUG] [net.neoforged.fml.loading.moddiscovery.ModFileInfo/LOADING]: Found valid mod file  with {neoforge} mods - versions {20.4.239}
[07Feb2025 10:13:47.370] [main/DEBUG] [net.neoforged.fml.loading.moddiscovery.ModFile/LOADING]: Loading mod file / with languages [LanguageSpec[languageName=javafml, acceptedVersions=[1,]]]
[07Feb2025 10:13:47.372] [main/DEBUG] [net.neoforged.fml.loading.moddiscovery.ModFileParser/LOADING]: Found coremod field_to_method with Javascript path coremods/field_to_method.js
[07Feb2025 10:13:47.372] [main/DEBUG] [net.neoforged.fml.loading.moddiscovery.ModFileParser/LOADING]: Found coremod field_to_instanceof with Javascript path coremods/field_to_instanceof.js
[07Feb2025 10:13:47.372] [main/DEBUG] [net.neoforged.fml.loading.moddiscovery.ModFileParser/LOADING]: Found coremod add_bouncer_method with Javascript path coremods/add_bouncer_method.js
[07Feb2025 10:13:47.372] [main/DEBUG] [net.neoforged.fml.loading.moddiscovery.ModFileParser/LOADING]: Found coremod method_redirector with Javascript path coremods/method_redirector.js
[07Feb2025 10:13:47.372] [main/DEBUG] [net.neoforged.fml.loading.moddiscovery.ModFile/LOADING]: Found coremod coremods/field_to_method.js
[07Feb2025 10:13:47.372] [main/DEBUG] [net.neoforged.fml.loading.moddiscovery.ModFile/LOADING]: Found coremod coremods/field_to_instanceof.js
[07Feb2025 10:13:47.372] [main/DEBUG] [net.neoforged.fml.loading.moddiscovery.ModFile/LOADING]: Found coremod coremods/add_bouncer_method.js
[07Feb2025 10:13:47.372] [main/DEBUG] [net.neoforged.fml.loading.moddiscovery.ModFile/LOADING]: Found coremod coremods/method_redirector.js
[07Feb2025 10:13:47.373] [main/DEBUG] [net.neoforged.fml.loading.moddiscovery.ModFile/LOADING]: Loading mod file  with languages []
[07Feb2025 10:13:47.373] [main/DEBUG] [net.neoforged.fml.loading.moddiscovery.ModValidator/SCAN]: Found 4 mod files with 3 mods
[07Feb2025 10:13:47.373] [main/DEBUG] [cpw.mods.modlauncher.TransformationServiceDecorator/MODLAUNCHER]: End scan trigger - transformation service fml
[07Feb2025 10:13:47.390] [main/DEBUG] [net.neoforged.fml.loading.LanguageLoadingProvider/CORE]: Found 3 language providers
[07Feb2025 10:13:47.391] [main/DEBUG] [net.neoforged.fml.loading.LanguageLoadingProvider/CORE]: Found language provider javafml, version 2.0
[07Feb2025 10:13:47.391] [main/DEBUG] [net.neoforged.fml.loading.LanguageLoadingProvider/CORE]: Found language provider lowcodefml, version 2.0
[07Feb2025 10:13:47.391] [main/DEBUG] [net.neoforged.fml.loading.LanguageLoadingProvider/CORE]: Found language provider minecraft, version 2.0
[07Feb2025 10:13:47.395] [main/DEBUG] [net.neoforged.fml.loading.ModSorter/]: Configured system mods: [minecraft, neoforge]
[07Feb2025 10:13:47.396] [main/DEBUG] [net.neoforged.fml.loading.ModSorter/]: Found system mod: minecraft
[07Feb2025 10:13:47.396] [main/DEBUG] [net.neoforged.fml.loading.ModSorter/]: Found system mod: neoforge
[07Feb2025 10:13:47.404] [main/DEBUG] [net.neoforged.fml.loading.ModSorter/LOADING]: Found 2 mod requirements (2 mandatory, 0 optional)
[07Feb2025 10:13:47.405] [main/DEBUG] [net.neoforged.fml.loading.ModSorter/LOADING]: Found 0 mod requirements missing (0 mandatory, 0 optional)
[07Feb2025 10:13:47.584] [main/DEBUG] [net.neoforged.fml.loading.FMLLoader/SCAN]: Adding Access Transformer in /home/jared/Documents/src/MCMods/1.20.4/DoomlikeDungeons-Neo/.gradle/repositories/ng_dummy_ng/net/neoforged/neoforge/20.4.239/neoforge-20.4.239.jar
[07Feb2025 10:13:47.588] [main/DEBUG] [AXFORM/AXFORM]: Loading access transformer accesstransformer.cfg
[07Feb2025 10:13:47.673] [main/DEBUG] [AXFORM/AXFORM]: Loaded access transformer accesstransformer.cfg
[07Feb2025 10:13:47.674] [main/DEBUG] [net.neoforged.fml.loading.FMLLoader/SCAN]: Adding Access Transformer in /
[07Feb2025 10:13:47.674] [main/DEBUG] [AXFORM/AXFORM]: Loading access transformer accesstransformer.cfg
[07Feb2025 10:13:47.690] [main/DEBUG] [AXFORM/AXFORM]: Loaded access transformer accesstransformer.cfg
[07Feb2025 10:13:47.695] [background-scan-handler-1/DEBUG] [net.neoforged.fml.loading.moddiscovery.MinecraftLocator/SCAN]: Scan started: Mod File: /home/jared/Documents/src/MCMods/1.20.4/DoomlikeDungeons-Neo/build/resources/main
[07Feb2025 10:13:47.695] [background-scan-handler-0/DEBUG] [net.neoforged.fml.loading.moddiscovery.MinecraftLocator/SCAN]: Scan started: Mod File: /home/jared/Documents/src/MCMods/1.20.4/DoomlikeDungeons-Neo/.gradle/repositories/ng_dummy_ng/net/neoforged/neoforge/20.4.239/neoforge-20.4.239.jar
[07Feb2025 10:13:47.695] [background-scan-handler-2/DEBUG] [net.neoforged.fml.loading.moddiscovery.MinecraftLocator/SCAN]: Scan started: Mod File: /
[07Feb2025 10:13:47.696] [main/DEBUG] [cpw.mods.modlauncher.TransformationServicesHandler/MODLAUNCHER]: Transformation services loading transformers
[07Feb2025 10:13:47.697] [main/DEBUG] [cpw.mods.modlauncher.TransformationServiceDecorator/MODLAUNCHER]: Initializing transformers for transformation service mixin
[07Feb2025 10:13:47.697] [main/DEBUG] [cpw.mods.modlauncher.TransformationServiceDecorator/MODLAUNCHER]: Initialized transformers for transformation service mixin
[07Feb2025 10:13:47.697] [main/DEBUG] [cpw.mods.modlauncher.TransformationServiceDecorator/MODLAUNCHER]: Initializing transformers for transformation service mixin-synthetic-package
[07Feb2025 10:13:47.697] [main/DEBUG] [cpw.mods.modlauncher.TransformationServiceDecorator/MODLAUNCHER]: Initialized transformers for transformation service mixin-synthetic-package
[07Feb2025 10:13:47.697] [main/DEBUG] [cpw.mods.modlauncher.TransformationServiceDecorator/MODLAUNCHER]: Initializing transformers for transformation service fml
[07Feb2025 10:13:47.697] [main/DEBUG] [net.neoforged.fml.loading.FMLServiceProvider/CORE]: Loading coremod transformers
[07Feb2025 10:13:47.698] [main/DEBUG] [net.neoforged.coremod.CoreModEngine/COREMOD]: Loading CoreMod from coremods/field_to_method.js
[07Feb2025 10:13:47.726] [background-scan-handler-1/DEBUG] [net.neoforged.fml.loading.moddiscovery.MinecraftLocator/SCAN]: Scan finished: Mod File: /home/jared/Documents/src/MCMods/1.20.4/DoomlikeDungeons-Neo/build/resources/main
[07Feb2025 10:13:47.727] [background-scan-handler-1/DEBUG] [net.neoforged.fml.loading.moddiscovery.Scanner/SCAN]: Scanning /home/jared/Documents/src/MCMods/1.20.4/DoomlikeDungeons-Neo/build/resources/main with language loader javafml
[07Feb2025 10:13:47.728] [background-scan-handler-1/DEBUG] [net.neoforged.fml.javafmlmod.FMLJavaModLanguageProvider/SCAN]: Found @Mod class com.github.xyroc.dldungeons.DLDungeons with id dldungeonsjbg
[07Feb2025 10:13:47.831] [main/DEBUG] [net.neoforged.coremod.CoreModEngine/COREMOD]: CoreMod loaded successfully
[07Feb2025 10:13:47.831] [main/DEBUG] [net.neoforged.coremod.CoreModEngine/COREMOD]: Loading CoreMod from coremods/field_to_instanceof.js
[07Feb2025 10:13:47.876] [main/DEBUG] [net.neoforged.coremod.CoreModEngine/COREMOD]: CoreMod loaded successfully
[07Feb2025 10:13:47.876] [main/DEBUG] [net.neoforged.coremod.CoreModEngine/COREMOD]: Loading CoreMod from coremods/add_bouncer_method.js
[07Feb2025 10:13:47.888] [background-scan-handler-2/DEBUG] [net.neoforged.fml.loading.moddiscovery.MinecraftLocator/SCAN]: Scan finished: Mod File: /
[07Feb2025 10:13:47.889] [background-scan-handler-2/DEBUG] [net.neoforged.fml.loading.moddiscovery.Scanner/SCAN]: Scanning / with language loader javafml
[07Feb2025 10:13:47.889] [background-scan-handler-2/DEBUG] [net.neoforged.fml.javafmlmod.FMLJavaModLanguageProvider/SCAN]: Found @Mod class net.neoforged.neoforge.common.NeoForgeMod with id neoforge
[07Feb2025 10:13:47.907] [main/DEBUG] [net.neoforged.coremod.CoreModEngine/COREMOD]: CoreMod loaded successfully
[07Feb2025 10:13:47.908] [main/DEBUG] [net.neoforged.coremod.CoreModEngine/COREMOD]: Loading CoreMod from coremods/method_redirector.js
[07Feb2025 10:13:47.976] [main/DEBUG] [net.neoforged.coremod.CoreModEngine/COREMOD]: CoreMod loaded successfully
[07Feb2025 10:13:47.985] [main/DEBUG] [cpw.mods.modlauncher.TransformStore/MODLAUNCHER]: Adding transformer net.neoforged.coremod.transformer.CoreModClassTransformer@643d2dae to Target : CLASS {Lnet/minecraft/world/level/biome/Biome;} {} {V}
[07Feb2025 10:13:47.986] [main/DEBUG] [cpw.mods.modlauncher.TransformStore/MODLAUNCHER]: Adding transformer net.neoforged.coremod.transformer.CoreModClassTransformer@7af3874e to Target : CLASS {Lnet/minecraft/world/level/levelgen/structure/Structure;} {} {V}
[07Feb2025 10:13:47.986] [main/DEBUG] [cpw.mods.modlauncher.TransformStore/MODLAUNCHER]: Adding transformer net.neoforged.coremod.transformer.CoreModClassTransformer@5a8816cc to Target : CLASS {Lnet/minecraft/world/level/block/LiquidBlock;} {} {V}
[07Feb2025 10:13:47.986] [main/DEBUG] [cpw.mods.modlauncher.TransformStore/MODLAUNCHER]: Adding transformer net.neoforged.coremod.transformer.CoreModClassTransformer@68565bc7 to Target : CLASS {Lnet/minecraft/world/item/BucketItem;} {} {V}
[07Feb2025 10:13:47.986] [main/DEBUG] [cpw.mods.modlauncher.TransformStore/MODLAUNCHER]: Adding transformer net.neoforged.coremod.transformer.CoreModClassTransformer@37baddde to Target : CLASS {Lnet/minecraft/world/level/block/StairBlock;} {} {V}
[07Feb2025 10:13:47.986] [main/DEBUG] [cpw.mods.modlauncher.TransformStore/MODLAUNCHER]: Adding transformer net.neoforged.coremod.transformer.CoreModClassTransformer@5115f590 to Target : CLASS {Lnet/minecraft/world/level/block/FlowerPotBlock;} {} {V}
[07Feb2025 10:13:47.986] [main/DEBUG] [cpw.mods.modlauncher.TransformStore/MODLAUNCHER]: Adding transformer net.neoforged.coremod.transformer.CoreModClassTransformer@4b31a708 to Target : CLASS {Lnet/minecraft/network/play/client/CClientSettingsPacket;} {} {V}
[07Feb2025 10:13:47.987] [main/DEBUG] [cpw.mods.modlauncher.TransformStore/MODLAUNCHER]: Adding transformer net.neoforged.coremod.transformer.CoreModClassTransformer@11e355ca to Target : CLASS {Lnet/minecraft/world/level/NaturalSpawner;} {} {V}
[07Feb2025 10:13:47.987] [main/DEBUG] [cpw.mods.modlauncher.TransformStore/MODLAUNCHER]: Adding transformer net.neoforged.coremod.transformer.CoreModClassTransformer@11e355ca to Target : CLASS {Lnet/minecraft/world/level/levelgen/PhantomSpawner;} {} {V}
[07Feb2025 10:13:47.987] [main/DEBUG] [cpw.mods.modlauncher.TransformStore/MODLAUNCHER]: Adding transformer net.neoforged.coremod.transformer.CoreModClassTransformer@11e355ca to Target : CLASS {Lnet/minecraft/server/commands/SummonCommand;} {} {V}
[07Feb2025 10:13:47.987] [main/DEBUG] [cpw.mods.modlauncher.TransformStore/MODLAUNCHER]: Adding transformer net.neoforged.coremod.transformer.CoreModClassTransformer@11e355ca to Target : CLASS {Lnet/minecraft/world/entity/animal/frog/Tadpole;} {} {V}
[07Feb2025 10:13:47.987] [main/DEBUG] [cpw.mods.modlauncher.TransformStore/MODLAUNCHER]: Adding transformer net.neoforged.coremod.transformer.CoreModClassTransformer@11e355ca to Target : CLASS {Lnet/minecraft/world/level/levelgen/structure/structures/OceanRuinPieces$OceanRuinPiece;} {} {V}
[07Feb2025 10:13:47.987] [main/DEBUG] [cpw.mods.modlauncher.TransformStore/MODLAUNCHER]: Adding transformer net.neoforged.coremod.transformer.CoreModClassTransformer@11e355ca to Target : CLASS {Lnet/minecraft/world/entity/npc/CatSpawner;} {} {V}
[07Feb2025 10:13:47.987] [main/DEBUG] [cpw.mods.modlauncher.TransformStore/MODLAUNCHER]: Adding transformer net.neoforged.coremod.transformer.CoreModClassTransformer@11e355ca to Target : CLASS {Lnet/minecraft/world/level/levelgen/structure/structures/OceanMonumentPieces$OceanMonumentPiece;} {} {V}
[07Feb2025 10:13:47.987] [main/DEBUG] [cpw.mods.modlauncher.TransformStore/MODLAUNCHER]: Adding transformer net.neoforged.coremod.transformer.CoreModClassTransformer@11e355ca to Target : CLASS {Lnet/minecraft/world/level/levelgen/structure/structures/SwampHutPiece;} {} {V}
[07Feb2025 10:13:47.987] [main/DEBUG] [cpw.mods.modlauncher.TransformStore/MODLAUNCHER]: Adding transformer net.neoforged.coremod.transformer.CoreModClassTransformer@11e355ca to Target : CLASS {Lnet/minecraft/server/commands/RaidCommand;} {} {V}
[07Feb2025 10:13:47.987] [main/DEBUG] [cpw.mods.modlauncher.TransformStore/MODLAUNCHER]: Adding transformer net.neoforged.coremod.transformer.CoreModClassTransformer@11e355ca to Target : CLASS {Lnet/minecraft/world/level/levelgen/structure/templatesystem/StructureTemplate;} {} {V}
[07Feb2025 10:13:47.988] [main/DEBUG] [cpw.mods.modlauncher.TransformStore/MODLAUNCHER]: Adding transformer net.neoforged.coremod.transformer.CoreModClassTransformer@11e355ca to Target : CLASS {Lnet/minecraft/world/entity/npc/Villager;} {} {V}
[07Feb2025 10:13:47.988] [main/DEBUG] [cpw.mods.modlauncher.TransformStore/MODLAUNCHER]: Adding transformer net.neoforged.coremod.transformer.CoreModClassTransformer@11e355ca to Target : CLASS {Lnet/minecraft/world/entity/EntityType;} {} {V}
[07Feb2025 10:13:47.988] [main/DEBUG] [cpw.mods.modlauncher.TransformStore/MODLAUNCHER]: Adding transformer net.neoforged.coremod.transformer.CoreModClassTransformer@11e355ca to Target : CLASS {Lnet/minecraft/world/entity/monster/Evoker$EvokerSummonSpellGoal;} {} {V}
[07Feb2025 10:13:47.988] [main/DEBUG] [cpw.mods.modlauncher.TransformStore/MODLAUNCHER]: Adding transformer net.neoforged.coremod.transformer.CoreModClassTransformer@11e355ca to Target : CLASS {Lnet/minecraft/world/entity/raid/Raid;} {} {V}
[07Feb2025 10:13:47.988] [main/DEBUG] [cpw.mods.modlauncher.TransformStore/MODLAUNCHER]: Adding transformer net.neoforged.coremod.transformer.CoreModClassTransformer@11e355ca to Target : CLASS {Lnet/minecraft/world/entity/monster/ZombieVillager;} {} {V}
[07Feb2025 10:13:47.988] [main/DEBUG] [cpw.mods.modlauncher.TransformStore/MODLAUNCHER]: Adding transformer net.neoforged.coremod.transformer.CoreModClassTransformer@11e355ca to Target : CLASS {Lnet/minecraft/world/entity/monster/Zombie;} {} {V}
[07Feb2025 10:13:47.988] [main/DEBUG] [cpw.mods.modlauncher.TransformStore/MODLAUNCHER]: Adding transformer net.neoforged.coremod.transformer.CoreModClassTransformer@11e355ca to Target : CLASS {Lnet/minecraft/world/level/levelgen/structure/structures/WoodlandMansionPieces$WoodlandMansionPiece;} {} {V}
[07Feb2025 10:13:47.988] [main/DEBUG] [cpw.mods.modlauncher.TransformStore/MODLAUNCHER]: Adding transformer net.neoforged.coremod.transformer.CoreModClassTransformer@11e355ca to Target : CLASS {Lnet/minecraft/world/entity/monster/Spider;} {} {V}
[07Feb2025 10:13:47.988] [main/DEBUG] [cpw.mods.modlauncher.TransformStore/MODLAUNCHER]: Adding transformer net.neoforged.coremod.transformer.CoreModClassTransformer@11e355ca to Target : CLASS {Lnet/minecraft/world/level/levelgen/PatrolSpawner;} {} {V}
[07Feb2025 10:13:47.988] [main/DEBUG] [cpw.mods.modlauncher.TransformStore/MODLAUNCHER]: Adding transformer net.neoforged.coremod.transformer.CoreModClassTransformer@11e355ca to Target : CLASS {Lnet/minecraft/world/entity/ai/village/VillageSiege;} {} {V}
[07Feb2025 10:13:47.989] [main/DEBUG] [cpw.mods.modlauncher.TransformStore/MODLAUNCHER]: Adding transformer net.neoforged.coremod.transformer.CoreModClassTransformer@11e355ca to Target : CLASS {Lnet/minecraft/world/entity/animal/horse/SkeletonTrapGoal;} {} {V}
[07Feb2025 10:13:47.989] [main/DEBUG] [cpw.mods.modlauncher.TransformStore/MODLAUNCHER]: Adding transformer net.neoforged.coremod.transformer.CoreModClassTransformer@11e355ca to Target : CLASS {Lnet/minecraft/world/entity/monster/Strider;} {} {V}
[07Feb2025 10:13:47.989] [main/DEBUG] [cpw.mods.modlauncher.TransformationServiceDecorator/MODLAUNCHER]: Initialized transformers for transformation service fml
[07Feb2025 10:13:48.084] [main/DEBUG] [mixin/]: Processing prepare() for PlatformAgent[MixinPlatformAgentDefault:ModLauncher Root Container(ModLauncher:4f56a0a2)]
[07Feb2025 10:13:48.085] [main/DEBUG] [mixin/]: Processing launch tasks for PlatformAgent[MixinPlatformAgentDefault:ModLauncher Root Container(ModLauncher:4f56a0a2)]
[07Feb2025 10:13:48.085] [main/DEBUG] [mixin/]: Adding mixin platform agents for container SecureJarResource(mixinsynthetic)
[07Feb2025 10:13:48.085] [main/DEBUG] [mixin/]: Instancing new MixinPlatformAgentMinecraftForge for SecureJarResource(mixinsynthetic)
[07Feb2025 10:13:48.085] [main/DEBUG] [mixin/]: MixinPlatformAgentMinecraftForge rejected container SecureJarResource(mixinsynthetic)
[07Feb2025 10:13:48.085] [main/DEBUG] [mixin/]: Instancing new MixinPlatformAgentDefault for SecureJarResource(mixinsynthetic)
[07Feb2025 10:13:48.085] [main/DEBUG] [mixin/]: MixinPlatformAgentDefault accepted container SecureJarResource(mixinsynthetic)
[07Feb2025 10:13:48.085] [main/DEBUG] [mixin/]: Processing prepare() for PlatformAgent[MixinPlatformAgentDefault:SecureJarResource(mixinsynthetic)]
[07Feb2025 10:13:48.085] [main/DEBUG] [mixin/]: Adding mixin platform agents for container SecureJarResource(minecraft)
[07Feb2025 10:13:48.085] [main/DEBUG] [mixin/]: Instancing new MixinPlatformAgentMinecraftForge for SecureJarResource(minecraft)
[07Feb2025 10:13:48.085] [main/DEBUG] [mixin/]: MixinPlatformAgentMinecraftForge rejected container SecureJarResource(minecraft)
[07Feb2025 10:13:48.086] [main/DEBUG] [mixin/]: Instancing new MixinPlatformAgentDefault for SecureJarResource(minecraft)
[07Feb2025 10:13:48.086] [main/DEBUG] [mixin/]: MixinPlatformAgentDefault accepted container SecureJarResource(minecraft)
[07Feb2025 10:13:48.086] [main/DEBUG] [mixin/]: Processing prepare() for PlatformAgent[MixinPlatformAgentDefault:SecureJarResource(minecraft)]
[07Feb2025 10:13:48.086] [main/DEBUG] [mixin/]: Adding mixin platform agents for container SecureJarResource(dldungeonsjbg)
[07Feb2025 10:13:48.086] [main/DEBUG] [mixin/]: Instancing new MixinPlatformAgentMinecraftForge for SecureJarResource(dldungeonsjbg)
[07Feb2025 10:13:48.086] [main/DEBUG] [mixin/]: MixinPlatformAgentMinecraftForge rejected container SecureJarResource(dldungeonsjbg)
[07Feb2025 10:13:48.086] [main/DEBUG] [mixin/]: Instancing new MixinPlatformAgentDefault for SecureJarResource(dldungeonsjbg)
[07Feb2025 10:13:48.086] [main/DEBUG] [mixin/]: MixinPlatformAgentDefault accepted container SecureJarResource(dldungeonsjbg)
[07Feb2025 10:13:48.086] [main/DEBUG] [mixin/]: Processing prepare() for PlatformAgent[MixinPlatformAgentDefault:SecureJarResource(dldungeonsjbg)]
[07Feb2025 10:13:48.086] [main/DEBUG] [mixin/]: Adding mixin platform agents for container SecureJarResource(neoforge)
[07Feb2025 10:13:48.087] [main/DEBUG] [mixin/]: Instancing new MixinPlatformAgentMinecraftForge for SecureJarResource(neoforge)
[07Feb2025 10:13:48.087] [main/DEBUG] [mixin/]: MixinPlatformAgentMinecraftForge rejected container SecureJarResource(neoforge)
[07Feb2025 10:13:48.087] [main/DEBUG] [mixin/]: Instancing new MixinPlatformAgentDefault for SecureJarResource(neoforge)
[07Feb2025 10:13:48.087] [main/DEBUG] [mixin/]: MixinPlatformAgentDefault accepted container SecureJarResource(neoforge)
[07Feb2025 10:13:48.087] [main/DEBUG] [mixin/]: Processing prepare() for PlatformAgent[MixinPlatformAgentDefault:SecureJarResource(neoforge)]
[07Feb2025 10:13:48.087] [main/DEBUG] [mixin/]: Adding mixin platform agents for container SecureJarResource(mixinextras.neoforge)
[07Feb2025 10:13:48.087] [main/DEBUG] [mixin/]: Instancing new MixinPlatformAgentMinecraftForge for SecureJarResource(mixinextras.neoforge)
[07Feb2025 10:13:48.087] [main/DEBUG] [mixin/]: MixinPlatformAgentMinecraftForge rejected container SecureJarResource(mixinextras.neoforge)
[07Feb2025 10:13:48.088] [main/DEBUG] [mixin/]: Instancing new MixinPlatformAgentDefault for SecureJarResource(mixinextras.neoforge)
[07Feb2025 10:13:48.088] [main/DEBUG] [mixin/]: MixinPlatformAgentDefault accepted container SecureJarResource(mixinextras.neoforge)
[07Feb2025 10:13:48.088] [main/DEBUG] [mixin/]: Processing prepare() for PlatformAgent[MixinPlatformAgentDefault:SecureJarResource(mixinextras.neoforge)]
[07Feb2025 10:13:48.088] [main/DEBUG] [mixin/]: Registering mixin config: mixinextras.init.mixins.json
[07Feb2025 10:13:48.112] [main/DEBUG] [mixin/]: inject() running with 6 agents
[07Feb2025 10:13:48.112] [main/DEBUG] [mixin/]: Processing inject() for PlatformAgent[MixinPlatformAgentDefault:ModLauncher Root Container(ModLauncher:4f56a0a2)]
[07Feb2025 10:13:48.112] [main/DEBUG] [mixin/]: Processing inject() for PlatformAgent[MixinPlatformAgentDefault:SecureJarResource(mixinsynthetic)]
[07Feb2025 10:13:48.112] [main/DEBUG] [mixin/]: Processing inject() for PlatformAgent[MixinPlatformAgentDefault:SecureJarResource(minecraft)]
[07Feb2025 10:13:48.112] [main/DEBUG] [mixin/]: Processing inject() for PlatformAgent[MixinPlatformAgentDefault:SecureJarResource(dldungeonsjbg)]
[07Feb2025 10:13:48.112] [main/DEBUG] [mixin/]: Processing inject() for PlatformAgent[MixinPlatformAgentDefault:SecureJarResource(neoforge)]
[07Feb2025 10:13:48.112] [main/DEBUG] [mixin/]: Processing inject() for PlatformAgent[MixinPlatformAgentDefault:SecureJarResource(mixinextras.neoforge)]
[07Feb2025 10:13:48.113] [main/INFO] [cpw.mods.modlauncher.LaunchServiceHandler/MODLAUNCHER]: Launching target 'forgeclientuserdev' with arguments [--version, 20.4.239, --gameDir, ., --assetsDir, /home/jared/.gradle/caches/minecraft/assets/1.20.4, --assetIndex, asset-index]
[07Feb2025 10:13:48.127] [main/DEBUG] [mixin/]: Error cleaning class output directory: .mixin.out
[07Feb2025 10:13:48.129] [main/DEBUG] [mixin/]: Preparing mixins for MixinEnvironment[DEFAULT]
[07Feb2025 10:13:48.129] [main/DEBUG] [mixin/]: Selecting config mixinextras.init.mixins.json
[07Feb2025 10:13:48.147] [main/DEBUG] [MixinExtras|Service/]: com.llamalad7.mixinextras.service.MixinExtrasServiceImpl(version=0.3.5) is taking over from null
[07Feb2025 10:13:48.175] [main/DEBUG] [mixin/]: Registering new injector for @Inject with org.spongepowered.asm.mixin.injection.struct.CallbackInjectionInfo
[07Feb2025 10:13:48.177] [main/DEBUG] [mixin/]: Registering new injector for @ModifyArg with org.spongepowered.asm.mixin.injection.struct.ModifyArgInjectionInfo
[07Feb2025 10:13:48.178] [main/DEBUG] [mixin/]: Registering new injector for @ModifyArgs with org.spongepowered.asm.mixin.injection.struct.ModifyArgsInjectionInfo
[07Feb2025 10:13:48.179] [main/DEBUG] [mixin/]: Registering new injector for @Redirect with org.spongepowered.asm.mixin.injection.struct.RedirectInjectionInfo
[07Feb2025 10:13:48.179] [main/DEBUG] [mixin/]: Registering new injector for @ModifyVariable with org.spongepowered.asm.mixin.injection.struct.ModifyVariableInjectionInfo
[07Feb2025 10:13:48.180] [main/DEBUG] [mixin/]: Registering new injector for @ModifyConstant with org.spongepowered.asm.mixin.injection.struct.ModifyConstantInjectionInfo
[07Feb2025 10:13:48.191] [main/DEBUG] [mixin/]: Preparing mixinextras.init.mixins.json (0)
[07Feb2025 10:13:48.193] [main/DEBUG] [net.neoforged.fml.common.asm.RuntimeDistCleaner/DISTXFORM]: Removing Class Annotation: net/minecraft/client/gui/screens/LoadingOverlay @Lnet/neoforged/api/distmarker/OnlyIn;
[07Feb2025 10:13:48.195] [main/DEBUG] [net.neoforged.fml.common.asm.RuntimeDistCleaner/DISTXFORM]: Removing Class Annotation: net/minecraft/client/gui/screens/Overlay @Lnet/neoforged/api/distmarker/OnlyIn;
[07Feb2025 10:13:48.196] [main/DEBUG] [net.neoforged.fml.common.asm.RuntimeDistCleaner/DISTXFORM]: Removing Class Annotation: net/minecraft/client/gui/components/Renderable @Lnet/neoforged/api/distmarker/OnlyIn;
[07Feb2025 10:13:48.197] [main/DEBUG] [net.neoforged.fml.common.asm.RuntimeDistCleaner/DISTXFORM]: Removing Class Annotation: net/minecraft/client/renderer/texture/AbstractTexture @Lnet/neoforged/api/distmarker/OnlyIn;
[07Feb2025 10:13:48.198] [main/DEBUG] [net.neoforged.fml.common.asm.RuntimeDistCleaner/DISTXFORM]: Removing Class Annotation: net/minecraft/client/gui/screens/LoadingOverlay$LogoTexture @Lnet/neoforged/api/distmarker/OnlyIn;
[07Feb2025 10:13:48.198] [main/DEBUG] [net.neoforged.fml.common.asm.RuntimeDistCleaner/DISTXFORM]: Removing Class Annotation: net/minecraft/client/renderer/texture/SimpleTexture @Lnet/neoforged/api/distmarker/OnlyIn;
[07Feb2025 10:13:48.199] [main/DEBUG] [net.neoforged.fml.common.asm.RuntimeDistCleaner/DISTXFORM]: Removing Class Annotation: com/mojang/blaze3d/vertex/BufferVertexConsumer @Lnet/neoforged/api/distmarker/OnlyIn;
[07Feb2025 10:13:48.200] [main/DEBUG] [net.neoforged.fml.common.asm.RuntimeDistCleaner/DISTXFORM]: Removing Class Annotation: com/mojang/blaze3d/vertex/VertexConsumer @Lnet/neoforged/api/distmarker/OnlyIn;
[07Feb2025 10:13:48.204] [main/DEBUG] [net.neoforged.fml.common.asm.RuntimeDistCleaner/DISTXFORM]: Removing Class Annotation: net/minecraft/client/gui/GuiGraphics @Lnet/neoforged/api/distmarker/OnlyIn;
[07Feb2025 10:13:48.215] [main/DEBUG] [net.neoforged.accesstransformer.AccessTransformer/AXFORM]: Transforming net.minecraft.client.Minecraft FIELD textureManager to access PUBLIC and LEAVE
[07Feb2025 10:13:48.216] [main/DEBUG] [net.neoforged.accesstransformer.AccessTransformer/AXFORM]: Transforming net.minecraft.client.Minecraft METHOD createSearchTrees()V to access PUBLIC and LEAVE
[07Feb2025 10:13:48.216] [main/DEBUG] [net.neoforged.fml.common.asm.RuntimeDistCleaner/DISTXFORM]: Removing Class Annotation: net/minecraft/client/Minecraft @Lnet/neoforged/api/distmarker/OnlyIn;
[07Feb2025 10:13:48.229] [main/DEBUG] [net.neoforged.fml.common.asm.RuntimeDistCleaner/DISTXFORM]: Removing Class Annotation: com/mojang/blaze3d/platform/WindowEventHandler @Lnet/neoforged/api/distmarker/OnlyIn;
[07Feb2025 10:13:48.232] [main/DEBUG] [net.neoforged.accesstransformer.AccessTransformer/AXFORM]: Transforming net.minecraft.util.thread.BlockableEventLoop METHOD submitAsync(Ljava/lang/Runnable;)Ljava/util/concurrent/CompletableFuture; to access PUBLIC and LEAVE
[07Feb2025 10:13:48.468] [main/DEBUG] [io.netty.util.internal.logging.InternalLoggerFactory/]: Using SLF4J as the default logging framework
[07Feb2025 10:13:48.469] [main/DEBUG] [io.netty.util.ResourceLeakDetector/]: -Dio.netty.leakDetection.level: simple
[07Feb2025 10:13:48.469] [main/DEBUG] [io.netty.util.ResourceLeakDetector/]: -Dio.netty.leakDetection.targetRecords: 4
[07Feb2025 10:13:48.537] [main/DEBUG] [oshi.util.FileUtil/]: No oshi.properties file found from ClassLoader cpw.mods.modlauncher.TransformingClassLoader@575e572f
[07Feb2025 10:13:48.594] [main/DEBUG] [oshi.util.FileUtil/]: Reading file /proc/self/auxv
[07Feb2025 10:13:48.594] [main/DEBUG] [oshi.util.FileUtil/]: Reading file /proc/self/auxv
[07Feb2025 10:13:48.601] [main/DEBUG] [oshi.util.FileUtil/]: Reading file /proc/stat
[07Feb2025 10:13:48.606] [main/DEBUG] [oshi.util.FileUtil/]: Reading file /sys/devices/system/cpu/cpu0/topology/core_id
[07Feb2025 10:13:48.606] [main/DEBUG] [oshi.util.FileUtil/]: Reading file /sys/devices/system/cpu/cpu0/topology/core_id
[07Feb2025 10:13:48.607] [main/DEBUG] [oshi.util.FileUtil/]: Reading file /sys/devices/system/cpu/cpu0/topology/physical_package_id
[07Feb2025 10:13:48.607] [main/DEBUG] [oshi.util.FileUtil/]: Reading file /sys/devices/system/cpu/cpu0/topology/physical_package_id
[07Feb2025 10:13:48.607] [main/DEBUG] [oshi.util.FileUtil/]: Reading file /sys/devices/system/cpu/cpu0/cpu_capacity
[07Feb2025 10:13:48.608] [main/DEBUG] [oshi.util.FileUtil/]: Reading file /sys/devices/system/cpu/cpu0/cache/index2/level
[07Feb2025 10:13:48.609] [main/DEBUG] [oshi.util.FileUtil/]: Reading file /sys/devices/system/cpu/cpu0/cache/index2/level
[07Feb2025 10:13:48.609] [main/DEBUG] [oshi.util.FileUtil/]: Reading file /sys/devices/system/cpu/cpu0/cache/index2/type
[07Feb2025 10:13:48.609] [main/DEBUG] [oshi.util.FileUtil/]: Reading file /sys/devices/system/cpu/cpu0/cache/index2/type
[07Feb2025 10:13:48.609] [main/DEBUG] [oshi.util.FileUtil/]: Reading file /sys/devices/system/cpu/cpu0/cache/index2/ways_of_associativity
[07Feb2025 10:13:48.609] [main/DEBUG] [oshi.util.FileUtil/]: Reading file /sys/devices/system/cpu/cpu0/cache/index2/ways_of_associativity
[07Feb2025 10:13:48.609] [main/DEBUG] [oshi.util.FileUtil/]: Reading file /sys/devices/system/cpu/cpu0/cache/index2/coherency_line_size
[07Feb2025 10:13:48.610] [main/DEBUG] [oshi.util.FileUtil/]: Reading file /sys/devices/system/cpu/cpu0/cache/index2/coherency_line_size
[07Feb2025 10:13:48.610] [main/DEBUG] [oshi.util.FileUtil/]: Reading file /sys/devices/system/cpu/cpu0/cache/index2/size
[07Feb2025 10:13:48.610] [main/DEBUG] [oshi.util.FileUtil/]: Reading file /sys/devices/system/cpu/cpu0/cache/index2/size
[07Feb2025 10:13:48.610] [main/DEBUG] [oshi.util.FileUtil/]: Reading file /sys/devices/system/cpu/cpu0/cache/index0/level
[07Feb2025 10:13:48.611] [main/DEBUG] [oshi.util.FileUtil/]: Reading file /sys/devices/system/cpu/cpu0/cache/index0/level
[07Feb2025 10:13:48.611] [main/DEBUG] [oshi.util.FileUtil/]: Reading file /sys/devices/system/cpu/cpu0/cache/index0/type
[07Feb2025 10:13:48.611] [main/DEBUG] [oshi.util.FileUtil/]: Reading file /sys/devices/system/cpu/cpu0/cache/index0/type
[07Feb2025 10:13:48.611] [main/DEBUG] [oshi.util.FileUtil/]: Reading file /sys/devices/system/cpu/cpu0/cache/index0/ways_of_associativity
[07Feb2025 10:13:48.611] [main/DEBUG] [oshi.util.FileUtil/]: Reading file /sys/devices/system/cpu/cpu0/cache/index0/ways_of_associativity
[07Feb2025 10:13:48.611] [main/DEBUG] [oshi.util.FileUtil/]: Reading file /sys/devices/system/cpu/cpu0/cache/index0/coherency_line_size
[07Feb2025 10:13:48.612] [main/DEBUG] [oshi.util.FileUtil/]: Reading file /sys/devices/system/cpu/cpu0/cache/index0/coherency_line_size
[07Feb2025 10:13:48.612] [main/DEBUG] [oshi.util.FileUtil/]: Reading file /sys/devices/system/cpu/cpu0/cache/index0/size
[07Feb2025 10:13:48.612] [main/DEBUG] [oshi.util.FileUtil/]: Reading file /sys/devices/system/cpu/cpu0/cache/index0/size
[07Feb2025 10:13:48.612] [main/DEBUG] [oshi.util.FileUtil/]: Reading file /sys/devices/system/cpu/cpu0/cache/index3/level
[07Feb2025 10:13:48.612] [main/DEBUG] [oshi.util.FileUtil/]: Reading file /sys/devices/system/cpu/cpu0/cache/index3/level
[07Feb2025 10:13:48.612] [main/DEBUG] [oshi.util.FileUtil/]: Reading file /sys/devices/system/cpu/cpu0/cache/index3/type
[07Feb2025 10:13:48.612] [main/DEBUG] [oshi.util.FileUtil/]: Reading file /sys/devices/system/cpu/cpu0/cache/index3/type
[07Feb2025 10:13:48.612] [main/DEBUG] [oshi.util.FileUtil/]: Reading file /sys/devices/system/cpu/cpu0/cache/index3/ways_of_associativity
[07Feb2025 10:13:48.612] [main/DEBUG] [oshi.util.FileUtil/]: Reading file /sys/devices/system/cpu/cpu0/cache/index3/ways_of_associativity
[07Feb2025 10:13:48.613] [main/DEBUG] [oshi.util.FileUtil/]: Reading file /sys/devices/system/cpu/cpu0/cache/index3/coherency_line_size
[07Feb2025 10:13:48.613] [main/DEBUG] [oshi.util.FileUtil/]: Reading file /sys/devices/system/cpu/cpu0/cache/index3/coherency_line_size
[07Feb2025 10:13:48.613] [main/DEBUG] [oshi.util.FileUtil/]: Reading file /sys/devices/system/cpu/cpu0/cache/index3/size
[07Feb2025 10:13:48.613] [main/DEBUG] [oshi.util.FileUtil/]: Reading file /sys/devices/system/cpu/cpu0/cache/index3/size
[07Feb2025 10:13:48.613] [main/DEBUG] [oshi.util.FileUtil/]: Reading file /sys/devices/system/cpu/cpu0/cache/index1/level
[07Feb2025 10:13:48.613] [main/DEBUG] [oshi.util.FileUtil/]: Reading file /sys/devices/system/cpu/cpu0/cache/index1/level
[07Feb2025 10:13:48.613] [main/DEBUG] [oshi.util.FileUtil/]: Reading file /sys/devices/system/cpu/cpu0/cache/index1/type
[07Feb2025 10:13:48.613] [main/DEBUG] [oshi.util.FileUtil/]: Reading file /sys/devices/system/cpu/cpu0/cache/index1/type
[07Feb2025 10:13:48.613] [main/DEBUG] [oshi.util.FileUtil/]: Reading file /sys/devices/system/cpu/cpu0/cache/index1/ways_of_associativity
[07Feb2025 10:13:48.614] [main/DEBUG] [oshi.util.FileUtil/]: Reading file /sys/devices/system/cpu/cpu0/cache/index1/ways_of_associativity
[07Feb2025 10:13:48.614] [main/DEBUG] [oshi.util.FileUtil/]: Reading file /sys/devices/system/cpu/cpu0/cache/index1/coherency_line_size
[07Feb2025 10:13:48.614] [main/DEBUG] [oshi.util.FileUtil/]: Reading file /sys/devices/system/cpu/cpu0/cache/index1/coherency_line_size
[07Feb2025 10:13:48.614] [main/DEBUG] [oshi.util.FileUtil/]: Reading file /sys/devices/system/cpu/cpu0/cache/index1/size
[07Feb2025 10:13:48.614] [main/DEBUG] [oshi.util.FileUtil/]: Reading file /sys/devices/system/cpu/cpu0/cache/index1/size
[07Feb2025 10:13:48.615] [main/DEBUG] [oshi.util.FileUtil/]: Reading file /sys/devices/system/cpu/cpu1/topology/core_id
[07Feb2025 10:13:48.615] [main/DEBUG] [oshi.util.FileUtil/]: Reading file /sys/devices/system/cpu/cpu1/topology/core_id
[07Feb2025 10:13:48.615] [main/DEBUG] [oshi.util.FileUtil/]: Reading file /sys/devices/system/cpu/cpu1/topology/physical_package_id
[07Feb2025 10:13:48.615] [main/DEBUG] [oshi.util.FileUtil/]: Reading file /sys/devices/system/cpu/cpu1/topology/physical_package_id
[07Feb2025 10:13:48.615] [main/DEBUG] [oshi.util.FileUtil/]: Reading file /sys/devices/system/cpu/cpu1/cpu_capacity
[07Feb2025 10:13:48.615] [main/DEBUG] [oshi.util.FileUtil/]: Reading file /sys/devices/system/cpu/cpu1/cache/index2/level
[07Feb2025 10:13:48.615] [main/DEBUG] [oshi.util.FileUtil/]: Reading file /sys/devices/system/cpu/cpu1/cache/index2/level
[07Feb2025 10:13:48.615] [main/DEBUG] [oshi.util.FileUtil/]: Reading file /sys/devices/system/cpu/cpu1/cache/index2/type
[07Feb2025 10:13:48.616] [main/DEBUG] [oshi.util.FileUtil/]: Reading file /sys/devices/system/cpu/cpu1/cache/index2/type
[07Feb2025 10:13:48.616] [main/DEBUG] [oshi.util.FileUtil/]: Reading file /sys/devices/system/cpu/cpu1/cache/index2/ways_of_associativity
[07Feb2025 10:13:48.616] [main/DEBUG] [oshi.util.FileUtil/]: Reading file /sys/devices/system/cpu/cpu1/cache/index2/ways_of_associativity
[07Feb2025 10:13:48.616] [main/DEBUG] [oshi.util.FileUtil/]: Reading file /sys/devices/system/cpu/cpu1/cache/index2/coherency_line_size
[07Feb2025 10:13:48.616] [main/DEBUG] [oshi.util.FileUtil/]: Reading file /sys/devices/system/cpu/cpu1/cache/index2/coherency_line_size
[07Feb2025 10:13:48.616] [main/DEBUG] [oshi.util.FileUtil/]: Reading file /sys/devices/system/cpu/cpu1/cache/index2/size
[07Feb2025 10:13:48.616] [main/DEBUG] [oshi.util.FileUtil/]: Reading file /sys/devices/system/cpu/cpu1/cache/index2/size
[07Feb2025 10:13:48.617] [main/DEBUG] [oshi.util.FileUtil/]: Reading file /sys/devices/system/cpu/cpu1/cache/index0/level
[07Feb2025 10:13:48.617] [main/DEBUG] [oshi.util.FileUtil/]: Reading file /sys/devices/system/cpu/cpu1/cache/index0/level
[07Feb2025 10:13:48.617] [main/DEBUG] [oshi.util.FileUtil/]: Reading file /sys/devices/system/cpu/cpu1/cache/index0/type
[07Feb2025 10:13:48.617] [main/DEBUG] [oshi.util.FileUtil/]: Reading file /sys/devices/system/cpu/cpu1/cache/index0/type
[07Feb2025 10:13:48.617] [main/DEBUG] [oshi.util.FileUtil/]: Reading file /sys/devices/system/cpu/cpu1/cache/index0/ways_of_associativity
[07Feb2025 10:13:48.617] [main/DEBUG] [oshi.util.FileUtil/]: Reading file /sys/devices/system/cpu/cpu1/cache/index0/ways_of_associativity
[07Feb2025 10:13:48.618] [main/DEBUG] [oshi.util.FileUtil/]: Reading file /sys/devices/system/cpu/cpu1/cache/index0/coherency_line_size
[07Feb2025 10:13:48.618] [main/DEBUG] [oshi.util.FileUtil/]: Reading file /sys/devices/system/cpu/cpu1/cache/index0/coherency_line_size
[07Feb2025 10:13:48.618] [main/DEBUG] [oshi.util.FileUtil/]: Reading file /sys/devices/system/cpu/cpu1/cache/index0/size
[07Feb2025 10:13:48.618] [main/DEBUG] [oshi.util.FileUtil/]: Reading file /sys/devices/system/cpu/cpu1/cache/index0/size
[07Feb2025 10:13:48.618] [main/DEBUG] [oshi.util.FileUtil/]: Reading file /sys/devices/system/cpu/cpu1/cache/index3/level
[07Feb2025 10:13:48.618] [main/DEBUG] [oshi.util.FileUtil/]: Reading file /sys/devices/system/cpu/cpu1/cache/index3/level
[07Feb2025 10:13:48.618] [main/DEBUG] [oshi.util.FileUtil/]: Reading file /sys/devices/system/cpu/cpu1/cache/index3/type
[07Feb2025 10:13:48.618] [main/DEBUG] [oshi.util.FileUtil/]: Reading file /sys/devices/system/cpu/cpu1/cache/index3/type
[07Feb2025 10:13:48.619] [main/DEBUG] [oshi.util.FileUtil/]: Reading file /sys/devices/system/cpu/cpu1/cache/index3/ways_of_associativity
[07Feb2025 10:13:48.619] [main/DEBUG] [oshi.util.FileUtil/]: Reading file /sys/devices/system/cpu/cpu1/cache/index3/ways_of_associativity
[07Feb2025 10:13:48.619] [main/DEBUG] [oshi.util.FileUtil/]: Reading file /sys/devices/system/cpu/cpu1/cache/index3/coherency_line_size
[07Feb2025 10:13:48.619] [main/DEBUG] [oshi.util.FileUtil/]: Reading file /sys/devices/system/cpu/cpu1/cache/index3/coherency_line_size
[07Feb2025 10:13:48.619] [main/DEBUG] [oshi.util.FileUtil/]: Reading file /sys/devices/system/cpu/cpu1/cache/index3/size
[07Feb2025 10:13:48.619] [main/DEBUG] [oshi.util.FileUtil/]: Reading file /sys/devices/system/cpu/cpu1/cache/index3/size
[07Feb2025 10:13:48.619] [main/DEBUG] [oshi.util.FileUtil/]: Reading file /sys/devices/system/cpu/cpu1/cache/index1/level
[07Feb2025 10:13:48.619] [main/DEBUG] [oshi.util.FileUtil/]: Reading file /sys/devices/system/cpu/cpu1/cache/index1/level
[07Feb2025 10:13:48.619] [main/DEBUG] [oshi.util.FileUtil/]: Reading file /sys/devices/system/cpu/cpu1/cache/index1/type
[07Feb2025 10:13:48.620] [main/DEBUG] [oshi.util.FileUtil/]: Reading file /sys/devices/system/cpu/cpu1/cache/index1/type
[07Feb2025 10:13:48.620] [main/DEBUG] [oshi.util.FileUtil/]: Reading file /sys/devices/system/cpu/cpu1/cache/index1/ways_of_associativity
[07Feb2025 10:13:48.620] [main/DEBUG] [oshi.util.FileUtil/]: Reading file /sys/devices/system/cpu/cpu1/cache/index1/ways_of_associativity
[07Feb2025 10:13:48.620] [main/DEBUG] [oshi.util.FileUtil/]: Reading file /sys/devices/system/cpu/cpu1/cache/index1/coherency_line_size
[07Feb2025 10:13:48.620] [main/DEBUG] [oshi.util.FileUtil/]: Reading file /sys/devices/system/cpu/cpu1/cache/index1/coherency_line_size
[07Feb2025 10:13:48.620] [main/DEBUG] [oshi.util.FileUtil/]: Reading file /sys/devices/system/cpu/cpu1/cache/index1/size
[07Feb2025 10:13:48.620] [main/DEBUG] [oshi.util.FileUtil/]: Reading file /sys/devices/system/cpu/cpu1/cache/index1/size
[07Feb2025 10:13:48.620] [main/DEBUG] [oshi.util.FileUtil/]: Reading file /sys/devices/system/cpu/cpu10/topology/core_id
[07Feb2025 10:13:48.620] [main/DEBUG] [oshi.util.FileUtil/]: Reading file /sys/devices/system/cpu/cpu10/topology/core_id
[07Feb2025 10:13:48.621] [main/DEBUG] [oshi.util.FileUtil/]: Reading file /sys/devices/system/cpu/cpu10/topology/physical_package_id
[07Feb2025 10:13:48.621] [main/DEBUG] [oshi.util.FileUtil/]: Reading file /sys/devices/system/cpu/cpu10/topology/physical_package_id
[07Feb2025 10:13:48.621] [main/DEBUG] [oshi.util.FileUtil/]: Reading file /sys/devices/system/cpu/cpu10/cpu_capacity
[07Feb2025 10:13:48.621] [main/DEBUG] [oshi.util.FileUtil/]: Reading file /sys/devices/system/cpu/cpu10/cache/index2/level
[07Feb2025 10:13:48.621] [main/DEBUG] [oshi.util.FileUtil/]: Reading file /sys/devices/system/cpu/cpu10/cache/index2/level
[07Feb2025 10:13:48.621] [main/DEBUG] [oshi.util.FileUtil/]: Reading file /sys/devices/system/cpu/cpu10/cache/index2/type
[07Feb2025 10:13:48.621] [main/DEBUG] [oshi.util.FileUtil/]: Reading file /sys/devices/system/cpu/cpu10/cache/index2/type
[07Feb2025 10:13:48.621] [main/DEBUG] [oshi.util.FileUtil/]: Reading file /sys/devices/system/cpu/cpu10/cache/index2/ways_of_associativity
[07Feb2025 10:13:48.621] [main/DEBUG] [oshi.util.FileUtil/]: Reading file /sys/devices/system/cpu/cpu10/cache/index2/ways_of_associativity
[07Feb2025 10:13:48.621] [main/DEBUG] [oshi.util.FileUtil/]: Reading file /sys/devices/system/cpu/cpu10/cache/index2/coherency_line_size
[07Feb2025 10:13:48.621] [main/DEBUG] [oshi.util.FileUtil/]: Reading file /sys/devices/system/cpu/cpu10/cache/index2/coherency_line_size
[07Feb2025 10:13:48.622] [main/DEBUG] [oshi.util.FileUtil/]: Reading file /sys/devices/system/cpu/cpu10/cache/index2/size
[07Feb2025 10:13:48.622] [main/DEBUG] [oshi.util.FileUtil/]: Reading file /sys/devices/system/cpu/cpu10/cache/index2/size
[07Feb2025 10:13:48.622] [main/DEBUG] [oshi.util.FileUtil/]: Reading file /sys/devices/system/cpu/cpu10/cache/index0/level
[07Feb2025 10:13:48.622] [main/DEBUG] [oshi.util.FileUtil/]: Reading file /sys/devices/system/cpu/cpu10/cache/index0/level
[07Feb2025 10:13:48.622] [main/DEBUG] [oshi.util.FileUtil/]: Reading file /sys/devices/system/cpu/cpu10/cache/index0/type
[07Feb2025 10:13:48.622] [main/DEBUG] [oshi.util.FileUtil/]: Reading file /sys/devices/system/cpu/cpu10/cache/index0/type
[07Feb2025 10:13:48.622] [main/DEBUG] [oshi.util.FileUtil/]: Reading file /sys/devices/system/cpu/cpu10/cache/index0/ways_of_associativity
[07Feb2025 10:13:48.622] [main/DEBUG] [oshi.util.FileUtil/]: Reading file /sys/devices/system/cpu/cpu10/cache/index0/ways_of_associativity
[07Feb2025 10:13:48.622] [main/DEBUG] [oshi.util.FileUtil/]: Reading file /sys/devices/system/cpu/cpu10/cache/index0/coherency_line_size
[07Feb2025 10:13:48.622] [main/DEBUG] [oshi.util.FileUtil/]: Reading file /sys/devices/system/cpu/cpu10/cache/index0/coherency_line_size
[07Feb2025 10:13:48.622] [main/DEBUG] [oshi.util.FileUtil/]: Reading file /sys/devices/system/cpu/cpu10/cache/index0/size
[07Feb2025 10:13:48.622] [main/DEBUG] [oshi.util.FileUtil/]: Reading file /sys/devices/system/cpu/cpu10/cache/index0/size
[07Feb2025 10:13:48.623] [main/DEBUG] [oshi.util.FileUtil/]: Reading file /sys/devices/system/cpu/cpu10/cache/index3/level
[07Feb2025 10:13:48.623] [main/DEBUG] [oshi.util.FileUtil/]: Reading file /sys/devices/system/cpu/cpu10/cache/index3/level
[07Feb2025 10:13:48.623] [main/DEBUG] [oshi.util.FileUtil/]: Reading file /sys/devices/system/cpu/cpu10/cache/index3/type
[07Feb2025 10:13:48.623] [main/DEBUG] [oshi.util.FileUtil/]: Reading file /sys/devices/system/cpu/cpu10/cache/index3/type
[07Feb2025 10:13:48.623] [main/DEBUG] [oshi.util.FileUtil/]: Reading file /sys/devices/system/cpu/cpu10/cache/index3/ways_of_associativity
[07Feb2025 10:13:48.623] [main/DEBUG] [oshi.util.FileUtil/]: Reading file /sys/devices/system/cpu/cpu10/cache/index3/ways_of_associativity
[07Feb2025 10:13:48.623] [main/DEBUG] [oshi.util.FileUtil/]: Reading file /sys/devices/system/cpu/cpu10/cache/index3/coherency_line_size
[07Feb2025 10:13:48.623] [main/DEBUG] [oshi.util.FileUtil/]: Reading file /sys/devices/system/cpu/cpu10/cache/index3/coherency_line_size
[07Feb2025 10:13:48.623] [main/DEBUG] [oshi.util.FileUtil/]: Reading file /sys/devices/system/cpu/cpu10/cache/index3/size
[07Feb2025 10:13:48.624] [main/DEBUG] [oshi.util.FileUtil/]: Reading file /sys/devices/system/cpu/cpu10/cache/index3/size
[07Feb2025 10:13:48.624] [main/DEBUG] [oshi.util.FileUtil/]: Reading file /sys/devices/system/cpu/cpu10/cache/index1/level
[07Feb2025 10:13:48.624] [main/DEBUG] [oshi.util.FileUtil/]: Reading file /sys/devices/system/cpu/cpu10/cache/index1/level
[07Feb2025 10:13:48.624] [main/DEBUG] [oshi.util.FileUtil/]: Reading file /sys/devices/system/cpu/cpu10/cache/index1/type
[07Feb2025 10:13:48.624] [main/DEBUG] [oshi.util.FileUtil/]: Reading file /sys/devices/system/cpu/cpu10/cache/index1/type
[07Feb2025 10:13:48.624] [main/DEBUG] [oshi.util.FileUtil/]: Reading file /sys/devices/system/cpu/cpu10/cache/index1/ways_of_associativity
[07Feb2025 10:13:48.624] [main/DEBUG] [oshi.util.FileUtil/]: Reading file /sys/devices/system/cpu/cpu10/cache/index1/ways_of_associativity
[07Feb2025 10:13:48.624] [main/DEBUG] [oshi.util.FileUtil/]: Reading file /sys/devices/system/cpu/cpu10/cache/index1/coherency_line_size
[07Feb2025 10:13:48.624] [main/DEBUG] [oshi.util.FileUtil/]: Reading file /sys/devices/system/cpu/cpu10/cache/index1/coherency_line_size
[07Feb2025 10:13:48.624] [main/DEBUG] [oshi.util.FileUtil/]: Reading file /sys/devices/system/cpu/cpu10/cache/index1/size
[07Feb2025 10:13:48.624] [main/DEBUG] [oshi.util.FileUtil/]: Reading file /sys/devices/system/cpu/cpu10/cache/index1/size
[07Feb2025 10:13:48.625] [main/DEBUG] [oshi.util.FileUtil/]: Reading file /sys/devices/system/cpu/cpu11/topology/core_id
[07Feb2025 10:13:48.625] [main/DEBUG] [oshi.util.FileUtil/]: Reading file /sys/devices/system/cpu/cpu11/topology/core_id
[07Feb2025 10:13:48.625] [main/DEBUG] [oshi.util.FileUtil/]: Reading file /sys/devices/system/cpu/cpu11/topology/physical_package_id
[07Feb2025 10:13:48.625] [main/DEBUG] [oshi.util.FileUtil/]: Reading file /sys/devices/system/cpu/cpu11/topology/physical_package_id
[07Feb2025 10:13:48.625] [main/DEBUG] [oshi.util.FileUtil/]: Reading file /sys/devices/system/cpu/cpu11/cpu_capacity
[07Feb2025 10:13:48.625] [main/DEBUG] [oshi.util.FileUtil/]: Reading file /sys/devices/system/cpu/cpu11/cache/index2/level
[07Feb2025 10:13:48.626] [main/DEBUG] [oshi.util.FileUtil/]: Reading file /sys/devices/system/cpu/cpu11/cache/index2/level
[07Feb2025 10:13:48.626] [main/DEBUG] [oshi.util.FileUtil/]: Reading file /sys/devices/system/cpu/cpu11/cache/index2/type
[07Feb2025 10:13:48.626] [main/DEBUG] [oshi.util.FileUtil/]: Reading file /sys/devices/system/cpu/cpu11/cache/index2/type
[07Feb2025 10:13:48.626] [main/DEBUG] [oshi.util.FileUtil/]: Reading file /sys/devices/system/cpu/cpu11/cache/index2/ways_of_associativity
[07Feb2025 10:13:48.626] [main/DEBUG] [oshi.util.FileUtil/]: Reading file /sys/devices/system/cpu/cpu11/cache/index2/ways_of_associativity
[07Feb2025 10:13:48.626] [main/DEBUG] [oshi.util.FileUtil/]: Reading file /sys/devices/system/cpu/cpu11/cache/index2/coherency_line_size
[07Feb2025 10:13:48.626] [main/DEBUG] [oshi.util.FileUtil/]: Reading file /sys/devices/system/cpu/cpu11/cache/index2/coherency_line_size
[07Feb2025 10:13:48.626] [main/DEBUG] [oshi.util.FileUtil/]: Reading file /sys/devices/system/cpu/cpu11/cache/index2/size
[07Feb2025 10:13:48.626] [main/DEBUG] [oshi.util.FileUtil/]: Reading file /sys/devices/system/cpu/cpu11/cache/index2/size
[07Feb2025 10:13:48.626] [main/DEBUG] [oshi.util.FileUtil/]: Reading file /sys/devices/system/cpu/cpu11/cache/index0/level
[07Feb2025 10:13:48.627] [main/DEBUG] [oshi.util.FileUtil/]: Reading file /sys/devices/system/cpu/cpu11/cache/index0/level
[07Feb2025 10:13:48.627] [main/DEBUG] [oshi.util.FileUtil/]: Reading file /sys/devices/system/cpu/cpu11/cache/index0/type
[07Feb2025 10:13:48.627] [main/DEBUG] [oshi.util.FileUtil/]: Reading file /sys/devices/system/cpu/cpu11/cache/index0/type
[07Feb2025 10:13:48.627] [main/DEBUG] [oshi.util.FileUtil/]: Reading file /sys/devices/system/cpu/cpu11/cache/index0/ways_of_associativity
[07Feb2025 10:13:48.627] [main/DEBUG] [oshi.util.FileUtil/]: Reading file /sys/devices/system/cpu/cpu11/cache/index0/ways_of_associativity
[07Feb2025 10:13:48.627] [main/DEBUG] [oshi.util.FileUtil/]: Reading file /sys/devices/system/cpu/cpu11/cache/index0/coherency_line_size
[07Feb2025 10:13:48.627] [main/DEBUG] [oshi.util.FileUtil/]: Reading file /sys/devices/system/cpu/cpu11/cache/index0/coherency_line_size
[07Feb2025 10:13:48.627] [main/DEBUG] [oshi.util.FileUtil/]: Reading file /sys/devices/system/cpu/cpu11/cache/index0/size
[07Feb2025 10:13:48.627] [main/DEBUG] [oshi.util.FileUtil/]: Reading file /sys/devices/system/cpu/cpu11/cache/index0/size
[07Feb2025 10:13:48.627] [main/DEBUG] [oshi.util.FileUtil/]: Reading file /sys/devices/system/cpu/cpu11/cache/index3/level
[07Feb2025 10:13:48.627] [main/DEBUG] [oshi.util.FileUtil/]: Reading file /sys/devices/system/cpu/cpu11/cache/index3/level
[07Feb2025 10:13:48.628] [main/DEBUG] [oshi.util.FileUtil/]: Reading file /sys/devices/system/cpu/cpu11/cache/index3/type
[07Feb2025 10:13:48.628] [main/DEBUG] [oshi.util.FileUtil/]: Reading file /sys/devices/system/cpu/cpu11/cache/index3/type
[07Feb2025 10:13:48.628] [main/DEBUG] [oshi.util.FileUtil/]: Reading file /sys/devices/system/cpu/cpu11/cache/index3/ways_of_associativity
[07Feb2025 10:13:48.628] [main/DEBUG] [oshi.util.FileUtil/]: Reading file /sys/devices/system/cpu/cpu11/cache/index3/ways_of_associativity
[07Feb2025 10:13:48.628] [main/DEBUG] [oshi.util.FileUtil/]: Reading file /sys/devices/system/cpu/cpu11/cache/index3/coherency_line_size
[07Feb2025 10:13:48.628] [main/DEBUG] [oshi.util.FileUtil/]: Reading file /sys/devices/system/cpu/cpu11/cache/index3/coherency_line_size
[07Feb2025 10:13:48.628] [main/DEBUG] [oshi.util.FileUtil/]: Reading file /sys/devices/system/cpu/cpu11/cache/index3/size
[07Feb2025 10:13:48.628] [main/DEBUG] [oshi.util.FileUtil/]: Reading file /sys/devices/system/cpu/cpu11/cache/index3/size
[07Feb2025 10:13:48.628] [main/DEBUG] [oshi.util.FileUtil/]: Reading file /sys/devices/system/cpu/cpu11/cache/index1/level
[07Feb2025 10:13:48.628] [main/DEBUG] [oshi.util.FileUtil/]: Reading file /sys/devices/system/cpu/cpu11/cache/index1/level
[07Feb2025 10:13:48.628] [main/DEBUG] [oshi.util.FileUtil/]: Reading file /sys/devices/system/cpu/cpu11/cache/index1/type
[07Feb2025 10:13:48.628] [main/DEBUG] [oshi.util.FileUtil/]: Reading file /sys/devices/system/cpu/cpu11/cache/index1/type
[07Feb2025 10:13:48.629] [main/DEBUG] [oshi.util.FileUtil/]: Reading file /sys/devices/system/cpu/cpu11/cache/index1/ways_of_associativity
[07Feb2025 10:13:48.629] [main/DEBUG] [oshi.util.FileUtil/]: Reading file /sys/devices/system/cpu/cpu11/cache/index1/ways_of_associativity
[07Feb2025 10:13:48.629] [main/DEBUG] [oshi.util.FileUtil/]: Reading file /sys/devices/system/cpu/cpu11/cache/index1/coherency_line_size
[07Feb2025 10:13:48.629] [main/DEBUG] [oshi.util.FileUtil/]: Reading file /sys/devices/system/cpu/cpu11/cache/index1/coherency_line_size
[07Feb2025 10:13:48.629] [main/DEBUG] [oshi.util.FileUtil/]: Reading file /sys/devices/system/cpu/cpu11/cache/index1/size
[07Feb2025 10:13:48.629] [main/DEBUG] [oshi.util.FileUtil/]: Reading file /sys/devices/system/cpu/cpu11/cache/index1/size
[07Feb2025 10:13:48.629] [main/DEBUG] [oshi.util.FileUtil/]: Reading file /sys/devices/system/cpu/cpu12/topology/core_id
[07Feb2025 10:13:48.629] [main/DEBUG] [oshi.util.FileUtil/]: Reading file /sys/devices/system/cpu/cpu12/topology/core_id
[07Feb2025 10:13:48.629] [main/DEBUG] [oshi.util.FileUtil/]: Reading file /sys/devices/system/cpu/cpu12/topology/physical_package_id
[07Feb2025 10:13:48.630] [main/DEBUG] [oshi.util.FileUtil/]: Reading file /sys/devices/system/cpu/cpu12/topology/physical_package_id
[07Feb2025 10:13:48.630] [main/DEBUG] [oshi.util.FileUtil/]: Reading file /sys/devices/system/cpu/cpu12/cpu_capacity
[07Feb2025 10:13:48.630] [main/DEBUG] [oshi.util.FileUtil/]: Reading file /sys/devices/system/cpu/cpu12/cache/index2/level
[07Feb2025 10:13:48.630] [main/DEBUG] [oshi.util.FileUtil/]: Reading file /sys/devices/system/cpu/cpu12/cache/index2/level
[07Feb2025 10:13:48.630] [main/DEBUG] [oshi.util.FileUtil/]: Reading file /sys/devices/system/cpu/cpu12/cache/index2/type
[07Feb2025 10:13:48.630] [main/DEBUG] [oshi.util.FileUtil/]: Reading file /sys/devices/system/cpu/cpu12/cache/index2/type
[07Feb2025 10:13:48.630] [main/DEBUG] [oshi.util.FileUtil/]: Reading file /sys/devices/system/cpu/cpu12/cache/index2/ways_of_associativity
[07Feb2025 10:13:48.630] [main/DEBUG] [oshi.util.FileUtil/]: Reading file /sys/devices/system/cpu/cpu12/cache/index2/ways_of_associativity
[07Feb2025 10:13:48.630] [main/DEBUG] [oshi.util.FileUtil/]: Reading file /sys/devices/system/cpu/cpu12/cache/index2/coherency_line_size
[07Feb2025 10:13:48.630] [main/DEBUG] [oshi.util.FileUtil/]: Reading file /sys/devices/system/cpu/cpu12/cache/index2/coherency_line_size
[07Feb2025 10:13:48.630] [main/DEBUG] [oshi.util.FileUtil/]: Reading file /sys/devices/system/cpu/cpu12/cache/index2/size
[07Feb2025 10:13:48.630] [main/DEBUG] [oshi.util.FileUtil/]: Reading file /sys/devices/system/cpu/cpu12/cache/index2/size
[07Feb2025 10:13:48.630] [main/DEBUG] [oshi.util.FileUtil/]: Reading file /sys/devices/system/cpu/cpu12/cache/index0/level
[07Feb2025 10:13:48.631] [main/DEBUG] [oshi.util.FileUtil/]: Reading file /sys/devices/system/cpu/cpu12/cache/index0/level
[07Feb2025 10:13:48.631] [main/DEBUG] [oshi.util.FileUtil/]: Reading file /sys/devices/system/cpu/cpu12/cache/index0/type
[07Feb2025 10:13:48.631] [main/DEBUG] [oshi.util.FileUtil/]: Reading file /sys/devices/system/cpu/cpu12/cache/index0/type
[07Feb2025 10:13:48.631] [main/DEBUG] [oshi.util.FileUtil/]: Reading file /sys/devices/system/cpu/cpu12/cache/index0/ways_of_associativity
[07Feb2025 10:13:48.631] [main/DEBUG] [oshi.util.FileUtil/]: Reading file /sys/devices/system/cpu/cpu12/cache/index0/ways_of_associativity
[07Feb2025 10:13:48.631] [main/DEBUG] [oshi.util.FileUtil/]: Reading file /sys/devices/system/cpu/cpu12/cache/index0/coherency_line_size
[07Feb2025 10:13:48.631] [main/DEBUG] [oshi.util.FileUtil/]: Reading file /sys/devices/system/cpu/cpu12/cache/index0/coherency_line_size
[07Feb2025 10:13:48.631] [main/DEBUG] [oshi.util.FileUtil/]: Reading file /sys/devices/system/cpu/cpu12/cache/index0/size
[07Feb2025 10:13:48.631] [main/DEBUG] [oshi.util.FileUtil/]: Reading file /sys/devices/system/cpu/cpu12/cache/index0/size
[07Feb2025 10:13:48.631] [main/DEBUG] [oshi.util.FileUtil/]: Reading file /sys/devices/system/cpu/cpu12/cache/index3/level
[07Feb2025 10:13:48.631] [main/DEBUG] [oshi.util.FileUtil/]: Reading file /sys/devices/system/cpu/cpu12/cache/index3/level
[07Feb2025 10:13:48.632] [main/DEBUG] [oshi.util.FileUtil/]: Reading file /sys/devices/system/cpu/cpu12/cache/index3/type
[07Feb2025 10:13:48.632] [main/DEBUG] [oshi.util.FileUtil/]: Reading file /sys/devices/system/cpu/cpu12/cache/index3/type
[07Feb2025 10:13:48.632] [main/DEBUG] [oshi.util.FileUtil/]: Reading file /sys/devices/system/cpu/cpu12/cache/index3/ways_of_associativity
[07Feb2025 10:13:48.632] [main/DEBUG] [oshi.util.FileUtil/]: Reading file /sys/devices/system/cpu/cpu12/cache/index3/ways_of_associativity
[07Feb2025 10:13:48.632] [main/DEBUG] [oshi.util.FileUtil/]: Reading file /sys/devices/system/cpu/cpu12/cache/index3/coherency_line_size
[07Feb2025 10:13:48.632] [main/DEBUG] [oshi.util.FileUtil/]: Reading file /sys/devices/system/cpu/cpu12/cache/index3/coherency_line_size
[07Feb2025 10:13:48.632] [main/DEBUG] [oshi.util.FileUtil/]: Reading file /sys/devices/system/cpu/cpu12/cache/index3/size
[07Feb2025 10:13:48.632] [main/DEBUG] [oshi.util.FileUtil/]: Reading file /sys/devices/system/cpu/cpu12/cache/index3/size
[07Feb2025 10:13:48.632] [main/DEBUG] [oshi.util.FileUtil/]: Reading file /sys/devices/system/cpu/cpu12/cache/index1/level
[07Feb2025 10:13:48.632] [main/DEBUG] [oshi.util.FileUtil/]: Reading file /sys/devices/system/cpu/cpu12/cache/index1/level
[07Feb2025 10:13:48.632] [main/DEBUG] [oshi.util.FileUtil/]: Reading file /sys/devices/system/cpu/cpu12/cache/index1/type
[07Feb2025 10:13:48.632] [main/DEBUG] [oshi.util.FileUtil/]: Reading file /sys/devices/system/cpu/cpu12/cache/index1/type
[07Feb2025 10:13:48.632] [main/DEBUG] [oshi.util.FileUtil/]: Reading file /sys/devices/system/cpu/cpu12/cache/index1/ways_of_associativity
[07Feb2025 10:13:48.632] [main/DEBUG] [oshi.util.FileUtil/]: Reading file /sys/devices/system/cpu/cpu12/cache/index1/ways_of_associativity
[07Feb2025 10:13:48.633] [main/DEBUG] [oshi.util.FileUtil/]: Reading file /sys/devices/system/cpu/cpu12/cache/index1/coherency_line_size
[07Feb2025 10:13:48.633] [main/DEBUG] [oshi.util.FileUtil/]: Reading file /sys/devices/system/cpu/cpu12/cache/index1/coherency_line_size
[07Feb2025 10:13:48.633] [main/DEBUG] [oshi.util.FileUtil/]: Reading file /sys/devices/system/cpu/cpu12/cache/index1/size
[07Feb2025 10:13:48.633] [main/DEBUG] [oshi.util.FileUtil/]: Reading file /sys/devices/system/cpu/cpu12/cache/index1/size
[07Feb2025 10:13:48.633] [main/DEBUG] [oshi.util.FileUtil/]: Reading file /sys/devices/system/cpu/cpu13/topology/core_id
[07Feb2025 10:13:48.633] [main/DEBUG] [oshi.util.FileUtil/]: Reading file /sys/devices/system/cpu/cpu13/topology/core_id
[07Feb2025 10:13:48.633] [main/DEBUG] [oshi.util.FileUtil/]: Reading file /sys/devices/system/cpu/cpu13/topology/physical_package_id
[07Feb2025 10:13:48.633] [main/DEBUG] [oshi.util.FileUtil/]: Reading file /sys/devices/system/cpu/cpu13/topology/physical_package_id
[07Feb2025 10:13:48.633] [main/DEBUG] [oshi.util.FileUtil/]: Reading file /sys/devices/system/cpu/cpu13/cpu_capacity
[07Feb2025 10:13:48.634] [main/DEBUG] [oshi.util.FileUtil/]: Reading file /sys/devices/system/cpu/cpu13/cache/index2/level
[07Feb2025 10:13:48.634] [main/DEBUG] [oshi.util.FileUtil/]: Reading file /sys/devices/system/cpu/cpu13/cache/index2/level
[07Feb2025 10:13:48.634] [main/DEBUG] [oshi.util.FileUtil/]: Reading file /sys/devices/system/cpu/cpu13/cache/index2/type
[07Feb2025 10:13:48.634] [main/DEBUG] [oshi.util.FileUtil/]: Reading file /sys/devices/system/cpu/cpu13/cache/index2/type
[07Feb2025 10:13:48.634] [main/DEBUG] [oshi.util.FileUtil/]: Reading file /sys/devices/system/cpu/cpu13/cache/index2/ways_of_associativity
[07Feb2025 10:13:48.634] [main/DEBUG] [oshi.util.FileUtil/]: Reading file /sys/devices/system/cpu/cpu13/cache/index2/ways_of_associativity
[07Feb2025 10:13:48.634] [main/DEBUG] [oshi.util.FileUtil/]: Reading file /sys/devices/system/cpu/cpu13/cache/index2/coherency_line_size
[07Feb2025 10:13:48.634] [main/DEBUG] [oshi.util.FileUtil/]: Reading file /sys/devices/system/cpu/cpu13/cache/index2/coherency_line_size
[07Feb2025 10:13:48.634] [main/DEBUG] [oshi.util.FileUtil/]: Reading file /sys/devices/system/cpu/cpu13/cache/index2/size
[07Feb2025 10:13:48.634] [main/DEBUG] [oshi.util.FileUtil/]: Reading file /sys/devices/system/cpu/cpu13/cache/index2/size
[07Feb2025 10:13:48.634] [main/DEBUG] [oshi.util.FileUtil/]: Reading file /sys/devices/system/cpu/cpu13/cache/index0/level
[07Feb2025 10:13:48.634] [main/DEBUG] [oshi.util.FileUtil/]: Reading file /sys/devices/system/cpu/cpu13/cache/index0/level
[07Feb2025 10:13:48.634] [main/DEBUG] [oshi.util.FileUtil/]: Reading file /sys/devices/system/cpu/cpu13/cache/index0/type
[07Feb2025 10:13:48.635] [main/DEBUG] [oshi.util.FileUtil/]: Reading file /sys/devices/system/cpu/cpu13/cache/index0/type
[07Feb2025 10:13:48.635] [main/DEBUG] [oshi.util.FileUtil/]: Reading file /sys/devices/system/cpu/cpu13/cache/index0/ways_of_associativity
[07Feb2025 10:13:48.635] [main/DEBUG] [oshi.util.FileUtil/]: Reading file /sys/devices/system/cpu/cpu13/cache/index0/ways_of_associativity
[07Feb2025 10:13:48.635] [main/DEBUG] [oshi.util.FileUtil/]: Reading file /sys/devices/system/cpu/cpu13/cache/index0/coherency_line_size
[07Feb2025 10:13:48.635] [main/DEBUG] [oshi.util.FileUtil/]: Reading file /sys/devices/system/cpu/cpu13/cache/index0/coherency_line_size
[07Feb2025 10:13:48.635] [main/DEBUG] [oshi.util.FileUtil/]: Reading file /sys/devices/system/cpu/cpu13/cache/index0/size
[07Feb2025 10:13:48.635] [main/DEBUG] [oshi.util.FileUtil/]: Reading file /sys/devices/system/cpu/cpu13/cache/index0/size
[07Feb2025 10:13:48.635] [main/DEBUG] [oshi.util.FileUtil/]: Reading file /sys/devices/system/cpu/cpu13/cache/index3/level
[07Feb2025 10:13:48.635] [main/DEBUG] [oshi.util.FileUtil/]: Reading file /sys/devices/system/cpu/cpu13/cache/index3/level
[07Feb2025 10:13:48.636] [main/DEBUG] [oshi.util.FileUtil/]: Reading file /sys/devices/system/cpu/cpu13/cache/index3/type
[07Feb2025 10:13:48.636] [main/DEBUG] [oshi.util.FileUtil/]: Reading file /sys/devices/system/cpu/cpu13/cache/index3/type
[07Feb2025 10:13:48.636] [main/DEBUG] [oshi.util.FileUtil/]: Reading file /sys/devices/system/cpu/cpu13/cache/index3/ways_of_associativity
[07Feb2025 10:13:48.636] [main/DEBUG] [oshi.util.FileUtil/]: Reading file /sys/devices/system/cpu/cpu13/cache/index3/ways_of_associativity
[07Feb2025 10:13:48.636] [main/DEBUG] [oshi.util.FileUtil/]: Reading file /sys/devices/system/cpu/cpu13/cache/index3/coherency_line_size
[07Feb2025 10:13:48.636] [main/DEBUG] [oshi.util.FileUtil/]: Reading file /sys/devices/system/cpu/cpu13/cache/index3/coherency_line_size
[07Feb2025 10:13:48.636] [main/DEBUG] [oshi.util.FileUtil/]: Reading file /sys/devices/system/cpu/cpu13/cache/index3/size
[07Feb2025 10:13:48.636] [main/DEBUG] [oshi.util.FileUtil/]: Reading file /sys/devices/system/cpu/cpu13/cache/index3/size
[07Feb2025 10:13:48.636] [main/DEBUG] [oshi.util.FileUtil/]: Reading file /sys/devices/system/cpu/cpu13/cache/index1/level
[07Feb2025 10:13:48.636] [main/DEBUG] [oshi.util.FileUtil/]: Reading file /sys/devices/system/cpu/cpu13/cache/index1/level
[07Feb2025 10:13:48.636] [main/DEBUG] [oshi.util.FileUtil/]: Reading file /sys/devices/system/cpu/cpu13/cache/index1/type
[07Feb2025 10:13:48.636] [main/DEBUG] [oshi.util.FileUtil/]: Reading file /sys/devices/system/cpu/cpu13/cache/index1/type
[07Feb2025 10:13:48.636] [main/DEBUG] [oshi.util.FileUtil/]: Reading file /sys/devices/system/cpu/cpu13/cache/index1/ways_of_associativity
[07Feb2025 10:13:48.636] [main/DEBUG] [oshi.util.FileUtil/]: Reading file /sys/devices/system/cpu/cpu13/cache/index1/ways_of_associativity
[07Feb2025 10:13:48.636] [main/DEBUG] [oshi.util.FileUtil/]: Reading file /sys/devices/system/cpu/cpu13/cache/index1/coherency_line_size
[07Feb2025 10:13:48.637] [main/DEBUG] [oshi.util.FileUtil/]: Reading file /sys/devices/system/cpu/cpu13/cache/index1/coherency_line_size
[07Feb2025 10:13:48.637] [main/DEBUG] [oshi.util.FileUtil/]: Reading file /sys/devices/system/cpu/cpu13/cache/index1/size
[07Feb2025 10:13:48.637] [main/DEBUG] [oshi.util.FileUtil/]: Reading file /sys/devices/system/cpu/cpu13/cache/index1/size
[07Feb2025 10:13:48.637] [main/DEBUG] [oshi.util.FileUtil/]: Reading file /sys/devices/system/cpu/cpu14/topology/core_id
[07Feb2025 10:13:48.637] [main/DEBUG] [oshi.util.FileUtil/]: Reading file /sys/devices/system/cpu/cpu14/topology/core_id
[07Feb2025 10:13:48.637] [main/DEBUG] [oshi.util.FileUtil/]: Reading file /sys/devices/system/cpu/cpu14/topology/physical_package_id
[07Feb2025 10:13:48.637] [main/DEBUG] [oshi.util.FileUtil/]: Reading file /sys/devices/system/cpu/cpu14/topology/physical_package_id
[07Feb2025 10:13:48.637] [main/DEBUG] [oshi.util.FileUtil/]: Reading file /sys/devices/system/cpu/cpu14/cpu_capacity
[07Feb2025 10:13:48.637] [main/DEBUG] [oshi.util.FileUtil/]: Reading file /sys/devices/system/cpu/cpu14/cache/index2/level
[07Feb2025 10:13:48.637] [main/DEBUG] [oshi.util.FileUtil/]: Reading file /sys/devices/system/cpu/cpu14/cache/index2/level
[07Feb2025 10:13:48.638] [main/DEBUG] [oshi.util.FileUtil/]: Reading file /sys/devices/system/cpu/cpu14/cache/index2/type
[07Feb2025 10:13:48.638] [main/DEBUG] [oshi.util.FileUtil/]: Reading file /sys/devices/system/cpu/cpu14/cache/index2/type
[07Feb2025 10:13:48.638] [main/DEBUG] [oshi.util.FileUtil/]: Reading file /sys/devices/system/cpu/cpu14/cache/index2/ways_of_associativity
[07Feb2025 10:13:48.638] [main/DEBUG] [oshi.util.FileUtil/]: Reading file /sys/devices/system/cpu/cpu14/cache/index2/ways_of_associativity
[07Feb2025 10:13:48.638] [main/DEBUG] [oshi.util.FileUtil/]: Reading file /sys/devices/system/cpu/cpu14/cache/index2/coherency_line_size
[07Feb2025 10:13:48.638] [main/DEBUG] [oshi.util.FileUtil/]: Reading file /sys/devices/system/cpu/cpu14/cache/index2/coherency_line_size
[07Feb2025 10:13:48.638] [main/DEBUG] [oshi.util.FileUtil/]: Reading file /sys/devices/system/cpu/cpu14/cache/index2/size
[07Feb2025 10:13:48.638] [main/DEBUG] [oshi.util.FileUtil/]: Reading file /sys/devices/system/cpu/cpu14/cache/index2/size
[07Feb2025 10:13:48.638] [main/DEBUG] [oshi.util.FileUtil/]: Reading file /sys/devices/system/cpu/cpu14/cache/index0/level
[07Feb2025 10:13:48.638] [main/DEBUG] [oshi.util.FileUtil/]: Reading file /sys/devices/system/cpu/cpu14/cache/index0/level
[07Feb2025 10:13:48.638] [main/DEBUG] [oshi.util.FileUtil/]: Reading file /sys/devices/system/cpu/cpu14/cache/index0/type
[07Feb2025 10:13:48.638] [main/DEBUG] [oshi.util.FileUtil/]: Reading file /sys/devices/system/cpu/cpu14/cache/index0/type
[07Feb2025 10:13:48.638] [main/DEBUG] [oshi.util.FileUtil/]: Reading file /sys/devices/system/cpu/cpu14/cache/index0/ways_of_associativity
[07Feb2025 10:13:48.638] [main/DEBUG] [oshi.util.FileUtil/]: Reading file /sys/devices/system/cpu/cpu14/cache/index0/ways_of_associativity
[07Feb2025 10:13:48.638] [main/DEBUG] [oshi.util.FileUtil/]: Reading file /sys/devices/system/cpu/cpu14/cache/index0/coherency_line_size
[07Feb2025 10:13:48.639] [main/DEBUG] [oshi.util.FileUtil/]: Reading file /sys/devices/system/cpu/cpu14/cache/index0/coherency_line_size
[07Feb2025 10:13:48.639] [main/DEBUG] [oshi.util.FileUtil/]: Reading file /sys/devices/system/cpu/cpu14/cache/index0/size
[07Feb2025 10:13:48.639] [main/DEBUG] [oshi.util.FileUtil/]: Reading file /sys/devices/system/cpu/cpu14/cache/index0/size
[07Feb2025 10:13:48.639] [main/DEBUG] [oshi.util.FileUtil/]: Reading file /sys/devices/system/cpu/cpu14/cache/index3/level
[07Feb2025 10:13:48.639] [main/DEBUG] [oshi.util.FileUtil/]: Reading file /sys/devices/system/cpu/cpu14/cache/index3/level
[07Feb2025 10:13:48.639] [main/DEBUG] [oshi.util.FileUtil/]: Reading file /sys/devices/system/cpu/cpu14/cache/index3/type
[07Feb2025 10:13:48.639] [main/DEBUG] [oshi.util.FileUtil/]: Reading file /sys/devices/system/cpu/cpu14/cache/index3/type
[07Feb2025 10:13:48.639] [main/DEBUG] [oshi.util.FileUtil/]: Reading file /sys/devices/system/cpu/cpu14/cache/index3/ways_of_associativity
[07Feb2025 10:13:48.639] [main/DEBUG] [oshi.util.FileUtil/]: Reading file /sys/devices/system/cpu/cpu14/cache/index3/ways_of_associativity
[07Feb2025 10:13:48.639] [main/DEBUG] [oshi.util.FileUtil/]: Reading file /sys/devices/system/cpu/cpu14/cache/index3/coherency_line_size
[07Feb2025 10:13:48.639] [main/DEBUG] [oshi.util.FileUtil/]: Reading file /sys/devices/system/cpu/cpu14/cache/index3/coherency_line_size
[07Feb2025 10:13:48.639] [main/DEBUG] [oshi.util.FileUtil/]: Reading file /sys/devices/system/cpu/cpu14/cache/index3/size
[07Feb2025 10:13:48.639] [main/DEBUG] [oshi.util.FileUtil/]: Reading file /sys/devices/system/cpu/cpu14/cache/index3/size
[07Feb2025 10:13:48.639] [main/DEBUG] [oshi.util.FileUtil/]: Reading file /sys/devices/system/cpu/cpu14/cache/index1/level
[07Feb2025 10:13:48.639] [main/DEBUG] [oshi.util.FileUtil/]: Reading file /sys/devices/system/cpu/cpu14/cache/index1/level
[07Feb2025 10:13:48.640] [main/DEBUG] [oshi.util.FileUtil/]: Reading file /sys/devices/system/cpu/cpu14/cache/index1/type
[07Feb2025 10:13:48.640] [main/DEBUG] [oshi.util.FileUtil/]: Reading file /sys/devices/system/cpu/cpu14/cache/index1/type
[07Feb2025 10:13:48.640] [main/DEBUG] [oshi.util.FileUtil/]: Reading file /sys/devices/system/cpu/cpu14/cache/index1/ways_of_associativity
[07Feb2025 10:13:48.640] [main/DEBUG] [oshi.util.FileUtil/]: Reading file /sys/devices/system/cpu/cpu14/cache/index1/ways_of_associativity
[07Feb2025 10:13:48.640] [main/DEBUG] [oshi.util.FileUtil/]: Reading file /sys/devices/system/cpu/cpu14/cache/index1/coherency_line_size
[07Feb2025 10:13:48.640] [main/DEBUG] [oshi.util.FileUtil/]: Reading file /sys/devices/system/cpu/cpu14/cache/index1/coherency_line_size
[07Feb2025 10:13:48.640] [main/DEBUG] [oshi.util.FileUtil/]: Reading file /sys/devices/system/cpu/cpu14/cache/index1/size
[07Feb2025 10:13:48.640] [main/DEBUG] [oshi.util.FileUtil/]: Reading file /sys/devices/system/cpu/cpu14/cache/index1/size
[07Feb2025 10:13:48.640] [main/DEBUG] [oshi.util.FileUtil/]: Reading file /sys/devices/system/cpu/cpu15/topology/core_id
[07Feb2025 10:13:48.640] [main/DEBUG] [oshi.util.FileUtil/]: Reading file /sys/devices/system/cpu/cpu15/topology/core_id
[07Feb2025 10:13:48.641] [main/DEBUG] [oshi.util.FileUtil/]: Reading file /sys/devices/system/cpu/cpu15/topology/physical_package_id
[07Feb2025 10:13:48.641] [main/DEBUG] [oshi.util.FileUtil/]: Reading file /sys/devices/system/cpu/cpu15/topology/physical_package_id
[07Feb2025 10:13:48.641] [main/DEBUG] [oshi.util.FileUtil/]: Reading file /sys/devices/system/cpu/cpu15/cpu_capacity
[07Feb2025 10:13:48.641] [main/DEBUG] [oshi.util.FileUtil/]: Reading file /sys/devices/system/cpu/cpu15/cache/index2/level
[07Feb2025 10:13:48.641] [main/DEBUG] [oshi.util.FileUtil/]: Reading file /sys/devices/system/cpu/cpu15/cache/index2/level
[07Feb2025 10:13:48.641] [main/DEBUG] [oshi.util.FileUtil/]: Reading file /sys/devices/system/cpu/cpu15/cache/index2/type
[07Feb2025 10:13:48.641] [main/DEBUG] [oshi.util.FileUtil/]: Reading file /sys/devices/system/cpu/cpu15/cache/index2/type
[07Feb2025 10:13:48.641] [main/DEBUG] [oshi.util.FileUtil/]: Reading file /sys/devices/system/cpu/cpu15/cache/index2/ways_of_associativity
[07Feb2025 10:13:48.641] [main/DEBUG] [oshi.util.FileUtil/]: Reading file /sys/devices/system/cpu/cpu15/cache/index2/ways_of_associativity
[07Feb2025 10:13:48.641] [main/DEBUG] [oshi.util.FileUtil/]: Reading file /sys/devices/system/cpu/cpu15/cache/index2/coherency_line_size
[07Feb2025 10:13:48.641] [main/DEBUG] [oshi.util.FileUtil/]: Reading file /sys/devices/system/cpu/cpu15/cache/index2/coherency_line_size
[07Feb2025 10:13:48.641] [main/DEBUG] [oshi.util.FileUtil/]: Reading file /sys/devices/system/cpu/cpu15/cache/index2/size
[07Feb2025 10:13:48.641] [main/DEBUG] [oshi.util.FileUtil/]: Reading file /sys/devices/system/cpu/cpu15/cache/index2/size
[07Feb2025 10:13:48.641] [main/DEBUG] [oshi.util.FileUtil/]: Reading file /sys/devices/system/cpu/cpu15/cache/index0/level
[07Feb2025 10:13:48.641] [main/DEBUG] [oshi.util.FileUtil/]: Reading file /sys/devices/system/cpu/cpu15/cache/index0/level
[07Feb2025 10:13:48.641] [main/DEBUG] [oshi.util.FileUtil/]: Reading file /sys/devices/system/cpu/cpu15/cache/index0/type
[07Feb2025 10:13:48.642] [main/DEBUG] [oshi.util.FileUtil/]: Reading file /sys/devices/system/cpu/cpu15/cache/index0/type
[07Feb2025 10:13:48.642] [main/DEBUG] [oshi.util.FileUtil/]: Reading file /sys/devices/system/cpu/cpu15/cache/index0/ways_of_associativity
[07Feb2025 10:13:48.642] [main/DEBUG] [oshi.util.FileUtil/]: Reading file /sys/devices/system/cpu/cpu15/cache/index0/ways_of_associativity
[07Feb2025 10:13:48.642] [main/DEBUG] [oshi.util.FileUtil/]: Reading file /sys/devices/system/cpu/cpu15/cache/index0/coherency_line_size
[07Feb2025 10:13:48.642] [main/DEBUG] [oshi.util.FileUtil/]: Reading file /sys/devices/system/cpu/cpu15/cache/index0/coherency_line_size
[07Feb2025 10:13:48.642] [main/DEBUG] [oshi.util.FileUtil/]: Reading file /sys/devices/system/cpu/cpu15/cache/index0/size
[07Feb2025 10:13:48.642] [main/DEBUG] [oshi.util.FileUtil/]: Reading file /sys/devices/system/cpu/cpu15/cache/index0/size
[07Feb2025 10:13:48.642] [main/DEBUG] [oshi.util.FileUtil/]: Reading file /sys/devices/system/cpu/cpu15/cache/index3/level
[07Feb2025 10:13:48.642] [main/DEBUG] [oshi.util.FileUtil/]: Reading file /sys/devices/system/cpu/cpu15/cache/index3/level
[07Feb2025 10:13:48.642] [main/DEBUG] [oshi.util.FileUtil/]: Reading file /sys/devices/system/cpu/cpu15/cache/index3/type
[07Feb2025 10:13:48.642] [main/DEBUG] [oshi.util.FileUtil/]: Reading file /sys/devices/system/cpu/cpu15/cache/index3/type
[07Feb2025 10:13:48.642] [main/DEBUG] [oshi.util.FileUtil/]: Reading file /sys/devices/system/cpu/cpu15/cache/index3/ways_of_associativity
[07Feb2025 10:13:48.642] [main/DEBUG] [oshi.util.FileUtil/]: Reading file /sys/devices/system/cpu/cpu15/cache/index3/ways_of_associativity
[07Feb2025 10:13:48.642] [main/DEBUG] [oshi.util.FileUtil/]: Reading file /sys/devices/system/cpu/cpu15/cache/index3/coherency_line_size
[07Feb2025 10:13:48.642] [main/DEBUG] [oshi.util.FileUtil/]: Reading file /sys/devices/system/cpu/cpu15/cache/index3/coherency_line_size
[07Feb2025 10:13:48.642] [main/DEBUG] [oshi.util.FileUtil/]: Reading file /sys/devices/system/cpu/cpu15/cache/index3/size
[07Feb2025 10:13:48.643] [main/DEBUG] [oshi.util.FileUtil/]: Reading file /sys/devices/system/cpu/cpu15/cache/index3/size
[07Feb2025 10:13:48.643] [main/DEBUG] [oshi.util.FileUtil/]: Reading file /sys/devices/system/cpu/cpu15/cache/index1/level
[07Feb2025 10:13:48.643] [main/DEBUG] [oshi.util.FileUtil/]: Reading file /sys/devices/system/cpu/cpu15/cache/index1/level
[07Feb2025 10:13:48.643] [main/DEBUG] [oshi.util.FileUtil/]: Reading file /sys/devices/system/cpu/cpu15/cache/index1/type
[07Feb2025 10:13:48.643] [main/DEBUG] [oshi.util.FileUtil/]: Reading file /sys/devices/system/cpu/cpu15/cache/index1/type
[07Feb2025 10:13:48.643] [main/DEBUG] [oshi.util.FileUtil/]: Reading file /sys/devices/system/cpu/cpu15/cache/index1/ways_of_associativity
[07Feb2025 10:13:48.643] [main/DEBUG] [oshi.util.FileUtil/]: Reading file /sys/devices/system/cpu/cpu15/cache/index1/ways_of_associativity
[07Feb2025 10:13:48.643] [main/DEBUG] [oshi.util.FileUtil/]: Reading file /sys/devices/system/cpu/cpu15/cache/index1/coherency_line_size
[07Feb2025 10:13:48.643] [main/DEBUG] [oshi.util.FileUtil/]: Reading file /sys/devices/system/cpu/cpu15/cache/index1/coherency_line_size
[07Feb2025 10:13:48.643] [main/DEBUG] [oshi.util.FileUtil/]: Reading file /sys/devices/system/cpu/cpu15/cache/index1/size
[07Feb2025 10:13:48.643] [main/DEBUG] [oshi.util.FileUtil/]: Reading file /sys/devices/system/cpu/cpu15/cache/index1/size
[07Feb2025 10:13:48.644] [main/DEBUG] [oshi.util.FileUtil/]: Reading file /sys/devices/system/cpu/cpu16/topology/core_id
[07Feb2025 10:13:48.644] [main/DEBUG] [oshi.util.FileUtil/]: Reading file /sys/devices/system/cpu/cpu16/topology/core_id
[07Feb2025 10:13:48.644] [main/DEBUG] [oshi.util.FileUtil/]: Reading file /sys/devices/system/cpu/cpu16/topology/physical_package_id
[07Feb2025 10:13:48.644] [main/DEBUG] [oshi.util.FileUtil/]: Reading file /sys/devices/system/cpu/cpu16/topology/physical_package_id
[07Feb2025 10:13:48.644] [main/DEBUG] [oshi.util.FileUtil/]: Reading file /sys/devices/system/cpu/cpu16/cpu_capacity
[07Feb2025 10:13:48.644] [main/DEBUG] [oshi.util.FileUtil/]: Reading file /sys/devices/system/cpu/cpu16/cache/index2/level
[07Feb2025 10:13:48.644] [main/DEBUG] [oshi.util.FileUtil/]: Reading file /sys/devices/system/cpu/cpu16/cache/index2/level
[07Feb2025 10:13:48.644] [main/DEBUG] [oshi.util.FileUtil/]: Reading file /sys/devices/system/cpu/cpu16/cache/index2/type
[07Feb2025 10:13:48.644] [main/DEBUG] [oshi.util.FileUtil/]: Reading file /sys/devices/system/cpu/cpu16/cache/index2/type
[07Feb2025 10:13:48.644] [main/DEBUG] [oshi.util.FileUtil/]: Reading file /sys/devices/system/cpu/cpu16/cache/index2/ways_of_associativity
[07Feb2025 10:13:48.644] [main/DEBUG] [oshi.util.FileUtil/]: Reading file /sys/devices/system/cpu/cpu16/cache/index2/ways_of_associativity
[07Feb2025 10:13:48.644] [main/DEBUG] [oshi.util.FileUtil/]: Reading file /sys/devices/system/cpu/cpu16/cache/index2/coherency_line_size
[07Feb2025 10:13:48.644] [main/DEBUG] [oshi.util.FileUtil/]: Reading file /sys/devices/system/cpu/cpu16/cache/index2/coherency_line_size
[07Feb2025 10:13:48.644] [main/DEBUG] [oshi.util.FileUtil/]: Reading file /sys/devices/system/cpu/cpu16/cache/index2/size
[07Feb2025 10:13:48.644] [main/DEBUG] [oshi.util.FileUtil/]: Reading file /sys/devices/system/cpu/cpu16/cache/index2/size
[07Feb2025 10:13:48.645] [main/DEBUG] [oshi.util.FileUtil/]: Reading file /sys/devices/system/cpu/cpu16/cache/index0/level
[07Feb2025 10:13:48.645] [main/DEBUG] [oshi.util.FileUtil/]: Reading file /sys/devices/system/cpu/cpu16/cache/index0/level
[07Feb2025 10:13:48.645] [main/DEBUG] [oshi.util.FileUtil/]: Reading file /sys/devices/system/cpu/cpu16/cache/index0/type
[07Feb2025 10:13:48.645] [main/DEBUG] [oshi.util.FileUtil/]: Reading file /sys/devices/system/cpu/cpu16/cache/index0/type
[07Feb2025 10:13:48.645] [main/DEBUG] [oshi.util.FileUtil/]: Reading file /sys/devices/system/cpu/cpu16/cache/index0/ways_of_associativity
[07Feb2025 10:13:48.645] [main/DEBUG] [oshi.util.FileUtil/]: Reading file /sys/devices/system/cpu/cpu16/cache/index0/ways_of_associativity
[07Feb2025 10:13:48.645] [main/DEBUG] [oshi.util.FileUtil/]: Reading file /sys/devices/system/cpu/cpu16/cache/index0/coherency_line_size
[07Feb2025 10:13:48.645] [main/DEBUG] [oshi.util.FileUtil/]: Reading file /sys/devices/system/cpu/cpu16/cache/index0/coherency_line_size
[07Feb2025 10:13:48.645] [main/DEBUG] [oshi.util.FileUtil/]: Reading file /sys/devices/system/cpu/cpu16/cache/index0/size
[07Feb2025 10:13:48.645] [main/DEBUG] [oshi.util.FileUtil/]: Reading file /sys/devices/system/cpu/cpu16/cache/index0/size
[07Feb2025 10:13:48.645] [main/DEBUG] [oshi.util.FileUtil/]: Reading file /sys/devices/system/cpu/cpu16/cache/index3/level
[07Feb2025 10:13:48.645] [main/DEBUG] [oshi.util.FileUtil/]: Reading file /sys/devices/system/cpu/cpu16/cache/index3/level
[07Feb2025 10:13:48.645] [main/DEBUG] [oshi.util.FileUtil/]: Reading file /sys/devices/system/cpu/cpu16/cache/index3/type
[07Feb2025 10:13:48.645] [main/DEBUG] [oshi.util.FileUtil/]: Reading file /sys/devices/system/cpu/cpu16/cache/index3/type
[07Feb2025 10:13:48.645] [main/DEBUG] [oshi.util.FileUtil/]: Reading file /sys/devices/system/cpu/cpu16/cache/index3/ways_of_associativity
[07Feb2025 10:13:48.646] [main/DEBUG] [oshi.util.FileUtil/]: Reading file /sys/devices/system/cpu/cpu16/cache/index3/ways_of_associativity
[07Feb2025 10:13:48.646] [main/DEBUG] [oshi.util.FileUtil/]: Reading file /sys/devices/system/cpu/cpu16/cache/index3/coherency_line_size
[07Feb2025 10:13:48.646] [main/DEBUG] [oshi.util.FileUtil/]: Reading file /sys/devices/system/cpu/cpu16/cache/index3/coherency_line_size
[07Feb2025 10:13:48.646] [main/DEBUG] [oshi.util.FileUtil/]: Reading file /sys/devices/system/cpu/cpu16/cache/index3/size
[07Feb2025 10:13:48.646] [main/DEBUG] [oshi.util.FileUtil/]: Reading file /sys/devices/system/cpu/cpu16/cache/index3/size
[07Feb2025 10:13:48.646] [main/DEBUG] [oshi.util.FileUtil/]: Reading file /sys/devices/system/cpu/cpu16/cache/index1/level
[07Feb2025 10:13:48.646] [main/DEBUG] [oshi.util.FileUtil/]: Reading file /sys/devices/system/cpu/cpu16/cache/index1/level
[07Feb2025 10:13:48.646] [main/DEBUG] [oshi.util.FileUtil/]: Reading file /sys/devices/system/cpu/cpu16/cache/index1/type
[07Feb2025 10:13:48.646] [main/DEBUG] [oshi.util.FileUtil/]: Reading file /sys/devices/system/cpu/cpu16/cache/index1/type
[07Feb2025 10:13:48.646] [main/DEBUG] [oshi.util.FileUtil/]: Reading file /sys/devices/system/cpu/cpu16/cache/index1/ways_of_associativity
[07Feb2025 10:13:48.646] [main/DEBUG] [oshi.util.FileUtil/]: Reading file /sys/devices/system/cpu/cpu16/cache/index1/ways_of_associativity
[07Feb2025 10:13:48.646] [main/DEBUG] [oshi.util.FileUtil/]: Reading file /sys/devices/system/cpu/cpu16/cache/index1/coherency_line_size
[07Feb2025 10:13:48.646] [main/DEBUG] [oshi.util.FileUtil/]: Reading file /sys/devices/system/cpu/cpu16/cache/index1/coherency_line_size
[07Feb2025 10:13:48.646] [main/DEBUG] [oshi.util.FileUtil/]: Reading file /sys/devices/system/cpu/cpu16/cache/index1/size
[07Feb2025 10:13:48.646] [main/DEBUG] [oshi.util.FileUtil/]: Reading file /sys/devices/system/cpu/cpu16/cache/index1/size
[07Feb2025 10:13:48.647] [main/DEBUG] [oshi.util.FileUtil/]: Reading file /sys/devices/system/cpu/cpu17/topology/core_id
[07Feb2025 10:13:48.647] [main/DEBUG] [oshi.util.FileUtil/]: Reading file /sys/devices/system/cpu/cpu17/topology/core_id
[07Feb2025 10:13:48.647] [main/DEBUG] [oshi.util.FileUtil/]: Reading file /sys/devices/system/cpu/cpu17/topology/physical_package_id
[07Feb2025 10:13:48.647] [main/DEBUG] [oshi.util.FileUtil/]: Reading file /sys/devices/system/cpu/cpu17/topology/physical_package_id
[07Feb2025 10:13:48.647] [main/DEBUG] [oshi.util.FileUtil/]: Reading file /sys/devices/system/cpu/cpu17/cpu_capacity
[07Feb2025 10:13:48.647] [main/DEBUG] [oshi.util.FileUtil/]: Reading file /sys/devices/system/cpu/cpu17/cache/index2/level
[07Feb2025 10:13:48.647] [main/DEBUG] [oshi.util.FileUtil/]: Reading file /sys/devices/system/cpu/cpu17/cache/index2/level
[07Feb2025 10:13:48.647] [main/DEBUG] [oshi.util.FileUtil/]: Reading file /sys/devices/system/cpu/cpu17/cache/index2/type
[07Feb2025 10:13:48.647] [main/DEBUG] [oshi.util.FileUtil/]: Reading file /sys/devices/system/cpu/cpu17/cache/index2/type
[07Feb2025 10:13:48.647] [main/DEBUG] [oshi.util.FileUtil/]: Reading file /sys/devices/system/cpu/cpu17/cache/index2/ways_of_associativity
[07Feb2025 10:13:48.647] [main/DEBUG] [oshi.util.FileUtil/]: Reading file /sys/devices/system/cpu/cpu17/cache/index2/ways_of_associativity
[07Feb2025 10:13:48.647] [main/DEBUG] [oshi.util.FileUtil/]: Reading file /sys/devices/system/cpu/cpu17/cache/index2/coherency_line_size
[07Feb2025 10:13:48.647] [main/DEBUG] [oshi.util.FileUtil/]: Reading file /sys/devices/system/cpu/cpu17/cache/index2/coherency_line_size
[07Feb2025 10:13:48.648] [main/DEBUG] [oshi.util.FileUtil/]: Reading file /sys/devices/system/cpu/cpu17/cache/index2/size
[07Feb2025 10:13:48.648] [main/DEBUG] [oshi.util.FileUtil/]: Reading file /sys/devices/system/cpu/cpu17/cache/index2/size
[07Feb2025 10:13:48.648] [main/DEBUG] [oshi.util.FileUtil/]: Reading file /sys/devices/system/cpu/cpu17/cache/index0/level
[07Feb2025 10:13:48.648] [main/DEBUG] [oshi.util.FileUtil/]: Reading file /sys/devices/system/cpu/cpu17/cache/index0/level
[07Feb2025 10:13:48.648] [main/DEBUG] [oshi.util.FileUtil/]: Reading file /sys/devices/system/cpu/cpu17/cache/index0/type
[07Feb2025 10:13:48.648] [main/DEBUG] [oshi.util.FileUtil/]: Reading file /sys/devices/system/cpu/cpu17/cache/index0/type
[07Feb2025 10:13:48.648] [main/DEBUG] [oshi.util.FileUtil/]: Reading file /sys/devices/system/cpu/cpu17/cache/index0/ways_of_associativity
[07Feb2025 10:13:48.648] [main/DEBUG] [oshi.util.FileUtil/]: Reading file /sys/devices/system/cpu/cpu17/cache/index0/ways_of_associativity
[07Feb2025 10:13:48.648] [main/DEBUG] [oshi.util.FileUtil/]: Reading file /sys/devices/system/cpu/cpu17/cache/index0/coherency_line_size
[07Feb2025 10:13:48.648] [main/DEBUG] [oshi.util.FileUtil/]: Reading file /sys/devices/system/cpu/cpu17/cache/index0/coherency_line_size
[07Feb2025 10:13:48.648] [main/DEBUG] [oshi.util.FileUtil/]: Reading file /sys/devices/system/cpu/cpu17/cache/index0/size
[07Feb2025 10:13:48.648] [main/DEBUG] [oshi.util.FileUtil/]: Reading file /sys/devices/system/cpu/cpu17/cache/index0/size
[07Feb2025 10:13:48.648] [main/DEBUG] [oshi.util.FileUtil/]: Reading file /sys/devices/system/cpu/cpu17/cache/index3/level
[07Feb2025 10:13:48.648] [main/DEBUG] [oshi.util.FileUtil/]: Reading file /sys/devices/system/cpu/cpu17/cache/index3/level
[07Feb2025 10:13:48.648] [main/DEBUG] [oshi.util.FileUtil/]: Reading file /sys/devices/system/cpu/cpu17/cache/index3/type
[07Feb2025 10:13:48.648] [main/DEBUG] [oshi.util.FileUtil/]: Reading file /sys/devices/system/cpu/cpu17/cache/index3/type
[07Feb2025 10:13:48.648] [main/DEBUG] [oshi.util.FileUtil/]: Reading file /sys/devices/system/cpu/cpu17/cache/index3/ways_of_associativity
[07Feb2025 10:13:48.649] [main/DEBUG] [oshi.util.FileUtil/]: Reading file /sys/devices/system/cpu/cpu17/cache/index3/ways_of_associativity
[07Feb2025 10:13:48.649] [main/DEBUG] [oshi.util.FileUtil/]: Reading file /sys/devices/system/cpu/cpu17/cache/index3/coherency_line_size
[07Feb2025 10:13:48.649] [main/DEBUG] [oshi.util.FileUtil/]: Reading file /sys/devices/system/cpu/cpu17/cache/index3/coherency_line_size
[07Feb2025 10:13:48.649] [main/DEBUG] [oshi.util.FileUtil/]: Reading file /sys/devices/system/cpu/cpu17/cache/index3/size
[07Feb2025 10:13:48.649] [main/DEBUG] [oshi.util.FileUtil/]: Reading file /sys/devices/system/cpu/cpu17/cache/index3/size
[07Feb2025 10:13:48.649] [main/DEBUG] [oshi.util.FileUtil/]: Reading file /sys/devices/system/cpu/cpu17/cache/index1/level
[07Feb2025 10:13:48.649] [main/DEBUG] [oshi.util.FileUtil/]: Reading file /sys/devices/system/cpu/cpu17/cache/index1/level
[07Feb2025 10:13:48.649] [main/DEBUG] [oshi.util.FileUtil/]: Reading file /sys/devices/system/cpu/cpu17/cache/index1/type
[07Feb2025 10:13:48.649] [main/DEBUG] [oshi.util.FileUtil/]: Reading file /sys/devices/system/cpu/cpu17/cache/index1/type
[07Feb2025 10:13:48.649] [main/DEBUG] [oshi.util.FileUtil/]: Reading file /sys/devices/system/cpu/cpu17/cache/index1/ways_of_associativity
[07Feb2025 10:13:48.649] [main/DEBUG] [oshi.util.FileUtil/]: Reading file /sys/devices/system/cpu/cpu17/cache/index1/ways_of_associativity
[07Feb2025 10:13:48.649] [main/DEBUG] [oshi.util.FileUtil/]: Reading file /sys/devices/system/cpu/cpu17/cache/index1/coherency_line_size
[07Feb2025 10:13:48.649] [main/DEBUG] [oshi.util.FileUtil/]: Reading file /sys/devices/system/cpu/cpu17/cache/index1/coherency_line_size
[07Feb2025 10:13:48.649] [main/DEBUG] [oshi.util.FileUtil/]: Reading file /sys/devices/system/cpu/cpu17/cache/index1/size
[07Feb2025 10:13:48.649] [main/DEBUG] [oshi.util.FileUtil/]: Reading file /sys/devices/system/cpu/cpu17/cache/index1/size
[07Feb2025 10:13:48.650] [main/DEBUG] [oshi.util.FileUtil/]: Reading file /sys/devices/system/cpu/cpu18/topology/core_id
[07Feb2025 10:13:48.650] [main/DEBUG] [oshi.util.FileUtil/]: Reading file /sys/devices/system/cpu/cpu18/topology/core_id
[07Feb2025 10:13:48.650] [main/DEBUG] [oshi.util.FileUtil/]: Reading file /sys/devices/system/cpu/cpu18/topology/physical_package_id
[07Feb2025 10:13:48.650] [main/DEBUG] [oshi.util.FileUtil/]: Reading file /sys/devices/system/cpu/cpu18/topology/physical_package_id
[07Feb2025 10:13:48.650] [main/DEBUG] [oshi.util.FileUtil/]: Reading file /sys/devices/system/cpu/cpu18/cpu_capacity
[07Feb2025 10:13:48.650] [main/DEBUG] [oshi.util.FileUtil/]: Reading file /sys/devices/system/cpu/cpu18/cache/index2/level
[07Feb2025 10:13:48.650] [main/DEBUG] [oshi.util.FileUtil/]: Reading file /sys/devices/system/cpu/cpu18/cache/index2/level
[07Feb2025 10:13:48.650] [main/DEBUG] [oshi.util.FileUtil/]: Reading file /sys/devices/system/cpu/cpu18/cache/index2/type
[07Feb2025 10:13:48.650] [main/DEBUG] [oshi.util.FileUtil/]: Reading file /sys/devices/system/cpu/cpu18/cache/index2/type
[07Feb2025 10:13:48.650] [main/DEBUG] [oshi.util.FileUtil/]: Reading file /sys/devices/system/cpu/cpu18/cache/index2/ways_of_associativity
[07Feb2025 10:13:48.650] [main/DEBUG] [oshi.util.FileUtil/]: Reading file /sys/devices/system/cpu/cpu18/cache/index2/ways_of_associativity
[07Feb2025 10:13:48.650] [main/DEBUG] [oshi.util.FileUtil/]: Reading file /sys/devices/system/cpu/cpu18/cache/index2/coherency_line_size
[07Feb2025 10:13:48.650] [main/DEBUG] [oshi.util.FileUtil/]: Reading file /sys/devices/system/cpu/cpu18/cache/index2/coherency_line_size
[07Feb2025 10:13:48.650] [main/DEBUG] [oshi.util.FileUtil/]: Reading file /sys/devices/system/cpu/cpu18/cache/index2/size
[07Feb2025 10:13:48.650] [main/DEBUG] [oshi.util.FileUtil/]: Reading file /sys/devices/system/cpu/cpu18/cache/index2/size
[07Feb2025 10:13:48.650] [main/DEBUG] [oshi.util.FileUtil/]: Reading file /sys/devices/system/cpu/cpu18/cache/index0/level
[07Feb2025 10:13:48.651] [main/DEBUG] [oshi.util.FileUtil/]: Reading file /sys/devices/system/cpu/cpu18/cache/index0/level
[07Feb2025 10:13:48.651] [main/DEBUG] [oshi.util.FileUtil/]: Reading file /sys/devices/system/cpu/cpu18/cache/index0/type
[07Feb2025 10:13:48.651] [main/DEBUG] [oshi.util.FileUtil/]: Reading file /sys/devices/system/cpu/cpu18/cache/index0/type
[07Feb2025 10:13:48.651] [main/DEBUG] [oshi.util.FileUtil/]: Reading file /sys/devices/system/cpu/cpu18/cache/index0/ways_of_associativity
[07Feb2025 10:13:48.651] [main/DEBUG] [oshi.util.FileUtil/]: Reading file /sys/devices/system/cpu/cpu18/cache/index0/ways_of_associativity
[07Feb2025 10:13:48.651] [main/DEBUG] [oshi.util.FileUtil/]: Reading file /sys/devices/system/cpu/cpu18/cache/index0/coherency_line_size
[07Feb2025 10:13:48.651] [main/DEBUG] [oshi.util.FileUtil/]: Reading file /sys/devices/system/cpu/cpu18/cache/index0/coherency_line_size
[07Feb2025 10:13:48.651] [main/DEBUG] [oshi.util.FileUtil/]: Reading file /sys/devices/system/cpu/cpu18/cache/index0/size
[07Feb2025 10:13:48.651] [main/DEBUG] [oshi.util.FileUtil/]: Reading file /sys/devices/system/cpu/cpu18/cache/index0/size
[07Feb2025 10:13:48.651] [main/DEBUG] [oshi.util.FileUtil/]: Reading file /sys/devices/system/cpu/cpu18/cache/index3/level
[07Feb2025 10:13:48.651] [main/DEBUG] [oshi.util.FileUtil/]: Reading file /sys/devices/system/cpu/cpu18/cache/index3/level
[07Feb2025 10:13:48.651] [main/DEBUG] [oshi.util.FileUtil/]: Reading file /sys/devices/system/cpu/cpu18/cache/index3/type
[07Feb2025 10:13:48.651] [main/DEBUG] [oshi.util.FileUtil/]: Reading file /sys/devices/system/cpu/cpu18/cache/index3/type
[07Feb2025 10:13:48.651] [main/DEBUG] [oshi.util.FileUtil/]: Reading file /sys/devices/system/cpu/cpu18/cache/index3/ways_of_associativity
[07Feb2025 10:13:48.651] [main/DEBUG] [oshi.util.FileUtil/]: Reading file /sys/devices/system/cpu/cpu18/cache/index3/ways_of_associativity
[07Feb2025 10:13:48.651] [main/DEBUG] [oshi.util.FileUtil/]: Reading file /sys/devices/system/cpu/cpu18/cache/index3/coherency_line_size
[07Feb2025 10:13:48.652] [main/DEBUG] [oshi.util.FileUtil/]: Reading file /sys/devices/system/cpu/cpu18/cache/index3/coherency_line_size
[07Feb2025 10:13:48.652] [main/DEBUG] [oshi.util.FileUtil/]: Reading file /sys/devices/system/cpu/cpu18/cache/index3/size
[07Feb2025 10:13:48.652] [main/DEBUG] [oshi.util.FileUtil/]: Reading file /sys/devices/system/cpu/cpu18/cache/index3/size
[07Feb2025 10:13:48.652] [main/DEBUG] [oshi.util.FileUtil/]: Reading file /sys/devices/system/cpu/cpu18/cache/index1/level
[07Feb2025 10:13:48.652] [main/DEBUG] [oshi.util.FileUtil/]: Reading file /sys/devices/system/cpu/cpu18/cache/index1/level
[07Feb2025 10:13:48.652] [main/DEBUG] [oshi.util.FileUtil/]: Reading file /sys/devices/system/cpu/cpu18/cache/index1/type
[07Feb2025 10:13:48.652] [main/DEBUG] [oshi.util.FileUtil/]: Reading file /sys/devices/system/cpu/cpu18/cache/index1/type
[07Feb2025 10:13:48.652] [main/DEBUG] [oshi.util.FileUtil/]: Reading file /sys/devices/system/cpu/cpu18/cache/index1/ways_of_associativity
[07Feb2025 10:13:48.652] [main/DEBUG] [oshi.util.FileUtil/]: Reading file /sys/devices/system/cpu/cpu18/cache/index1/ways_of_associativity
[07Feb2025 10:13:48.652] [main/DEBUG] [oshi.util.FileUtil/]: Reading file /sys/devices/system/cpu/cpu18/cache/index1/coherency_line_size
[07Feb2025 10:13:48.652] [main/DEBUG] [oshi.util.FileUtil/]: Reading file /sys/devices/system/cpu/cpu18/cache/index1/coherency_line_size
[07Feb2025 10:13:48.652] [main/DEBUG] [oshi.util.FileUtil/]: Reading file /sys/devices/system/cpu/cpu18/cache/index1/size
[07Feb2025 10:13:48.652] [main/DEBUG] [oshi.util.FileUtil/]: Reading file /sys/devices/system/cpu/cpu18/cache/index1/size
[07Feb2025 10:13:48.653] [main/DEBUG] [oshi.util.FileUtil/]: Reading file /sys/devices/system/cpu/cpu19/topology/core_id
[07Feb2025 10:13:48.653] [main/DEBUG] [oshi.util.FileUtil/]: Reading file /sys/devices/system/cpu/cpu19/topology/core_id
[07Feb2025 10:13:48.653] [main/DEBUG] [oshi.util.FileUtil/]: Reading file /sys/devices/system/cpu/cpu19/topology/physical_package_id
[07Feb2025 10:13:48.653] [main/DEBUG] [oshi.util.FileUtil/]: Reading file /sys/devices/system/cpu/cpu19/topology/physical_package_id
[07Feb2025 10:13:48.653] [main/DEBUG] [oshi.util.FileUtil/]: Reading file /sys/devices/system/cpu/cpu19/cpu_capacity
[07Feb2025 10:13:48.653] [main/DEBUG] [oshi.util.FileUtil/]: Reading file /sys/devices/system/cpu/cpu19/cache/index2/level
[07Feb2025 10:13:48.653] [main/DEBUG] [oshi.util.FileUtil/]: Reading file /sys/devices/system/cpu/cpu19/cache/index2/level
[07Feb2025 10:13:48.653] [main/DEBUG] [oshi.util.FileUtil/]: Reading file /sys/devices/system/cpu/cpu19/cache/index2/type
[07Feb2025 10:13:48.653] [main/DEBUG] [oshi.util.FileUtil/]: Reading file /sys/devices/system/cpu/cpu19/cache/index2/type
[07Feb2025 10:13:48.653] [main/DEBUG] [oshi.util.FileUtil/]: Reading file /sys/devices/system/cpu/cpu19/cache/index2/ways_of_associativity
[07Feb2025 10:13:48.653] [main/DEBUG] [oshi.util.FileUtil/]: Reading file /sys/devices/system/cpu/cpu19/cache/index2/ways_of_associativity
[07Feb2025 10:13:48.653] [main/DEBUG] [oshi.util.FileUtil/]: Reading file /sys/devices/system/cpu/cpu19/cache/index2/coherency_line_size
[07Feb2025 10:13:48.653] [main/DEBUG] [oshi.util.FileUtil/]: Reading file /sys/devices/system/cpu/cpu19/cache/index2/coherency_line_size
[07Feb2025 10:13:48.653] [main/DEBUG] [oshi.util.FileUtil/]: Reading file /sys/devices/system/cpu/cpu19/cache/index2/size
[07Feb2025 10:13:48.653] [main/DEBUG] [oshi.util.FileUtil/]: Reading file /sys/devices/system/cpu/cpu19/cache/index2/size
[07Feb2025 10:13:48.653] [main/DEBUG] [oshi.util.FileUtil/]: Reading file /sys/devices/system/cpu/cpu19/cache/index0/level
[07Feb2025 10:13:48.654] [main/DEBUG] [oshi.util.FileUtil/]: Reading file /sys/devices/system/cpu/cpu19/cache/index0/level
[07Feb2025 10:13:48.654] [main/DEBUG] [oshi.util.FileUtil/]: Reading file /sys/devices/system/cpu/cpu19/cache/index0/type
[07Feb2025 10:13:48.654] [main/DEBUG] [oshi.util.FileUtil/]: Reading file /sys/devices/system/cpu/cpu19/cache/index0/type
[07Feb2025 10:13:48.654] [main/DEBUG] [oshi.util.FileUtil/]: Reading file /sys/devices/system/cpu/cpu19/cache/index0/ways_of_associativity
[07Feb2025 10:13:48.654] [main/DEBUG] [oshi.util.FileUtil/]: Reading file /sys/devices/system/cpu/cpu19/cache/index0/ways_of_associativity
[07Feb2025 10:13:48.654] [main/DEBUG] [oshi.util.FileUtil/]: Reading file /sys/devices/system/cpu/cpu19/cache/index0/coherency_line_size
[07Feb2025 10:13:48.654] [main/DEBUG] [oshi.util.FileUtil/]: Reading file /sys/devices/system/cpu/cpu19/cache/index0/coherency_line_size
[07Feb2025 10:13:48.654] [main/DEBUG] [oshi.util.FileUtil/]: Reading file /sys/devices/system/cpu/cpu19/cache/index0/size
[07Feb2025 10:13:48.654] [main/DEBUG] [oshi.util.FileUtil/]: Reading file /sys/devices/system/cpu/cpu19/cache/index0/size
[07Feb2025 10:13:48.654] [main/DEBUG] [oshi.util.FileUtil/]: Reading file /sys/devices/system/cpu/cpu19/cache/index3/level
[07Feb2025 10:13:48.654] [main/DEBUG] [oshi.util.FileUtil/]: Reading file /sys/devices/system/cpu/cpu19/cache/index3/level
[07Feb2025 10:13:48.654] [main/DEBUG] [oshi.util.FileUtil/]: Reading file /sys/devices/system/cpu/cpu19/cache/index3/type
[07Feb2025 10:13:48.654] [main/DEBUG] [oshi.util.FileUtil/]: Reading file /sys/devices/system/cpu/cpu19/cache/index3/type
[07Feb2025 10:13:48.654] [main/DEBUG] [oshi.util.FileUtil/]: Reading file /sys/devices/system/cpu/cpu19/cache/index3/ways_of_associativity
[07Feb2025 10:13:48.654] [main/DEBUG] [oshi.util.FileUtil/]: Reading file /sys/devices/system/cpu/cpu19/cache/index3/ways_of_associativity
[07Feb2025 10:13:48.654] [main/DEBUG] [oshi.util.FileUtil/]: Reading file /sys/devices/system/cpu/cpu19/cache/index3/coherency_line_size
[07Feb2025 10:13:48.654] [main/DEBUG] [oshi.util.FileUtil/]: Reading file /sys/devices/system/cpu/cpu19/cache/index3/coherency_line_size
[07Feb2025 10:13:48.655] [main/DEBUG] [oshi.util.FileUtil/]: Reading file /sys/devices/system/cpu/cpu19/cache/index3/size
[07Feb2025 10:13:48.655] [main/DEBUG] [oshi.util.FileUtil/]: Reading file /sys/devices/system/cpu/cpu19/cache/index3/size
[07Feb2025 10:13:48.655] [main/DEBUG] [oshi.util.FileUtil/]: Reading file /sys/devices/system/cpu/cpu19/cache/index1/level
[07Feb2025 10:13:48.655] [main/DEBUG] [oshi.util.FileUtil/]: Reading file /sys/devices/system/cpu/cpu19/cache/index1/level
[07Feb2025 10:13:48.655] [main/DEBUG] [oshi.util.FileUtil/]: Reading file /sys/devices/system/cpu/cpu19/cache/index1/type
[07Feb2025 10:13:48.655] [main/DEBUG] [oshi.util.FileUtil/]: Reading file /sys/devices/system/cpu/cpu19/cache/index1/type
[07Feb2025 10:13:48.655] [main/DEBUG] [oshi.util.FileUtil/]: Reading file /sys/devices/system/cpu/cpu19/cache/index1/ways_of_associativity
[07Feb2025 10:13:48.655] [main/DEBUG] [oshi.util.FileUtil/]: Reading file /sys/devices/system/cpu/cpu19/cache/index1/ways_of_associativity
[07Feb2025 10:13:48.655] [main/DEBUG] [oshi.util.FileUtil/]: Reading file /sys/devices/system/cpu/cpu19/cache/index1/coherency_line_size
[07Feb2025 10:13:48.655] [main/DEBUG] [oshi.util.FileUtil/]: Reading file /sys/devices/system/cpu/cpu19/cache/index1/coherency_line_size
[07Feb2025 10:13:48.655] [main/DEBUG] [oshi.util.FileUtil/]: Reading file /sys/devices/system/cpu/cpu19/cache/index1/size
[07Feb2025 10:13:48.655] [main/DEBUG] [oshi.util.FileUtil/]: Reading file /sys/devices/system/cpu/cpu19/cache/index1/size
[07Feb2025 10:13:48.655] [main/DEBUG] [oshi.util.FileUtil/]: Reading file /sys/devices/system/cpu/cpu2/topology/core_id
[07Feb2025 10:13:48.656] [main/DEBUG] [oshi.util.FileUtil/]: Reading file /sys/devices/system/cpu/cpu2/topology/core_id
[07Feb2025 10:13:48.656] [main/DEBUG] [oshi.util.FileUtil/]: Reading file /sys/devices/system/cpu/cpu2/topology/physical_package_id
[07Feb2025 10:13:48.656] [main/DEBUG] [oshi.util.FileUtil/]: Reading file /sys/devices/system/cpu/cpu2/topology/physical_package_id
[07Feb2025 10:13:48.656] [main/DEBUG] [oshi.util.FileUtil/]: Reading file /sys/devices/system/cpu/cpu2/cpu_capacity
[07Feb2025 10:13:48.656] [main/DEBUG] [oshi.util.FileUtil/]: Reading file /sys/devices/system/cpu/cpu2/cache/index2/level
[07Feb2025 10:13:48.656] [main/DEBUG] [oshi.util.FileUtil/]: Reading file /sys/devices/system/cpu/cpu2/cache/index2/level
[07Feb2025 10:13:48.656] [main/DEBUG] [oshi.util.FileUtil/]: Reading file /sys/devices/system/cpu/cpu2/cache/index2/type
[07Feb2025 10:13:48.656] [main/DEBUG] [oshi.util.FileUtil/]: Reading file /sys/devices/system/cpu/cpu2/cache/index2/type
[07Feb2025 10:13:48.656] [main/DEBUG] [oshi.util.FileUtil/]: Reading file /sys/devices/system/cpu/cpu2/cache/index2/ways_of_associativity
[07Feb2025 10:13:48.656] [main/DEBUG] [oshi.util.FileUtil/]: Reading file /sys/devices/system/cpu/cpu2/cache/index2/ways_of_associativity
[07Feb2025 10:13:48.656] [main/DEBUG] [oshi.util.FileUtil/]: Reading file /sys/devices/system/cpu/cpu2/cache/index2/coherency_line_size
[07Feb2025 10:13:48.656] [main/DEBUG] [oshi.util.FileUtil/]: Reading file /sys/devices/system/cpu/cpu2/cache/index2/coherency_line_size
[07Feb2025 10:13:48.656] [main/DEBUG] [oshi.util.FileUtil/]: Reading file /sys/devices/system/cpu/cpu2/cache/index2/size
[07Feb2025 10:13:48.656] [main/DEBUG] [oshi.util.FileUtil/]: Reading file /sys/devices/system/cpu/cpu2/cache/index2/size
[07Feb2025 10:13:48.656] [main/DEBUG] [oshi.util.FileUtil/]: Reading file /sys/devices/system/cpu/cpu2/cache/index0/level
[07Feb2025 10:13:48.656] [main/DEBUG] [oshi.util.FileUtil/]: Reading file /sys/devices/system/cpu/cpu2/cache/index0/level
[07Feb2025 10:13:48.657] [main/DEBUG] [oshi.util.FileUtil/]: Reading file /sys/devices/system/cpu/cpu2/cache/index0/type
[07Feb2025 10:13:48.657] [main/DEBUG] [oshi.util.FileUtil/]: Reading file /sys/devices/system/cpu/cpu2/cache/index0/type
[07Feb2025 10:13:48.657] [main/DEBUG] [oshi.util.FileUtil/]: Reading file /sys/devices/system/cpu/cpu2/cache/index0/ways_of_associativity
[07Feb2025 10:13:48.657] [main/DEBUG] [oshi.util.FileUtil/]: Reading file /sys/devices/system/cpu/cpu2/cache/index0/ways_of_associativity
[07Feb2025 10:13:48.657] [main/DEBUG] [oshi.util.FileUtil/]: Reading file /sys/devices/system/cpu/cpu2/cache/index0/coherency_line_size
[07Feb2025 10:13:48.657] [main/DEBUG] [oshi.util.FileUtil/]: Reading file /sys/devices/system/cpu/cpu2/cache/index0/coherency_line_size
[07Feb2025 10:13:48.657] [main/DEBUG] [oshi.util.FileUtil/]: Reading file /sys/devices/system/cpu/cpu2/cache/index0/size
[07Feb2025 10:13:48.657] [main/DEBUG] [oshi.util.FileUtil/]: Reading file /sys/devices/system/cpu/cpu2/cache/index0/size
[07Feb2025 10:13:48.657] [main/DEBUG] [oshi.util.FileUtil/]: Reading file /sys/devices/system/cpu/cpu2/cache/index3/level
[07Feb2025 10:13:48.657] [main/DEBUG] [oshi.util.FileUtil/]: Reading file /sys/devices/system/cpu/cpu2/cache/index3/level
[07Feb2025 10:13:48.657] [main/DEBUG] [oshi.util.FileUtil/]: Reading file /sys/devices/system/cpu/cpu2/cache/index3/type
[07Feb2025 10:13:48.657] [main/DEBUG] [oshi.util.FileUtil/]: Reading file /sys/devices/system/cpu/cpu2/cache/index3/type
[07Feb2025 10:13:48.657] [main/DEBUG] [oshi.util.FileUtil/]: Reading file /sys/devices/system/cpu/cpu2/cache/index3/ways_of_associativity
[07Feb2025 10:13:48.657] [main/DEBUG] [oshi.util.FileUtil/]: Reading file /sys/devices/system/cpu/cpu2/cache/index3/ways_of_associativity
[07Feb2025 10:13:48.657] [main/DEBUG] [oshi.util.FileUtil/]: Reading file /sys/devices/system/cpu/cpu2/cache/index3/coherency_line_size
[07Feb2025 10:13:48.657] [main/DEBUG] [oshi.util.FileUtil/]: Reading file /sys/devices/system/cpu/cpu2/cache/index3/coherency_line_size
[07Feb2025 10:13:48.658] [main/DEBUG] [oshi.util.FileUtil/]: Reading file /sys/devices/system/cpu/cpu2/cache/index3/size
[07Feb2025 10:13:48.658] [main/DEBUG] [oshi.util.FileUtil/]: Reading file /sys/devices/system/cpu/cpu2/cache/index3/size
[07Feb2025 10:13:48.658] [main/DEBUG] [oshi.util.FileUtil/]: Reading file /sys/devices/system/cpu/cpu2/cache/index1/level
[07Feb2025 10:13:48.658] [main/DEBUG] [oshi.util.FileUtil/]: Reading file /sys/devices/system/cpu/cpu2/cache/index1/level
[07Feb2025 10:13:48.658] [main/DEBUG] [oshi.util.FileUtil/]: Reading file /sys/devices/system/cpu/cpu2/cache/index1/type
[07Feb2025 10:13:48.658] [main/DEBUG] [oshi.util.FileUtil/]: Reading file /sys/devices/system/cpu/cpu2/cache/index1/type
[07Feb2025 10:13:48.658] [main/DEBUG] [oshi.util.FileUtil/]: Reading file /sys/devices/system/cpu/cpu2/cache/index1/ways_of_associativity
[07Feb2025 10:13:48.658] [main/DEBUG] [oshi.util.FileUtil/]: Reading file /sys/devices/system/cpu/cpu2/cache/index1/ways_of_associativity
[07Feb2025 10:13:48.658] [main/DEBUG] [oshi.util.FileUtil/]: Reading file /sys/devices/system/cpu/cpu2/cache/index1/coherency_line_size
[07Feb2025 10:13:48.658] [main/DEBUG] [oshi.util.FileUtil/]: Reading file /sys/devices/system/cpu/cpu2/cache/index1/coherency_line_size
[07Feb2025 10:13:48.658] [main/DEBUG] [oshi.util.FileUtil/]: Reading file /sys/devices/system/cpu/cpu2/cache/index1/size
[07Feb2025 10:13:48.658] [main/DEBUG] [oshi.util.FileUtil/]: Reading file /sys/devices/system/cpu/cpu2/cache/index1/size
[07Feb2025 10:13:48.659] [main/DEBUG] [oshi.util.FileUtil/]: Reading file /sys/devices/system/cpu/cpu20/topology/core_id
[07Feb2025 10:13:48.659] [main/DEBUG] [oshi.util.FileUtil/]: Reading file /sys/devices/system/cpu/cpu20/topology/core_id
[07Feb2025 10:13:48.659] [main/DEBUG] [oshi.util.FileUtil/]: Reading file /sys/devices/system/cpu/cpu20/topology/physical_package_id
[07Feb2025 10:13:48.659] [main/DEBUG] [oshi.util.FileUtil/]: Reading file /sys/devices/system/cpu/cpu20/topology/physical_package_id
[07Feb2025 10:13:48.659] [main/DEBUG] [oshi.util.FileUtil/]: Reading file /sys/devices/system/cpu/cpu20/cpu_capacity
[07Feb2025 10:13:48.659] [main/DEBUG] [oshi.util.FileUtil/]: Reading file /sys/devices/system/cpu/cpu20/cache/index2/level
[07Feb2025 10:13:48.659] [main/DEBUG] [oshi.util.FileUtil/]: Reading file /sys/devices/system/cpu/cpu20/cache/index2/level
[07Feb2025 10:13:48.659] [main/DEBUG] [oshi.util.FileUtil/]: Reading file /sys/devices/system/cpu/cpu20/cache/index2/type
[07Feb2025 10:13:48.659] [main/DEBUG] [oshi.util.FileUtil/]: Reading file /sys/devices/system/cpu/cpu20/cache/index2/type
[07Feb2025 10:13:48.659] [main/DEBUG] [oshi.util.FileUtil/]: Reading file /sys/devices/system/cpu/cpu20/cache/index2/ways_of_associativity
[07Feb2025 10:13:48.659] [main/DEBUG] [oshi.util.FileUtil/]: Reading file /sys/devices/system/cpu/cpu20/cache/index2/ways_of_associativity
[07Feb2025 10:13:48.660] [main/DEBUG] [oshi.util.FileUtil/]: Reading file /sys/devices/system/cpu/cpu20/cache/index2/coherency_line_size
[07Feb2025 10:13:48.660] [main/DEBUG] [oshi.util.FileUtil/]: Reading file /sys/devices/system/cpu/cpu20/cache/index2/coherency_line_size
[07Feb2025 10:13:48.660] [main/DEBUG] [oshi.util.FileUtil/]: Reading file /sys/devices/system/cpu/cpu20/cache/index2/size
[07Feb2025 10:13:48.660] [main/DEBUG] [oshi.util.FileUtil/]: Reading file /sys/devices/system/cpu/cpu20/cache/index2/size
[07Feb2025 10:13:48.660] [main/DEBUG] [oshi.util.FileUtil/]: Reading file /sys/devices/system/cpu/cpu20/cache/index0/level
[07Feb2025 10:13:48.660] [main/DEBUG] [oshi.util.FileUtil/]: Reading file /sys/devices/system/cpu/cpu20/cache/index0/level
[07Feb2025 10:13:48.660] [main/DEBUG] [oshi.util.FileUtil/]: Reading file /sys/devices/system/cpu/cpu20/cache/index0/type
[07Feb2025 10:13:48.660] [main/DEBUG] [oshi.util.FileUtil/]: Reading file /sys/devices/system/cpu/cpu20/cache/index0/type
[07Feb2025 10:13:48.660] [main/DEBUG] [oshi.util.FileUtil/]: Reading file /sys/devices/system/cpu/cpu20/cache/index0/ways_of_associativity
[07Feb2025 10:13:48.660] [main/DEBUG] [oshi.util.FileUtil/]: Reading file /sys/devices/system/cpu/cpu20/cache/index0/ways_of_associativity
[07Feb2025 10:13:48.660] [main/DEBUG] [oshi.util.FileUtil/]: Reading file /sys/devices/system/cpu/cpu20/cache/index0/coherency_line_size
[07Feb2025 10:13:48.660] [main/DEBUG] [oshi.util.FileUtil/]: Reading file /sys/devices/system/cpu/cpu20/cache/index0/coherency_line_size
[07Feb2025 10:13:48.660] [main/DEBUG] [oshi.util.FileUtil/]: Reading file /sys/devices/system/cpu/cpu20/cache/index0/size
[07Feb2025 10:13:48.660] [main/DEBUG] [oshi.util.FileUtil/]: Reading file /sys/devices/system/cpu/cpu20/cache/index0/size
[07Feb2025 10:13:48.661] [main/DEBUG] [oshi.util.FileUtil/]: Reading file /sys/devices/system/cpu/cpu20/cache/index3/level
[07Feb2025 10:13:48.661] [main/DEBUG] [oshi.util.FileUtil/]: Reading file /sys/devices/system/cpu/cpu20/cache/index3/level
[07Feb2025 10:13:48.661] [main/DEBUG] [oshi.util.FileUtil/]: Reading file /sys/devices/system/cpu/cpu20/cache/index3/type
[07Feb2025 10:13:48.661] [main/DEBUG] [oshi.util.FileUtil/]: Reading file /sys/devices/system/cpu/cpu20/cache/index3/type
[07Feb2025 10:13:48.661] [main/DEBUG] [oshi.util.FileUtil/]: Reading file /sys/devices/system/cpu/cpu20/cache/index3/ways_of_associativity
[07Feb2025 10:13:48.661] [main/DEBUG] [oshi.util.FileUtil/]: Reading file /sys/devices/system/cpu/cpu20/cache/index3/ways_of_associativity
[07Feb2025 10:13:48.661] [main/DEBUG] [oshi.util.FileUtil/]: Reading file /sys/devices/system/cpu/cpu20/cache/index3/coherency_line_size
[07Feb2025 10:13:48.661] [main/DEBUG] [oshi.util.FileUtil/]: Reading file /sys/devices/system/cpu/cpu20/cache/index3/coherency_line_size
[07Feb2025 10:13:48.661] [main/DEBUG] [oshi.util.FileUtil/]: Reading file /sys/devices/system/cpu/cpu20/cache/index3/size
[07Feb2025 10:13:48.661] [main/DEBUG] [oshi.util.FileUtil/]: Reading file /sys/devices/system/cpu/cpu20/cache/index3/size
[07Feb2025 10:13:48.661] [main/DEBUG] [oshi.util.FileUtil/]: Reading file /sys/devices/system/cpu/cpu20/cache/index1/level
[07Feb2025 10:13:48.661] [main/DEBUG] [oshi.util.FileUtil/]: Reading file /sys/devices/system/cpu/cpu20/cache/index1/level
[07Feb2025 10:13:48.661] [main/DEBUG] [oshi.util.FileUtil/]: Reading file /sys/devices/system/cpu/cpu20/cache/index1/type
[07Feb2025 10:13:48.661] [main/DEBUG] [oshi.util.FileUtil/]: Reading file /sys/devices/system/cpu/cpu20/cache/index1/type
[07Feb2025 10:13:48.662] [main/DEBUG] [oshi.util.FileUtil/]: Reading file /sys/devices/system/cpu/cpu20/cache/index1/ways_of_associativity
[07Feb2025 10:13:48.662] [main/DEBUG] [oshi.util.FileUtil/]: Reading file /sys/devices/system/cpu/cpu20/cache/index1/ways_of_associativity
[07Feb2025 10:13:48.662] [main/DEBUG] [oshi.util.FileUtil/]: Reading file /sys/devices/system/cpu/cpu20/cache/index1/coherency_line_size
[07Feb2025 10:13:48.662] [main/DEBUG] [oshi.util.FileUtil/]: Reading file /sys/devices/system/cpu/cpu20/cache/index1/coherency_line_size
[07Feb2025 10:13:48.662] [main/DEBUG] [oshi.util.FileUtil/]: Reading file /sys/devices/system/cpu/cpu20/cache/index1/size
[07Feb2025 10:13:48.662] [main/DEBUG] [oshi.util.FileUtil/]: Reading file /sys/devices/system/cpu/cpu20/cache/index1/size
[07Feb2025 10:13:48.663] [main/DEBUG] [oshi.util.FileUtil/]: Reading file /sys/devices/system/cpu/cpu21/topology/core_id
[07Feb2025 10:13:48.663] [main/DEBUG] [oshi.util.FileUtil/]: Reading file /sys/devices/system/cpu/cpu21/topology/core_id
[07Feb2025 10:13:48.663] [main/DEBUG] [oshi.util.FileUtil/]: Reading file /sys/devices/system/cpu/cpu21/topology/physical_package_id
[07Feb2025 10:13:48.663] [main/DEBUG] [oshi.util.FileUtil/]: Reading file /sys/devices/system/cpu/cpu21/topology/physical_package_id
[07Feb2025 10:13:48.663] [main/DEBUG] [oshi.util.FileUtil/]: Reading file /sys/devices/system/cpu/cpu21/cpu_capacity
[07Feb2025 10:13:48.663] [main/DEBUG] [oshi.util.FileUtil/]: Reading file /sys/devices/system/cpu/cpu21/cache/index2/level
[07Feb2025 10:13:48.664] [main/DEBUG] [oshi.util.FileUtil/]: Reading file /sys/devices/system/cpu/cpu21/cache/index2/level
[07Feb2025 10:13:48.664] [main/DEBUG] [oshi.util.FileUtil/]: Reading file /sys/devices/system/cpu/cpu21/cache/index2/type
[07Feb2025 10:13:48.664] [main/DEBUG] [oshi.util.FileUtil/]: Reading file /sys/devices/system/cpu/cpu21/cache/index2/type
[07Feb2025 10:13:48.664] [main/DEBUG] [oshi.util.FileUtil/]: Reading file /sys/devices/system/cpu/cpu21/cache/index2/ways_of_associativity
[07Feb2025 10:13:48.664] [main/DEBUG] [oshi.util.FileUtil/]: Reading file /sys/devices/system/cpu/cpu21/cache/index2/ways_of_associativity
[07Feb2025 10:13:48.664] [main/DEBUG] [oshi.util.FileUtil/]: Reading file /sys/devices/system/cpu/cpu21/cache/index2/coherency_line_size
[07Feb2025 10:13:48.664] [main/DEBUG] [oshi.util.FileUtil/]: Reading file /sys/devices/system/cpu/cpu21/cache/index2/coherency_line_size
[07Feb2025 10:13:48.664] [main/DEBUG] [oshi.util.FileUtil/]: Reading file /sys/devices/system/cpu/cpu21/cache/index2/size
[07Feb2025 10:13:48.664] [main/DEBUG] [oshi.util.FileUtil/]: Reading file /sys/devices/system/cpu/cpu21/cache/index2/size
[07Feb2025 10:13:48.664] [main/DEBUG] [oshi.util.FileUtil/]: Reading file /sys/devices/system/cpu/cpu21/cache/index0/level
[07Feb2025 10:13:48.664] [main/DEBUG] [oshi.util.FileUtil/]: Reading file /sys/devices/system/cpu/cpu21/cache/index0/level
[07Feb2025 10:13:48.664] [main/DEBUG] [oshi.util.FileUtil/]: Reading file /sys/devices/system/cpu/cpu21/cache/index0/type
[07Feb2025 10:13:48.664] [main/DEBUG] [oshi.util.FileUtil/]: Reading file /sys/devices/system/cpu/cpu21/cache/index0/type
[07Feb2025 10:13:48.664] [main/DEBUG] [oshi.util.FileUtil/]: Reading file /sys/devices/system/cpu/cpu21/cache/index0/ways_of_associativity
[07Feb2025 10:13:48.664] [main/DEBUG] [oshi.util.FileUtil/]: Reading file /sys/devices/system/cpu/cpu21/cache/index0/ways_of_associativity
[07Feb2025 10:13:48.664] [main/DEBUG] [oshi.util.FileUtil/]: Reading file /sys/devices/system/cpu/cpu21/cache/index0/coherency_line_size
[07Feb2025 10:13:48.665] [main/DEBUG] [oshi.util.FileUtil/]: Reading file /sys/devices/system/cpu/cpu21/cache/index0/coherency_line_size
[07Feb2025 10:13:48.665] [main/DEBUG] [oshi.util.FileUtil/]: Reading file /sys/devices/system/cpu/cpu21/cache/index0/size
[07Feb2025 10:13:48.665] [main/DEBUG] [oshi.util.FileUtil/]: Reading file /sys/devices/system/cpu/cpu21/cache/index0/size
[07Feb2025 10:13:48.665] [main/DEBUG] [oshi.util.FileUtil/]: Reading file /sys/devices/system/cpu/cpu21/cache/index3/level
[07Feb2025 10:13:48.665] [main/DEBUG] [oshi.util.FileUtil/]: Reading file /sys/devices/system/cpu/cpu21/cache/index3/level
[07Feb2025 10:13:48.665] [main/DEBUG] [oshi.util.FileUtil/]: Reading file /sys/devices/system/cpu/cpu21/cache/index3/type
[07Feb2025 10:13:48.665] [main/DEBUG] [oshi.util.FileUtil/]: Reading file /sys/devices/system/cpu/cpu21/cache/index3/type
[07Feb2025 10:13:48.665] [main/DEBUG] [oshi.util.FileUtil/]: Reading file /sys/devices/system/cpu/cpu21/cache/index3/ways_of_associativity
[07Feb2025 10:13:48.665] [main/DEBUG] [oshi.util.FileUtil/]: Reading file /sys/devices/system/cpu/cpu21/cache/index3/ways_of_associativity
[07Feb2025 10:13:48.665] [main/DEBUG] [oshi.util.FileUtil/]: Reading file /sys/devices/system/cpu/cpu21/cache/index3/coherency_line_size
[07Feb2025 10:13:48.665] [main/DEBUG] [oshi.util.FileUtil/]: Reading file /sys/devices/system/cpu/cpu21/cache/index3/coherency_line_size
[07Feb2025 10:13:48.665] [main/DEBUG] [oshi.util.FileUtil/]: Reading file /sys/devices/system/cpu/cpu21/cache/index3/size
[07Feb2025 10:13:48.665] [main/DEBUG] [oshi.util.FileUtil/]: Reading file /sys/devices/system/cpu/cpu21/cache/index3/size
[07Feb2025 10:13:48.665] [main/DEBUG] [oshi.util.FileUtil/]: Reading file /sys/devices/system/cpu/cpu21/cache/index1/level
[07Feb2025 10:13:48.666] [main/DEBUG] [oshi.util.FileUtil/]: Reading file /sys/devices/system/cpu/cpu21/cache/index1/level
[07Feb2025 10:13:48.666] [main/DEBUG] [oshi.util.FileUtil/]: Reading file /sys/devices/system/cpu/cpu21/cache/index1/type
[07Feb2025 10:13:48.666] [main/DEBUG] [oshi.util.FileUtil/]: Reading file /sys/devices/system/cpu/cpu21/cache/index1/type
[07Feb2025 10:13:48.666] [main/DEBUG] [oshi.util.FileUtil/]: Reading file /sys/devices/system/cpu/cpu21/cache/index1/ways_of_associativity
[07Feb2025 10:13:48.666] [main/DEBUG] [oshi.util.FileUtil/]: Reading file /sys/devices/system/cpu/cpu21/cache/index1/ways_of_associativity
[07Feb2025 10:13:48.666] [main/DEBUG] [oshi.util.FileUtil/]: Reading file /sys/devices/system/cpu/cpu21/cache/index1/coherency_line_size
[07Feb2025 10:13:48.666] [main/DEBUG] [oshi.util.FileUtil/]: Reading file /sys/devices/system/cpu/cpu21/cache/index1/coherency_line_size
[07Feb2025 10:13:48.666] [main/DEBUG] [oshi.util.FileUtil/]: Reading file /sys/devices/system/cpu/cpu21/cache/index1/size
[07Feb2025 10:13:48.666] [main/DEBUG] [oshi.util.FileUtil/]: Reading file /sys/devices/system/cpu/cpu21/cache/index1/size
[07Feb2025 10:13:48.667] [main/DEBUG] [oshi.util.FileUtil/]: Reading file /sys/devices/system/cpu/cpu22/topology/core_id
[07Feb2025 10:13:48.667] [main/DEBUG] [oshi.util.FileUtil/]: Reading file /sys/devices/system/cpu/cpu22/topology/core_id
[07Feb2025 10:13:48.667] [main/DEBUG] [oshi.util.FileUtil/]: Reading file /sys/devices/system/cpu/cpu22/topology/physical_package_id
[07Feb2025 10:13:48.667] [main/DEBUG] [oshi.util.FileUtil/]: Reading file /sys/devices/system/cpu/cpu22/topology/physical_package_id
[07Feb2025 10:13:48.667] [main/DEBUG] [oshi.util.FileUtil/]: Reading file /sys/devices/system/cpu/cpu22/cpu_capacity
[07Feb2025 10:13:48.667] [main/DEBUG] [oshi.util.FileUtil/]: Reading file /sys/devices/system/cpu/cpu22/cache/index2/level
[07Feb2025 10:13:48.667] [main/DEBUG] [oshi.util.FileUtil/]: Reading file /sys/devices/system/cpu/cpu22/cache/index2/level
[07Feb2025 10:13:48.667] [main/DEBUG] [oshi.util.FileUtil/]: Reading file /sys/devices/system/cpu/cpu22/cache/index2/type
[07Feb2025 10:13:48.667] [main/DEBUG] [oshi.util.FileUtil/]: Reading file /sys/devices/system/cpu/cpu22/cache/index2/type
[07Feb2025 10:13:48.667] [main/DEBUG] [oshi.util.FileUtil/]: Reading file /sys/devices/system/cpu/cpu22/cache/index2/ways_of_associativity
[07Feb2025 10:13:48.667] [main/DEBUG] [oshi.util.FileUtil/]: Reading file /sys/devices/system/cpu/cpu22/cache/index2/ways_of_associativity
[07Feb2025 10:13:48.667] [main/DEBUG] [oshi.util.FileUtil/]: Reading file /sys/devices/system/cpu/cpu22/cache/index2/coherency_line_size
[07Feb2025 10:13:48.667] [main/DEBUG] [oshi.util.FileUtil/]: Reading file /sys/devices/system/cpu/cpu22/cache/index2/coherency_line_size
[07Feb2025 10:13:48.667] [main/DEBUG] [oshi.util.FileUtil/]: Reading file /sys/devices/system/cpu/cpu22/cache/index2/size
[07Feb2025 10:13:48.667] [main/DEBUG] [oshi.util.FileUtil/]: Reading file /sys/devices/system/cpu/cpu22/cache/index2/size
[07Feb2025 10:13:48.667] [main/DEBUG] [oshi.util.FileUtil/]: Reading file /sys/devices/system/cpu/cpu22/cache/index0/level
[07Feb2025 10:13:48.667] [main/DEBUG] [oshi.util.FileUtil/]: Reading file /sys/devices/system/cpu/cpu22/cache/index0/level
[07Feb2025 10:13:48.667] [main/DEBUG] [oshi.util.FileUtil/]: Reading file /sys/devices/system/cpu/cpu22/cache/index0/type
[07Feb2025 10:13:48.667] [main/DEBUG] [oshi.util.FileUtil/]: Reading file /sys/devices/system/cpu/cpu22/cache/index0/type
[07Feb2025 10:13:48.668] [main/DEBUG] [oshi.util.FileUtil/]: Reading file /sys/devices/system/cpu/cpu22/cache/index0/ways_of_associativity
[07Feb2025 10:13:48.668] [main/DEBUG] [oshi.util.FileUtil/]: Reading file /sys/devices/system/cpu/cpu22/cache/index0/ways_of_associativity
[07Feb2025 10:13:48.668] [main/DEBUG] [oshi.util.FileUtil/]: Reading file /sys/devices/system/cpu/cpu22/cache/index0/coherency_line_size
[07Feb2025 10:13:48.668] [main/DEBUG] [oshi.util.FileUtil/]: Reading file /sys/devices/system/cpu/cpu22/cache/index0/coherency_line_size
[07Feb2025 10:13:48.668] [main/DEBUG] [oshi.util.FileUtil/]: Reading file /sys/devices/system/cpu/cpu22/cache/index0/size
[07Feb2025 10:13:48.668] [main/DEBUG] [oshi.util.FileUtil/]: Reading file /sys/devices/system/cpu/cpu22/cache/index0/size
[07Feb2025 10:13:48.668] [main/DEBUG] [oshi.util.FileUtil/]: Reading file /sys/devices/system/cpu/cpu22/cache/index3/level
[07Feb2025 10:13:48.668] [main/DEBUG] [oshi.util.FileUtil/]: Reading file /sys/devices/system/cpu/cpu22/cache/index3/level
[07Feb2025 10:13:48.668] [main/DEBUG] [oshi.util.FileUtil/]: Reading file /sys/devices/system/cpu/cpu22/cache/index3/type
[07Feb2025 10:13:48.668] [main/DEBUG] [oshi.util.FileUtil/]: Reading file /sys/devices/system/cpu/cpu22/cache/index3/type
[07Feb2025 10:13:48.668] [main/DEBUG] [oshi.util.FileUtil/]: Reading file /sys/devices/system/cpu/cpu22/cache/index3/ways_of_associativity
[07Feb2025 10:13:48.668] [main/DEBUG] [oshi.util.FileUtil/]: Reading file /sys/devices/system/cpu/cpu22/cache/index3/ways_of_associativity
[07Feb2025 10:13:48.668] [main/DEBUG] [oshi.util.FileUtil/]: Reading file /sys/devices/system/cpu/cpu22/cache/index3/coherency_line_size
[07Feb2025 10:13:48.668] [main/DEBUG] [oshi.util.FileUtil/]: Reading file /sys/devices/system/cpu/cpu22/cache/index3/coherency_line_size
[07Feb2025 10:13:48.668] [main/DEBUG] [oshi.util.FileUtil/]: Reading file /sys/devices/system/cpu/cpu22/cache/index3/size
[07Feb2025 10:13:48.668] [main/DEBUG] [oshi.util.FileUtil/]: Reading file /sys/devices/system/cpu/cpu22/cache/index3/size
[07Feb2025 10:13:48.668] [main/DEBUG] [oshi.util.FileUtil/]: Reading file /sys/devices/system/cpu/cpu22/cache/index1/level
[07Feb2025 10:13:48.668] [main/DEBUG] [oshi.util.FileUtil/]: Reading file /sys/devices/system/cpu/cpu22/cache/index1/level
[07Feb2025 10:13:48.668] [main/DEBUG] [oshi.util.FileUtil/]: Reading file /sys/devices/system/cpu/cpu22/cache/index1/type
[07Feb2025 10:13:48.668] [main/DEBUG] [oshi.util.FileUtil/]: Reading file /sys/devices/system/cpu/cpu22/cache/index1/type
[07Feb2025 10:13:48.668] [main/DEBUG] [oshi.util.FileUtil/]: Reading file /sys/devices/system/cpu/cpu22/cache/index1/ways_of_associativity
[07Feb2025 10:13:48.668] [main/DEBUG] [oshi.util.FileUtil/]: Reading file /sys/devices/system/cpu/cpu22/cache/index1/ways_of_associativity
[07Feb2025 10:13:48.669] [main/DEBUG] [oshi.util.FileUtil/]: Reading file /sys/devices/system/cpu/cpu22/cache/index1/coherency_line_size
[07Feb2025 10:13:48.669] [main/DEBUG] [oshi.util.FileUtil/]: Reading file /sys/devices/system/cpu/cpu22/cache/index1/coherency_line_size
[07Feb2025 10:13:48.669] [main/DEBUG] [oshi.util.FileUtil/]: Reading file /sys/devices/system/cpu/cpu22/cache/index1/size
[07Feb2025 10:13:48.669] [main/DEBUG] [oshi.util.FileUtil/]: Reading file /sys/devices/system/cpu/cpu22/cache/index1/size
[07Feb2025 10:13:48.669] [main/DEBUG] [oshi.util.FileUtil/]: Reading file /sys/devices/system/cpu/cpu23/topology/core_id
[07Feb2025 10:13:48.669] [main/DEBUG] [oshi.util.FileUtil/]: Reading file /sys/devices/system/cpu/cpu23/topology/core_id
[07Feb2025 10:13:48.669] [main/DEBUG] [oshi.util.FileUtil/]: Reading file /sys/devices/system/cpu/cpu23/topology/physical_package_id
[07Feb2025 10:13:48.669] [main/DEBUG] [oshi.util.FileUtil/]: Reading file /sys/devices/system/cpu/cpu23/topology/physical_package_id
[07Feb2025 10:13:48.669] [main/DEBUG] [oshi.util.FileUtil/]: Reading file /sys/devices/system/cpu/cpu23/cpu_capacity
[07Feb2025 10:13:48.669] [main/DEBUG] [oshi.util.FileUtil/]: Reading file /sys/devices/system/cpu/cpu23/cache/index2/level
[07Feb2025 10:13:48.669] [main/DEBUG] [oshi.util.FileUtil/]: Reading file /sys/devices/system/cpu/cpu23/cache/index2/level
[07Feb2025 10:13:48.669] [main/DEBUG] [oshi.util.FileUtil/]: Reading file /sys/devices/system/cpu/cpu23/cache/index2/type
[07Feb2025 10:13:48.669] [main/DEBUG] [oshi.util.FileUtil/]: Reading file /sys/devices/system/cpu/cpu23/cache/index2/type
[07Feb2025 10:13:48.669] [main/DEBUG] [oshi.util.FileUtil/]: Reading file /sys/devices/system/cpu/cpu23/cache/index2/ways_of_associativity
[07Feb2025 10:13:48.669] [main/DEBUG] [oshi.util.FileUtil/]: Reading file /sys/devices/system/cpu/cpu23/cache/index2/ways_of_associativity
[07Feb2025 10:13:48.669] [main/DEBUG] [oshi.util.FileUtil/]: Reading file /sys/devices/system/cpu/cpu23/cache/index2/coherency_line_size
[07Feb2025 10:13:48.669] [main/DEBUG] [oshi.util.FileUtil/]: Reading file /sys/devices/system/cpu/cpu23/cache/index2/coherency_line_size
[07Feb2025 10:13:48.670] [main/DEBUG] [oshi.util.FileUtil/]: Reading file /sys/devices/system/cpu/cpu23/cache/index2/size
[07Feb2025 10:13:48.670] [main/DEBUG] [oshi.util.FileUtil/]: Reading file /sys/devices/system/cpu/cpu23/cache/index2/size
[07Feb2025 10:13:48.670] [main/DEBUG] [oshi.util.FileUtil/]: Reading file /sys/devices/system/cpu/cpu23/cache/index0/level
[07Feb2025 10:13:48.670] [main/DEBUG] [oshi.util.FileUtil/]: Reading file /sys/devices/system/cpu/cpu23/cache/index0/level
[07Feb2025 10:13:48.670] [main/DEBUG] [oshi.util.FileUtil/]: Reading file /sys/devices/system/cpu/cpu23/cache/index0/type
[07Feb2025 10:13:48.670] [main/DEBUG] [oshi.util.FileUtil/]: Reading file /sys/devices/system/cpu/cpu23/cache/index0/type
[07Feb2025 10:13:48.670] [main/DEBUG] [oshi.util.FileUtil/]: Reading file /sys/devices/system/cpu/cpu23/cache/index0/ways_of_associativity
[07Feb2025 10:13:48.670] [main/DEBUG] [oshi.util.FileUtil/]: Reading file /sys/devices/system/cpu/cpu23/cache/index0/ways_of_associativity
[07Feb2025 10:13:48.670] [main/DEBUG] [oshi.util.FileUtil/]: Reading file /sys/devices/system/cpu/cpu23/cache/index0/coherency_line_size
[07Feb2025 10:13:48.670] [main/DEBUG] [oshi.util.FileUtil/]: Reading file /sys/devices/system/cpu/cpu23/cache/index0/coherency_line_size
[07Feb2025 10:13:48.670] [main/DEBUG] [oshi.util.FileUtil/]: Reading file /sys/devices/system/cpu/cpu23/cache/index0/size
[07Feb2025 10:13:48.670] [main/DEBUG] [oshi.util.FileUtil/]: Reading file /sys/devices/system/cpu/cpu23/cache/index0/size
[07Feb2025 10:13:48.670] [main/DEBUG] [oshi.util.FileUtil/]: Reading file /sys/devices/system/cpu/cpu23/cache/index3/level
[07Feb2025 10:13:48.670] [main/DEBUG] [oshi.util.FileUtil/]: Reading file /sys/devices/system/cpu/cpu23/cache/index3/level
[07Feb2025 10:13:48.670] [main/DEBUG] [oshi.util.FileUtil/]: Reading file /sys/devices/system/cpu/cpu23/cache/index3/type
[07Feb2025 10:13:48.670] [main/DEBUG] [oshi.util.FileUtil/]: Reading file /sys/devices/system/cpu/cpu23/cache/index3/type
[07Feb2025 10:13:48.671] [main/DEBUG] [oshi.util.FileUtil/]: Reading file /sys/devices/system/cpu/cpu23/cache/index3/ways_of_associativity
[07Feb2025 10:13:48.671] [main/DEBUG] [oshi.util.FileUtil/]: Reading file /sys/devices/system/cpu/cpu23/cache/index3/ways_of_associativity
[07Feb2025 10:13:48.671] [main/DEBUG] [oshi.util.FileUtil/]: Reading file /sys/devices/system/cpu/cpu23/cache/index3/coherency_line_size
[07Feb2025 10:13:48.671] [main/DEBUG] [oshi.util.FileUtil/]: Reading file /sys/devices/system/cpu/cpu23/cache/index3/coherency_line_size
[07Feb2025 10:13:48.671] [main/DEBUG] [oshi.util.FileUtil/]: Reading file /sys/devices/system/cpu/cpu23/cache/index3/size
[07Feb2025 10:13:48.671] [main/DEBUG] [oshi.util.FileUtil/]: Reading file /sys/devices/system/cpu/cpu23/cache/index3/size
[07Feb2025 10:13:48.671] [main/DEBUG] [oshi.util.FileUtil/]: Reading file /sys/devices/system/cpu/cpu23/cache/index1/level
[07Feb2025 10:13:48.671] [main/DEBUG] [oshi.util.FileUtil/]: Reading file /sys/devices/system/cpu/cpu23/cache/index1/level
[07Feb2025 10:13:48.671] [main/DEBUG] [oshi.util.FileUtil/]: Reading file /sys/devices/system/cpu/cpu23/cache/index1/type
[07Feb2025 10:13:48.671] [main/DEBUG] [oshi.util.FileUtil/]: Reading file /sys/devices/system/cpu/cpu23/cache/index1/type
[07Feb2025 10:13:48.671] [main/DEBUG] [oshi.util.FileUtil/]: Reading file /sys/devices/system/cpu/cpu23/cache/index1/ways_of_associativity
[07Feb2025 10:13:48.671] [main/DEBUG] [oshi.util.FileUtil/]: Reading file /sys/devices/system/cpu/cpu23/cache/index1/ways_of_associativity
[07Feb2025 10:13:48.671] [main/DEBUG] [oshi.util.FileUtil/]: Reading file /sys/devices/system/cpu/cpu23/cache/index1/coherency_line_size
[07Feb2025 10:13:48.671] [main/DEBUG] [oshi.util.FileUtil/]: Reading file /sys/devices/system/cpu/cpu23/cache/index1/coherency_line_size
[07Feb2025 10:13:48.671] [main/DEBUG] [oshi.util.FileUtil/]: Reading file /sys/devices/system/cpu/cpu23/cache/index1/size
[07Feb2025 10:13:48.671] [main/DEBUG] [oshi.util.FileUtil/]: Reading file /sys/devices/system/cpu/cpu23/cache/index1/size
[07Feb2025 10:13:48.672] [main/DEBUG] [oshi.util.FileUtil/]: Reading file /sys/devices/system/cpu/cpu3/topology/core_id
[07Feb2025 10:13:48.672] [main/DEBUG] [oshi.util.FileUtil/]: Reading file /sys/devices/system/cpu/cpu3/topology/core_id
[07Feb2025 10:13:48.672] [main/DEBUG] [oshi.util.FileUtil/]: Reading file /sys/devices/system/cpu/cpu3/topology/physical_package_id
[07Feb2025 10:13:48.672] [main/DEBUG] [oshi.util.FileUtil/]: Reading file /sys/devices/system/cpu/cpu3/topology/physical_package_id
[07Feb2025 10:13:48.672] [main/DEBUG] [oshi.util.FileUtil/]: Reading file /sys/devices/system/cpu/cpu3/cpu_capacity
[07Feb2025 10:13:48.672] [main/DEBUG] [oshi.util.FileUtil/]: Reading file /sys/devices/system/cpu/cpu3/cache/index2/level
[07Feb2025 10:13:48.672] [main/DEBUG] [oshi.util.FileUtil/]: Reading file /sys/devices/system/cpu/cpu3/cache/index2/level
[07Feb2025 10:13:48.672] [main/DEBUG] [oshi.util.FileUtil/]: Reading file /sys/devices/system/cpu/cpu3/cache/index2/type
[07Feb2025 10:13:48.672] [main/DEBUG] [oshi.util.FileUtil/]: Reading file /sys/devices/system/cpu/cpu3/cache/index2/type
[07Feb2025 10:13:48.672] [main/DEBUG] [oshi.util.FileUtil/]: Reading file /sys/devices/system/cpu/cpu3/cache/index2/ways_of_associativity
[07Feb2025 10:13:48.672] [main/DEBUG] [oshi.util.FileUtil/]: Reading file /sys/devices/system/cpu/cpu3/cache/index2/ways_of_associativity
[07Feb2025 10:13:48.672] [main/DEBUG] [oshi.util.FileUtil/]: Reading file /sys/devices/system/cpu/cpu3/cache/index2/coherency_line_size
[07Feb2025 10:13:48.672] [main/DEBUG] [oshi.util.FileUtil/]: Reading file /sys/devices/system/cpu/cpu3/cache/index2/coherency_line_size
[07Feb2025 10:13:48.672] [main/DEBUG] [oshi.util.FileUtil/]: Reading file /sys/devices/system/cpu/cpu3/cache/index2/size
[07Feb2025 10:13:48.672] [main/DEBUG] [oshi.util.FileUtil/]: Reading file /sys/devices/system/cpu/cpu3/cache/index2/size
[07Feb2025 10:13:48.672] [main/DEBUG] [oshi.util.FileUtil/]: Reading file /sys/devices/system/cpu/cpu3/cache/index0/level
[07Feb2025 10:13:48.672] [main/DEBUG] [oshi.util.FileUtil/]: Reading file /sys/devices/system/cpu/cpu3/cache/index0/level
[07Feb2025 10:13:48.673] [main/DEBUG] [oshi.util.FileUtil/]: Reading file /sys/devices/system/cpu/cpu3/cache/index0/type
[07Feb2025 10:13:48.673] [main/DEBUG] [oshi.util.FileUtil/]: Reading file /sys/devices/system/cpu/cpu3/cache/index0/type
[07Feb2025 10:13:48.673] [main/DEBUG] [oshi.util.FileUtil/]: Reading file /sys/devices/system/cpu/cpu3/cache/index0/ways_of_associativity
[07Feb2025 10:13:48.673] [main/DEBUG] [oshi.util.FileUtil/]: Reading file /sys/devices/system/cpu/cpu3/cache/index0/ways_of_associativity
[07Feb2025 10:13:48.673] [main/DEBUG] [oshi.util.FileUtil/]: Reading file /sys/devices/system/cpu/cpu3/cache/index0/coherency_line_size
[07Feb2025 10:13:48.673] [main/DEBUG] [oshi.util.FileUtil/]: Reading file /sys/devices/system/cpu/cpu3/cache/index0/coherency_line_size
[07Feb2025 10:13:48.673] [main/DEBUG] [oshi.util.FileUtil/]: Reading file /sys/devices/system/cpu/cpu3/cache/index0/size
[07Feb2025 10:13:48.673] [main/DEBUG] [oshi.util.FileUtil/]: Reading file /sys/devices/system/cpu/cpu3/cache/index0/size
[07Feb2025 10:13:48.673] [main/DEBUG] [oshi.util.FileUtil/]: Reading file /sys/devices/system/cpu/cpu3/cache/index3/level
[07Feb2025 10:13:48.673] [main/DEBUG] [oshi.util.FileUtil/]: Reading file /sys/devices/system/cpu/cpu3/cache/index3/level
[07Feb2025 10:13:48.673] [main/DEBUG] [oshi.util.FileUtil/]: Reading file /sys/devices/system/cpu/cpu3/cache/index3/type
[07Feb2025 10:13:48.673] [main/DEBUG] [oshi.util.FileUtil/]: Reading file /sys/devices/system/cpu/cpu3/cache/index3/type
[07Feb2025 10:13:48.673] [main/DEBUG] [oshi.util.FileUtil/]: Reading file /sys/devices/system/cpu/cpu3/cache/index3/ways_of_associativity
[07Feb2025 10:13:48.673] [main/DEBUG] [oshi.util.FileUtil/]: Reading file /sys/devices/system/cpu/cpu3/cache/index3/ways_of_associativity
[07Feb2025 10:13:48.673] [main/DEBUG] [oshi.util.FileUtil/]: Reading file /sys/devices/system/cpu/cpu3/cache/index3/coherency_line_size
[07Feb2025 10:13:48.673] [main/DEBUG] [oshi.util.FileUtil/]: Reading file /sys/devices/system/cpu/cpu3/cache/index3/coherency_line_size
[07Feb2025 10:13:48.673] [main/DEBUG] [oshi.util.FileUtil/]: Reading file /sys/devices/system/cpu/cpu3/cache/index3/size
[07Feb2025 10:13:48.673] [main/DEBUG] [oshi.util.FileUtil/]: Reading file /sys/devices/system/cpu/cpu3/cache/index3/size
[07Feb2025 10:13:48.673] [main/DEBUG] [oshi.util.FileUtil/]: Reading file /sys/devices/system/cpu/cpu3/cache/index1/level
[07Feb2025 10:13:48.673] [main/DEBUG] [oshi.util.FileUtil/]: Reading file /sys/devices/system/cpu/cpu3/cache/index1/level
[07Feb2025 10:13:48.673] [main/DEBUG] [oshi.util.FileUtil/]: Reading file /sys/devices/system/cpu/cpu3/cache/index1/type
[07Feb2025 10:13:48.673] [main/DEBUG] [oshi.util.FileUtil/]: Reading file /sys/devices/system/cpu/cpu3/cache/index1/type
[07Feb2025 10:13:48.674] [main/DEBUG] [oshi.util.FileUtil/]: Reading file /sys/devices/system/cpu/cpu3/cache/index1/ways_of_associativity
[07Feb2025 10:13:48.674] [main/DEBUG] [oshi.util.FileUtil/]: Reading file /sys/devices/system/cpu/cpu3/cache/index1/ways_of_associativity
[07Feb2025 10:13:48.674] [main/DEBUG] [oshi.util.FileUtil/]: Reading file /sys/devices/system/cpu/cpu3/cache/index1/coherency_line_size
[07Feb2025 10:13:48.674] [main/DEBUG] [oshi.util.FileUtil/]: Reading file /sys/devices/system/cpu/cpu3/cache/index1/coherency_line_size
[07Feb2025 10:13:48.674] [main/DEBUG] [oshi.util.FileUtil/]: Reading file /sys/devices/system/cpu/cpu3/cache/index1/size
[07Feb2025 10:13:48.674] [main/DEBUG] [oshi.util.FileUtil/]: Reading file /sys/devices/system/cpu/cpu3/cache/index1/size
[07Feb2025 10:13:48.674] [main/DEBUG] [oshi.util.FileUtil/]: Reading file /sys/devices/system/cpu/cpu4/topology/core_id
[07Feb2025 10:13:48.674] [main/DEBUG] [oshi.util.FileUtil/]: Reading file /sys/devices/system/cpu/cpu4/topology/core_id
[07Feb2025 10:13:48.674] [main/DEBUG] [oshi.util.FileUtil/]: Reading file /sys/devices/system/cpu/cpu4/topology/physical_package_id
[07Feb2025 10:13:48.674] [main/DEBUG] [oshi.util.FileUtil/]: Reading file /sys/devices/system/cpu/cpu4/topology/physical_package_id
[07Feb2025 10:13:48.674] [main/DEBUG] [oshi.util.FileUtil/]: Reading file /sys/devices/system/cpu/cpu4/cpu_capacity
[07Feb2025 10:13:48.674] [main/DEBUG] [oshi.util.FileUtil/]: Reading file /sys/devices/system/cpu/cpu4/cache/index2/level
[07Feb2025 10:13:48.674] [main/DEBUG] [oshi.util.FileUtil/]: Reading file /sys/devices/system/cpu/cpu4/cache/index2/level
[07Feb2025 10:13:48.674] [main/DEBUG] [oshi.util.FileUtil/]: Reading file /sys/devices/system/cpu/cpu4/cache/index2/type
[07Feb2025 10:13:48.675] [main/DEBUG] [oshi.util.FileUtil/]: Reading file /sys/devices/system/cpu/cpu4/cache/index2/type
[07Feb2025 10:13:48.675] [main/DEBUG] [oshi.util.FileUtil/]: Reading file /sys/devices/system/cpu/cpu4/cache/index2/ways_of_associativity
[07Feb2025 10:13:48.675] [main/DEBUG] [oshi.util.FileUtil/]: Reading file /sys/devices/system/cpu/cpu4/cache/index2/ways_of_associativity
[07Feb2025 10:13:48.675] [main/DEBUG] [oshi.util.FileUtil/]: Reading file /sys/devices/system/cpu/cpu4/cache/index2/coherency_line_size
[07Feb2025 10:13:48.675] [main/DEBUG] [oshi.util.FileUtil/]: Reading file /sys/devices/system/cpu/cpu4/cache/index2/coherency_line_size
[07Feb2025 10:13:48.675] [main/DEBUG] [oshi.util.FileUtil/]: Reading file /sys/devices/system/cpu/cpu4/cache/index2/size
[07Feb2025 10:13:48.675] [main/DEBUG] [oshi.util.FileUtil/]: Reading file /sys/devices/system/cpu/cpu4/cache/index2/size
[07Feb2025 10:13:48.675] [main/DEBUG] [oshi.util.FileUtil/]: Reading file /sys/devices/system/cpu/cpu4/cache/index0/level
[07Feb2025 10:13:48.675] [main/DEBUG] [oshi.util.FileUtil/]: Reading file /sys/devices/system/cpu/cpu4/cache/index0/level
[07Feb2025 10:13:48.675] [main/DEBUG] [oshi.util.FileUtil/]: Reading file /sys/devices/system/cpu/cpu4/cache/index0/type
[07Feb2025 10:13:48.675] [main/DEBUG] [oshi.util.FileUtil/]: Reading file /sys/devices/system/cpu/cpu4/cache/index0/type
[07Feb2025 10:13:48.675] [main/DEBUG] [oshi.util.FileUtil/]: Reading file /sys/devices/system/cpu/cpu4/cache/index0/ways_of_associativity
[07Feb2025 10:13:48.675] [main/DEBUG] [oshi.util.FileUtil/]: Reading file /sys/devices/system/cpu/cpu4/cache/index0/ways_of_associativity
[07Feb2025 10:13:48.675] [main/DEBUG] [oshi.util.FileUtil/]: Reading file /sys/devices/system/cpu/cpu4/cache/index0/coherency_line_size
[07Feb2025 10:13:48.675] [main/DEBUG] [oshi.util.FileUtil/]: Reading file /sys/devices/system/cpu/cpu4/cache/index0/coherency_line_size
[07Feb2025 10:13:48.675] [main/DEBUG] [oshi.util.FileUtil/]: Reading file /sys/devices/system/cpu/cpu4/cache/index0/size
[07Feb2025 10:13:48.675] [main/DEBUG] [oshi.util.FileUtil/]: Reading file /sys/devices/system/cpu/cpu4/cache/index0/size
[07Feb2025 10:13:48.675] [main/DEBUG] [oshi.util.FileUtil/]: Reading file /sys/devices/system/cpu/cpu4/cache/index3/level
[07Feb2025 10:13:48.675] [main/DEBUG] [oshi.util.FileUtil/]: Reading file /sys/devices/system/cpu/cpu4/cache/index3/level
[07Feb2025 10:13:48.675] [main/DEBUG] [oshi.util.FileUtil/]: Reading file /sys/devices/system/cpu/cpu4/cache/index3/type
[07Feb2025 10:13:48.675] [main/DEBUG] [oshi.util.FileUtil/]: Reading file /sys/devices/system/cpu/cpu4/cache/index3/type
[07Feb2025 10:13:48.676] [main/DEBUG] [oshi.util.FileUtil/]: Reading file /sys/devices/system/cpu/cpu4/cache/index3/ways_of_associativity
[07Feb2025 10:13:48.676] [main/DEBUG] [oshi.util.FileUtil/]: Reading file /sys/devices/system/cpu/cpu4/cache/index3/ways_of_associativity
[07Feb2025 10:13:48.676] [main/DEBUG] [oshi.util.FileUtil/]: Reading file /sys/devices/system/cpu/cpu4/cache/index3/coherency_line_size
[07Feb2025 10:13:48.676] [main/DEBUG] [oshi.util.FileUtil/]: Reading file /sys/devices/system/cpu/cpu4/cache/index3/coherency_line_size
[07Feb2025 10:13:48.676] [main/DEBUG] [oshi.util.FileUtil/]: Reading file /sys/devices/system/cpu/cpu4/cache/index3/size
[07Feb2025 10:13:48.676] [main/DEBUG] [oshi.util.FileUtil/]: Reading file /sys/devices/system/cpu/cpu4/cache/index3/size
[07Feb2025 10:13:48.676] [main/DEBUG] [oshi.util.FileUtil/]: Reading file /sys/devices/system/cpu/cpu4/cache/index1/level
[07Feb2025 10:13:48.676] [main/DEBUG] [oshi.util.FileUtil/]: Reading file /sys/devices/system/cpu/cpu4/cache/index1/level
[07Feb2025 10:13:48.676] [main/DEBUG] [oshi.util.FileUtil/]: Reading file /sys/devices/system/cpu/cpu4/cache/index1/type
[07Feb2025 10:13:48.676] [main/DEBUG] [oshi.util.FileUtil/]: Reading file /sys/devices/system/cpu/cpu4/cache/index1/type
[07Feb2025 10:13:48.676] [main/DEBUG] [oshi.util.FileUtil/]: Reading file /sys/devices/system/cpu/cpu4/cache/index1/ways_of_associativity
[07Feb2025 10:13:48.676] [main/DEBUG] [oshi.util.FileUtil/]: Reading file /sys/devices/system/cpu/cpu4/cache/index1/ways_of_associativity
[07Feb2025 10:13:48.676] [main/DEBUG] [oshi.util.FileUtil/]: Reading file /sys/devices/system/cpu/cpu4/cache/index1/coherency_line_size
[07Feb2025 10:13:48.676] [main/DEBUG] [oshi.util.FileUtil/]: Reading file /sys/devices/system/cpu/cpu4/cache/index1/coherency_line_size
[07Feb2025 10:13:48.676] [main/DEBUG] [oshi.util.FileUtil/]: Reading file /sys/devices/system/cpu/cpu4/cache/index1/size
[07Feb2025 10:13:48.676] [main/DEBUG] [oshi.util.FileUtil/]: Reading file /sys/devices/system/cpu/cpu4/cache/index1/size
[07Feb2025 10:13:48.676] [main/DEBUG] [oshi.util.FileUtil/]: Reading file /sys/devices/system/cpu/cpu5/topology/core_id
[07Feb2025 10:13:48.677] [main/DEBUG] [oshi.util.FileUtil/]: Reading file /sys/devices/system/cpu/cpu5/topology/core_id
[07Feb2025 10:13:48.677] [main/DEBUG] [oshi.util.FileUtil/]: Reading file /sys/devices/system/cpu/cpu5/topology/physical_package_id
[07Feb2025 10:13:48.677] [main/DEBUG] [oshi.util.FileUtil/]: Reading file /sys/devices/system/cpu/cpu5/topology/physical_package_id
[07Feb2025 10:13:48.677] [main/DEBUG] [oshi.util.FileUtil/]: Reading file /sys/devices/system/cpu/cpu5/cpu_capacity
[07Feb2025 10:13:48.677] [main/DEBUG] [oshi.util.FileUtil/]: Reading file /sys/devices/system/cpu/cpu5/cache/index2/level
[07Feb2025 10:13:48.677] [main/DEBUG] [oshi.util.FileUtil/]: Reading file /sys/devices/system/cpu/cpu5/cache/index2/level
[07Feb2025 10:13:48.677] [main/DEBUG] [oshi.util.FileUtil/]: Reading file /sys/devices/system/cpu/cpu5/cache/index2/type
[07Feb2025 10:13:48.677] [main/DEBUG] [oshi.util.FileUtil/]: Reading file /sys/devices/system/cpu/cpu5/cache/index2/type
[07Feb2025 10:13:48.677] [main/DEBUG] [oshi.util.FileUtil/]: Reading file /sys/devices/system/cpu/cpu5/cache/index2/ways_of_associativity
[07Feb2025 10:13:48.677] [main/DEBUG] [oshi.util.FileUtil/]: Reading file /sys/devices/system/cpu/cpu5/cache/index2/ways_of_associativity
[07Feb2025 10:13:48.677] [main/DEBUG] [oshi.util.FileUtil/]: Reading file /sys/devices/system/cpu/cpu5/cache/index2/coherency_line_size
[07Feb2025 10:13:48.677] [main/DEBUG] [oshi.util.FileUtil/]: Reading file /sys/devices/system/cpu/cpu5/cache/index2/coherency_line_size
[07Feb2025 10:13:48.677] [main/DEBUG] [oshi.util.FileUtil/]: Reading file /sys/devices/system/cpu/cpu5/cache/index2/size
[07Feb2025 10:13:48.677] [main/DEBUG] [oshi.util.FileUtil/]: Reading file /sys/devices/system/cpu/cpu5/cache/index2/size
[07Feb2025 10:13:48.677] [main/DEBUG] [oshi.util.FileUtil/]: Reading file /sys/devices/system/cpu/cpu5/cache/index0/level
[07Feb2025 10:13:48.677] [main/DEBUG] [oshi.util.FileUtil/]: Reading file /sys/devices/system/cpu/cpu5/cache/index0/level
[07Feb2025 10:13:48.677] [main/DEBUG] [oshi.util.FileUtil/]: Reading file /sys/devices/system/cpu/cpu5/cache/index0/type
[07Feb2025 10:13:48.677] [main/DEBUG] [oshi.util.FileUtil/]: Reading file /sys/devices/system/cpu/cpu5/cache/index0/type
[07Feb2025 10:13:48.677] [main/DEBUG] [oshi.util.FileUtil/]: Reading file /sys/devices/system/cpu/cpu5/cache/index0/ways_of_associativity
[07Feb2025 10:13:48.677] [main/DEBUG] [oshi.util.FileUtil/]: Reading file /sys/devices/system/cpu/cpu5/cache/index0/ways_of_associativity
[07Feb2025 10:13:48.678] [main/DEBUG] [oshi.util.FileUtil/]: Reading file /sys/devices/system/cpu/cpu5/cache/index0/coherency_line_size
[07Feb2025 10:13:48.678] [main/DEBUG] [oshi.util.FileUtil/]: Reading file /sys/devices/system/cpu/cpu5/cache/index0/coherency_line_size
[07Feb2025 10:13:48.678] [main/DEBUG] [oshi.util.FileUtil/]: Reading file /sys/devices/system/cpu/cpu5/cache/index0/size
[07Feb2025 10:13:48.678] [main/DEBUG] [oshi.util.FileUtil/]: Reading file /sys/devices/system/cpu/cpu5/cache/index0/size
[07Feb2025 10:13:48.678] [main/DEBUG] [oshi.util.FileUtil/]: Reading file /sys/devices/system/cpu/cpu5/cache/index3/level
[07Feb2025 10:13:48.678] [main/DEBUG] [oshi.util.FileUtil/]: Reading file /sys/devices/system/cpu/cpu5/cache/index3/level
[07Feb2025 10:13:48.678] [main/DEBUG] [oshi.util.FileUtil/]: Reading file /sys/devices/system/cpu/cpu5/cache/index3/type
[07Feb2025 10:13:48.678] [main/DEBUG] [oshi.util.FileUtil/]: Reading file /sys/devices/system/cpu/cpu5/cache/index3/type
[07Feb2025 10:13:48.678] [main/DEBUG] [oshi.util.FileUtil/]: Reading file /sys/devices/system/cpu/cpu5/cache/index3/ways_of_associativity
[07Feb2025 10:13:48.678] [main/DEBUG] [oshi.util.FileUtil/]: Reading file /sys/devices/system/cpu/cpu5/cache/index3/ways_of_associativity
[07Feb2025 10:13:48.678] [main/DEBUG] [oshi.util.FileUtil/]: Reading file /sys/devices/system/cpu/cpu5/cache/index3/coherency_line_size
[07Feb2025 10:13:48.678] [main/DEBUG] [oshi.util.FileUtil/]: Reading file /sys/devices/system/cpu/cpu5/cache/index3/coherency_line_size
[07Feb2025 10:13:48.678] [main/DEBUG] [oshi.util.FileUtil/]: Reading file /sys/devices/system/cpu/cpu5/cache/index3/size
[07Feb2025 10:13:48.678] [main/DEBUG] [oshi.util.FileUtil/]: Reading file /sys/devices/system/cpu/cpu5/cache/index3/size
[07Feb2025 10:13:48.678] [main/DEBUG] [oshi.util.FileUtil/]: Reading file /sys/devices/system/cpu/cpu5/cache/index1/level
[07Feb2025 10:13:48.678] [main/DEBUG] [oshi.util.FileUtil/]: Reading file /sys/devices/system/cpu/cpu5/cache/index1/level
[07Feb2025 10:13:48.678] [main/DEBUG] [oshi.util.FileUtil/]: Reading file /sys/devices/system/cpu/cpu5/cache/index1/type
[07Feb2025 10:13:48.678] [main/DEBUG] [oshi.util.FileUtil/]: Reading file /sys/devices/system/cpu/cpu5/cache/index1/type
[07Feb2025 10:13:48.678] [main/DEBUG] [oshi.util.FileUtil/]: Reading file /sys/devices/system/cpu/cpu5/cache/index1/ways_of_associativity
[07Feb2025 10:13:48.678] [main/DEBUG] [oshi.util.FileUtil/]: Reading file /sys/devices/system/cpu/cpu5/cache/index1/ways_of_associativity
[07Feb2025 10:13:48.678] [main/DEBUG] [oshi.util.FileUtil/]: Reading file /sys/devices/system/cpu/cpu5/cache/index1/coherency_line_size
[07Feb2025 10:13:48.678] [main/DEBUG] [oshi.util.FileUtil/]: Reading file /sys/devices/system/cpu/cpu5/cache/index1/coherency_line_size
[07Feb2025 10:13:48.679] [main/DEBUG] [oshi.util.FileUtil/]: Reading file /sys/devices/system/cpu/cpu5/cache/index1/size
[07Feb2025 10:13:48.679] [main/DEBUG] [oshi.util.FileUtil/]: Reading file /sys/devices/system/cpu/cpu5/cache/index1/size
[07Feb2025 10:13:48.679] [main/DEBUG] [oshi.util.FileUtil/]: Reading file /sys/devices/system/cpu/cpu6/topology/core_id
[07Feb2025 10:13:48.679] [main/DEBUG] [oshi.util.FileUtil/]: Reading file /sys/devices/system/cpu/cpu6/topology/core_id
[07Feb2025 10:13:48.679] [main/DEBUG] [oshi.util.FileUtil/]: Reading file /sys/devices/system/cpu/cpu6/topology/physical_package_id
[07Feb2025 10:13:48.679] [main/DEBUG] [oshi.util.FileUtil/]: Reading file /sys/devices/system/cpu/cpu6/topology/physical_package_id
[07Feb2025 10:13:48.679] [main/DEBUG] [oshi.util.FileUtil/]: Reading file /sys/devices/system/cpu/cpu6/cpu_capacity
[07Feb2025 10:13:48.679] [main/DEBUG] [oshi.util.FileUtil/]: Reading file /sys/devices/system/cpu/cpu6/cache/index2/level
[07Feb2025 10:13:48.679] [main/DEBUG] [oshi.util.FileUtil/]: Reading file /sys/devices/system/cpu/cpu6/cache/index2/level
[07Feb2025 10:13:48.679] [main/DEBUG] [oshi.util.FileUtil/]: Reading file /sys/devices/system/cpu/cpu6/cache/index2/type
[07Feb2025 10:13:48.679] [main/DEBUG] [oshi.util.FileUtil/]: Reading file /sys/devices/system/cpu/cpu6/cache/index2/type
[07Feb2025 10:13:48.679] [main/DEBUG] [oshi.util.FileUtil/]: Reading file /sys/devices/system/cpu/cpu6/cache/index2/ways_of_associativity
[07Feb2025 10:13:48.679] [main/DEBUG] [oshi.util.FileUtil/]: Reading file /sys/devices/system/cpu/cpu6/cache/index2/ways_of_associativity
[07Feb2025 10:13:48.679] [main/DEBUG] [oshi.util.FileUtil/]: Reading file /sys/devices/system/cpu/cpu6/cache/index2/coherency_line_size
[07Feb2025 10:13:48.679] [main/DEBUG] [oshi.util.FileUtil/]: Reading file /sys/devices/system/cpu/cpu6/cache/index2/coherency_line_size
[07Feb2025 10:13:48.680] [main/DEBUG] [oshi.util.FileUtil/]: Reading file /sys/devices/system/cpu/cpu6/cache/index2/size
[07Feb2025 10:13:48.680] [main/DEBUG] [oshi.util.FileUtil/]: Reading file /sys/devices/system/cpu/cpu6/cache/index2/size
[07Feb2025 10:13:48.680] [main/DEBUG] [oshi.util.FileUtil/]: Reading file /sys/devices/system/cpu/cpu6/cache/index0/level
[07Feb2025 10:13:48.680] [main/DEBUG] [oshi.util.FileUtil/]: Reading file /sys/devices/system/cpu/cpu6/cache/index0/level
[07Feb2025 10:13:48.680] [main/DEBUG] [oshi.util.FileUtil/]: Reading file /sys/devices/system/cpu/cpu6/cache/index0/type
[07Feb2025 10:13:48.680] [main/DEBUG] [oshi.util.FileUtil/]: Reading file /sys/devices/system/cpu/cpu6/cache/index0/type
[07Feb2025 10:13:48.680] [main/DEBUG] [oshi.util.FileUtil/]: Reading file /sys/devices/system/cpu/cpu6/cache/index0/ways_of_associativity
[07Feb2025 10:13:48.680] [main/DEBUG] [oshi.util.FileUtil/]: Reading file /sys/devices/system/cpu/cpu6/cache/index0/ways_of_associativity
[07Feb2025 10:13:48.680] [main/DEBUG] [oshi.util.FileUtil/]: Reading file /sys/devices/system/cpu/cpu6/cache/index0/coherency_line_size
[07Feb2025 10:13:48.680] [main/DEBUG] [oshi.util.FileUtil/]: Reading file /sys/devices/system/cpu/cpu6/cache/index0/coherency_line_size
[07Feb2025 10:13:48.680] [main/DEBUG] [oshi.util.FileUtil/]: Reading file /sys/devices/system/cpu/cpu6/cache/index0/size
[07Feb2025 10:13:48.680] [main/DEBUG] [oshi.util.FileUtil/]: Reading file /sys/devices/system/cpu/cpu6/cache/index0/size
[07Feb2025 10:13:48.680] [main/DEBUG] [oshi.util.FileUtil/]: Reading file /sys/devices/system/cpu/cpu6/cache/index3/level
[07Feb2025 10:13:48.680] [main/DEBUG] [oshi.util.FileUtil/]: Reading file /sys/devices/system/cpu/cpu6/cache/index3/level
[07Feb2025 10:13:48.680] [main/DEBUG] [oshi.util.FileUtil/]: Reading file /sys/devices/system/cpu/cpu6/cache/index3/type
[07Feb2025 10:13:48.680] [main/DEBUG] [oshi.util.FileUtil/]: Reading file /sys/devices/system/cpu/cpu6/cache/index3/type
[07Feb2025 10:13:48.680] [main/DEBUG] [oshi.util.FileUtil/]: Reading file /sys/devices/system/cpu/cpu6/cache/index3/ways_of_associativity
[07Feb2025 10:13:48.680] [main/DEBUG] [oshi.util.FileUtil/]: Reading file /sys/devices/system/cpu/cpu6/cache/index3/ways_of_associativity
[07Feb2025 10:13:48.680] [main/DEBUG] [oshi.util.FileUtil/]: Reading file /sys/devices/system/cpu/cpu6/cache/index3/coherency_line_size
[07Feb2025 10:13:48.680] [main/DEBUG] [oshi.util.FileUtil/]: Reading file /sys/devices/system/cpu/cpu6/cache/index3/coherency_line_size
[07Feb2025 10:13:48.680] [main/DEBUG] [oshi.util.FileUtil/]: Reading file /sys/devices/system/cpu/cpu6/cache/index3/size
[07Feb2025 10:13:48.680] [main/DEBUG] [oshi.util.FileUtil/]: Reading file /sys/devices/system/cpu/cpu6/cache/index3/size
[07Feb2025 10:13:48.681] [main/DEBUG] [oshi.util.FileUtil/]: Reading file /sys/devices/system/cpu/cpu6/cache/index1/level
[07Feb2025 10:13:48.681] [main/DEBUG] [oshi.util.FileUtil/]: Reading file /sys/devices/system/cpu/cpu6/cache/index1/level
[07Feb2025 10:13:48.681] [main/DEBUG] [oshi.util.FileUtil/]: Reading file /sys/devices/system/cpu/cpu6/cache/index1/type
[07Feb2025 10:13:48.681] [main/DEBUG] [oshi.util.FileUtil/]: Reading file /sys/devices/system/cpu/cpu6/cache/index1/type
[07Feb2025 10:13:48.681] [main/DEBUG] [oshi.util.FileUtil/]: Reading file /sys/devices/system/cpu/cpu6/cache/index1/ways_of_associativity
[07Feb2025 10:13:48.681] [main/DEBUG] [oshi.util.FileUtil/]: Reading file /sys/devices/system/cpu/cpu6/cache/index1/ways_of_associativity
[07Feb2025 10:13:48.681] [main/DEBUG] [oshi.util.FileUtil/]: Reading file /sys/devices/system/cpu/cpu6/cache/index1/coherency_line_size
[07Feb2025 10:13:48.681] [main/DEBUG] [oshi.util.FileUtil/]: Reading file /sys/devices/system/cpu/cpu6/cache/index1/coherency_line_size
[07Feb2025 10:13:48.681] [main/DEBUG] [oshi.util.FileUtil/]: Reading file /sys/devices/system/cpu/cpu6/cache/index1/size
[07Feb2025 10:13:48.681] [main/DEBUG] [oshi.util.FileUtil/]: Reading file /sys/devices/system/cpu/cpu6/cache/index1/size
[07Feb2025 10:13:48.681] [main/DEBUG] [oshi.util.FileUtil/]: Reading file /sys/devices/system/cpu/cpu7/topology/core_id
[07Feb2025 10:13:48.681] [main/DEBUG] [oshi.util.FileUtil/]: Reading file /sys/devices/system/cpu/cpu7/topology/core_id
[07Feb2025 10:13:48.681] [main/DEBUG] [oshi.util.FileUtil/]: Reading file /sys/devices/system/cpu/cpu7/topology/physical_package_id
[07Feb2025 10:13:48.681] [main/DEBUG] [oshi.util.FileUtil/]: Reading file /sys/devices/system/cpu/cpu7/topology/physical_package_id
[07Feb2025 10:13:48.681] [main/DEBUG] [oshi.util.FileUtil/]: Reading file /sys/devices/system/cpu/cpu7/cpu_capacity
[07Feb2025 10:13:48.681] [main/DEBUG] [oshi.util.FileUtil/]: Reading file /sys/devices/system/cpu/cpu7/cache/index2/level
[07Feb2025 10:13:48.681] [main/DEBUG] [oshi.util.FileUtil/]: Reading file /sys/devices/system/cpu/cpu7/cache/index2/level
[07Feb2025 10:13:48.682] [main/DEBUG] [oshi.util.FileUtil/]: Reading file /sys/devices/system/cpu/cpu7/cache/index2/type
[07Feb2025 10:13:48.682] [main/DEBUG] [oshi.util.FileUtil/]: Reading file /sys/devices/system/cpu/cpu7/cache/index2/type
[07Feb2025 10:13:48.682] [main/DEBUG] [oshi.util.FileUtil/]: Reading file /sys/devices/system/cpu/cpu7/cache/index2/ways_of_associativity
[07Feb2025 10:13:48.682] [main/DEBUG] [oshi.util.FileUtil/]: Reading file /sys/devices/system/cpu/cpu7/cache/index2/ways_of_associativity
[07Feb2025 10:13:48.682] [main/DEBUG] [oshi.util.FileUtil/]: Reading file /sys/devices/system/cpu/cpu7/cache/index2/coherency_line_size
[07Feb2025 10:13:48.682] [main/DEBUG] [oshi.util.FileUtil/]: Reading file /sys/devices/system/cpu/cpu7/cache/index2/coherency_line_size
[07Feb2025 10:13:48.682] [main/DEBUG] [oshi.util.FileUtil/]: Reading file /sys/devices/system/cpu/cpu7/cache/index2/size
[07Feb2025 10:13:48.682] [main/DEBUG] [oshi.util.FileUtil/]: Reading file /sys/devices/system/cpu/cpu7/cache/index2/size
[07Feb2025 10:13:48.682] [main/DEBUG] [oshi.util.FileUtil/]: Reading file /sys/devices/system/cpu/cpu7/cache/index0/level
[07Feb2025 10:13:48.682] [main/DEBUG] [oshi.util.FileUtil/]: Reading file /sys/devices/system/cpu/cpu7/cache/index0/level
[07Feb2025 10:13:48.682] [main/DEBUG] [oshi.util.FileUtil/]: Reading file /sys/devices/system/cpu/cpu7/cache/index0/type
[07Feb2025 10:13:48.682] [main/DEBUG] [oshi.util.FileUtil/]: Reading file /sys/devices/system/cpu/cpu7/cache/index0/type
[07Feb2025 10:13:48.682] [main/DEBUG] [oshi.util.FileUtil/]: Reading file /sys/devices/system/cpu/cpu7/cache/index0/ways_of_associativity
[07Feb2025 10:13:48.682] [main/DEBUG] [oshi.util.FileUtil/]: Reading file /sys/devices/system/cpu/cpu7/cache/index0/ways_of_associativity
[07Feb2025 10:13:48.682] [main/DEBUG] [oshi.util.FileUtil/]: Reading file /sys/devices/system/cpu/cpu7/cache/index0/coherency_line_size
[07Feb2025 10:13:48.682] [main/DEBUG] [oshi.util.FileUtil/]: Reading file /sys/devices/system/cpu/cpu7/cache/index0/coherency_line_size
[07Feb2025 10:13:48.682] [main/DEBUG] [oshi.util.FileUtil/]: Reading file /sys/devices/system/cpu/cpu7/cache/index0/size
[07Feb2025 10:13:48.682] [main/DEBUG] [oshi.util.FileUtil/]: Reading file /sys/devices/system/cpu/cpu7/cache/index0/size
[07Feb2025 10:13:48.682] [main/DEBUG] [oshi.util.FileUtil/]: Reading file /sys/devices/system/cpu/cpu7/cache/index3/level
[07Feb2025 10:13:48.682] [main/DEBUG] [oshi.util.FileUtil/]: Reading file /sys/devices/system/cpu/cpu7/cache/index3/level
[07Feb2025 10:13:48.682] [main/DEBUG] [oshi.util.FileUtil/]: Reading file /sys/devices/system/cpu/cpu7/cache/index3/type
[07Feb2025 10:13:48.682] [main/DEBUG] [oshi.util.FileUtil/]: Reading file /sys/devices/system/cpu/cpu7/cache/index3/type
[07Feb2025 10:13:48.683] [main/DEBUG] [oshi.util.FileUtil/]: Reading file /sys/devices/system/cpu/cpu7/cache/index3/ways_of_associativity
[07Feb2025 10:13:48.683] [main/DEBUG] [oshi.util.FileUtil/]: Reading file /sys/devices/system/cpu/cpu7/cache/index3/ways_of_associativity
[07Feb2025 10:13:48.683] [main/DEBUG] [oshi.util.FileUtil/]: Reading file /sys/devices/system/cpu/cpu7/cache/index3/coherency_line_size
[07Feb2025 10:13:48.683] [main/DEBUG] [oshi.util.FileUtil/]: Reading file /sys/devices/system/cpu/cpu7/cache/index3/coherency_line_size
[07Feb2025 10:13:48.683] [main/DEBUG] [oshi.util.FileUtil/]: Reading file /sys/devices/system/cpu/cpu7/cache/index3/size
[07Feb2025 10:13:48.683] [main/DEBUG] [oshi.util.FileUtil/]: Reading file /sys/devices/system/cpu/cpu7/cache/index3/size
[07Feb2025 10:13:48.683] [main/DEBUG] [oshi.util.FileUtil/]: Reading file /sys/devices/system/cpu/cpu7/cache/index1/level
[07Feb2025 10:13:48.683] [main/DEBUG] [oshi.util.FileUtil/]: Reading file /sys/devices/system/cpu/cpu7/cache/index1/level
[07Feb2025 10:13:48.683] [main/DEBUG] [oshi.util.FileUtil/]: Reading file /sys/devices/system/cpu/cpu7/cache/index1/type
[07Feb2025 10:13:48.683] [main/DEBUG] [oshi.util.FileUtil/]: Reading file /sys/devices/system/cpu/cpu7/cache/index1/type
[07Feb2025 10:13:48.683] [main/DEBUG] [oshi.util.FileUtil/]: Reading file /sys/devices/system/cpu/cpu7/cache/index1/ways_of_associativity
[07Feb2025 10:13:48.683] [main/DEBUG] [oshi.util.FileUtil/]: Reading file /sys/devices/system/cpu/cpu7/cache/index1/ways_of_associativity
[07Feb2025 10:13:48.683] [main/DEBUG] [oshi.util.FileUtil/]: Reading file /sys/devices/system/cpu/cpu7/cache/index1/coherency_line_size
[07Feb2025 10:13:48.683] [main/DEBUG] [oshi.util.FileUtil/]: Reading file /sys/devices/system/cpu/cpu7/cache/index1/coherency_line_size
[07Feb2025 10:13:48.683] [main/DEBUG] [oshi.util.FileUtil/]: Reading file /sys/devices/system/cpu/cpu7/cache/index1/size
[07Feb2025 10:13:48.683] [main/DEBUG] [oshi.util.FileUtil/]: Reading file /sys/devices/system/cpu/cpu7/cache/index1/size
[07Feb2025 10:13:48.684] [main/DEBUG] [oshi.util.FileUtil/]: Reading file /sys/devices/system/cpu/cpu8/topology/core_id
[07Feb2025 10:13:48.684] [main/DEBUG] [oshi.util.FileUtil/]: Reading file /sys/devices/system/cpu/cpu8/topology/core_id
[07Feb2025 10:13:48.684] [main/DEBUG] [oshi.util.FileUtil/]: Reading file /sys/devices/system/cpu/cpu8/topology/physical_package_id
[07Feb2025 10:13:48.684] [main/DEBUG] [oshi.util.FileUtil/]: Reading file /sys/devices/system/cpu/cpu8/topology/physical_package_id
[07Feb2025 10:13:48.684] [main/DEBUG] [oshi.util.FileUtil/]: Reading file /sys/devices/system/cpu/cpu8/cpu_capacity
[07Feb2025 10:13:48.684] [main/DEBUG] [oshi.util.FileUtil/]: Reading file /sys/devices/system/cpu/cpu8/cache/index2/level
[07Feb2025 10:13:48.684] [main/DEBUG] [oshi.util.FileUtil/]: Reading file /sys/devices/system/cpu/cpu8/cache/index2/level
[07Feb2025 10:13:48.684] [main/DEBUG] [oshi.util.FileUtil/]: Reading file /sys/devices/system/cpu/cpu8/cache/index2/type
[07Feb2025 10:13:48.684] [main/DEBUG] [oshi.util.FileUtil/]: Reading file /sys/devices/system/cpu/cpu8/cache/index2/type
[07Feb2025 10:13:48.684] [main/DEBUG] [oshi.util.FileUtil/]: Reading file /sys/devices/system/cpu/cpu8/cache/index2/ways_of_associativity
[07Feb2025 10:13:48.684] [main/DEBUG] [oshi.util.FileUtil/]: Reading file /sys/devices/system/cpu/cpu8/cache/index2/ways_of_associativity
[07Feb2025 10:13:48.684] [main/DEBUG] [oshi.util.FileUtil/]: Reading file /sys/devices/system/cpu/cpu8/cache/index2/coherency_line_size
[07Feb2025 10:13:48.684] [main/DEBUG] [oshi.util.FileUtil/]: Reading file /sys/devices/system/cpu/cpu8/cache/index2/coherency_line_size
[07Feb2025 10:13:48.684] [main/DEBUG] [oshi.util.FileUtil/]: Reading file /sys/devices/system/cpu/cpu8/cache/index2/size
[07Feb2025 10:13:48.684] [main/DEBUG] [oshi.util.FileUtil/]: Reading file /sys/devices/system/cpu/cpu8/cache/index2/size
[07Feb2025 10:13:48.684] [main/DEBUG] [oshi.util.FileUtil/]: Reading file /sys/devices/system/cpu/cpu8/cache/index0/level
[07Feb2025 10:13:48.684] [main/DEBUG] [oshi.util.FileUtil/]: Reading file /sys/devices/system/cpu/cpu8/cache/index0/level
[07Feb2025 10:13:48.684] [main/DEBUG] [oshi.util.FileUtil/]: Reading file /sys/devices/system/cpu/cpu8/cache/index0/type
[07Feb2025 10:13:48.684] [main/DEBUG] [oshi.util.FileUtil/]: Reading file /sys/devices/system/cpu/cpu8/cache/index0/type
[07Feb2025 10:13:48.685] [main/DEBUG] [oshi.util.FileUtil/]: Reading file /sys/devices/system/cpu/cpu8/cache/index0/ways_of_associativity
[07Feb2025 10:13:48.685] [main/DEBUG] [oshi.util.FileUtil/]: Reading file /sys/devices/system/cpu/cpu8/cache/index0/ways_of_associativity
[07Feb2025 10:13:48.685] [main/DEBUG] [oshi.util.FileUtil/]: Reading file /sys/devices/system/cpu/cpu8/cache/index0/coherency_line_size
[07Feb2025 10:13:48.685] [main/DEBUG] [oshi.util.FileUtil/]: Reading file /sys/devices/system/cpu/cpu8/cache/index0/coherency_line_size
[07Feb2025 10:13:48.685] [main/DEBUG] [oshi.util.FileUtil/]: Reading file /sys/devices/system/cpu/cpu8/cache/index0/size
[07Feb2025 10:13:48.685] [main/DEBUG] [oshi.util.FileUtil/]: Reading file /sys/devices/system/cpu/cpu8/cache/index0/size
[07Feb2025 10:13:48.685] [main/DEBUG] [oshi.util.FileUtil/]: Reading file /sys/devices/system/cpu/cpu8/cache/index3/level
[07Feb2025 10:13:48.685] [main/DEBUG] [oshi.util.FileUtil/]: Reading file /sys/devices/system/cpu/cpu8/cache/index3/level
[07Feb2025 10:13:48.685] [main/DEBUG] [oshi.util.FileUtil/]: Reading file /sys/devices/system/cpu/cpu8/cache/index3/type
[07Feb2025 10:13:48.685] [main/DEBUG] [oshi.util.FileUtil/]: Reading file /sys/devices/system/cpu/cpu8/cache/index3/type
[07Feb2025 10:13:48.685] [main/DEBUG] [oshi.util.FileUtil/]: Reading file /sys/devices/system/cpu/cpu8/cache/index3/ways_of_associativity
[07Feb2025 10:13:48.685] [main/DEBUG] [oshi.util.FileUtil/]: Reading file /sys/devices/system/cpu/cpu8/cache/index3/ways_of_associativity
[07Feb2025 10:13:48.685] [main/DEBUG] [oshi.util.FileUtil/]: Reading file /sys/devices/system/cpu/cpu8/cache/index3/coherency_line_size
[07Feb2025 10:13:48.685] [main/DEBUG] [oshi.util.FileUtil/]: Reading file /sys/devices/system/cpu/cpu8/cache/index3/coherency_line_size
[07Feb2025 10:13:48.685] [main/DEBUG] [oshi.util.FileUtil/]: Reading file /sys/devices/system/cpu/cpu8/cache/index3/size
[07Feb2025 10:13:48.685] [main/DEBUG] [oshi.util.FileUtil/]: Reading file /sys/devices/system/cpu/cpu8/cache/index3/size
[07Feb2025 10:13:48.685] [main/DEBUG] [oshi.util.FileUtil/]: Reading file /sys/devices/system/cpu/cpu8/cache/index1/level
[07Feb2025 10:13:48.685] [main/DEBUG] [oshi.util.FileUtil/]: Reading file /sys/devices/system/cpu/cpu8/cache/index1/level
[07Feb2025 10:13:48.685] [main/DEBUG] [oshi.util.FileUtil/]: Reading file /sys/devices/system/cpu/cpu8/cache/index1/type
[07Feb2025 10:13:48.685] [main/DEBUG] [oshi.util.FileUtil/]: Reading file /sys/devices/system/cpu/cpu8/cache/index1/type
[07Feb2025 10:13:48.685] [main/DEBUG] [oshi.util.FileUtil/]: Reading file /sys/devices/system/cpu/cpu8/cache/index1/ways_of_associativity
[07Feb2025 10:13:48.685] [main/DEBUG] [oshi.util.FileUtil/]: Reading file /sys/devices/system/cpu/cpu8/cache/index1/ways_of_associativity
[07Feb2025 10:13:48.685] [main/DEBUG] [oshi.util.FileUtil/]: Reading file /sys/devices/system/cpu/cpu8/cache/index1/coherency_line_size
[07Feb2025 10:13:48.685] [main/DEBUG] [oshi.util.FileUtil/]: Reading file /sys/devices/system/cpu/cpu8/cache/index1/coherency_line_size
[07Feb2025 10:13:48.686] [main/DEBUG] [oshi.util.FileUtil/]: Reading file /sys/devices/system/cpu/cpu8/cache/index1/size
[07Feb2025 10:13:48.686] [main/DEBUG] [oshi.util.FileUtil/]: Reading file /sys/devices/system/cpu/cpu8/cache/index1/size
[07Feb2025 10:13:48.686] [main/DEBUG] [oshi.util.FileUtil/]: Reading file /sys/devices/system/cpu/cpu9/topology/core_id
[07Feb2025 10:13:48.686] [main/DEBUG] [oshi.util.FileUtil/]: Reading file /sys/devices/system/cpu/cpu9/topology/core_id
[07Feb2025 10:13:48.686] [main/DEBUG] [oshi.util.FileUtil/]: Reading file /sys/devices/system/cpu/cpu9/topology/physical_package_id
[07Feb2025 10:13:48.686] [main/DEBUG] [oshi.util.FileUtil/]: Reading file /sys/devices/system/cpu/cpu9/topology/physical_package_id
[07Feb2025 10:13:48.686] [main/DEBUG] [oshi.util.FileUtil/]: Reading file /sys/devices/system/cpu/cpu9/cpu_capacity
[07Feb2025 10:13:48.686] [main/DEBUG] [oshi.util.FileUtil/]: Reading file /sys/devices/system/cpu/cpu9/cache/index2/level
[07Feb2025 10:13:48.686] [main/DEBUG] [oshi.util.FileUtil/]: Reading file /sys/devices/system/cpu/cpu9/cache/index2/level
[07Feb2025 10:13:48.686] [main/DEBUG] [oshi.util.FileUtil/]: Reading file /sys/devices/system/cpu/cpu9/cache/index2/type
[07Feb2025 10:13:48.686] [main/DEBUG] [oshi.util.FileUtil/]: Reading file /sys/devices/system/cpu/cpu9/cache/index2/type
[07Feb2025 10:13:48.686] [main/DEBUG] [oshi.util.FileUtil/]: Reading file /sys/devices/system/cpu/cpu9/cache/index2/ways_of_associativity
[07Feb2025 10:13:48.686] [main/DEBUG] [oshi.util.FileUtil/]: Reading file /sys/devices/system/cpu/cpu9/cache/index2/ways_of_associativity
[07Feb2025 10:13:48.686] [main/DEBUG] [oshi.util.FileUtil/]: Reading file /sys/devices/system/cpu/cpu9/cache/index2/coherency_line_size
[07Feb2025 10:13:48.686] [main/DEBUG] [oshi.util.FileUtil/]: Reading file /sys/devices/system/cpu/cpu9/cache/index2/coherency_line_size
[07Feb2025 10:13:48.686] [main/DEBUG] [oshi.util.FileUtil/]: Reading file /sys/devices/system/cpu/cpu9/cache/index2/size
[07Feb2025 10:13:48.686] [main/DEBUG] [oshi.util.FileUtil/]: Reading file /sys/devices/system/cpu/cpu9/cache/index2/size
[07Feb2025 10:13:48.687] [main/DEBUG] [oshi.util.FileUtil/]: Reading file /sys/devices/system/cpu/cpu9/cache/index0/level
[07Feb2025 10:13:48.687] [main/DEBUG] [oshi.util.FileUtil/]: Reading file /sys/devices/system/cpu/cpu9/cache/index0/level
[07Feb2025 10:13:48.687] [main/DEBUG] [oshi.util.FileUtil/]: Reading file /sys/devices/system/cpu/cpu9/cache/index0/type
[07Feb2025 10:13:48.687] [main/DEBUG] [oshi.util.FileUtil/]: Reading file /sys/devices/system/cpu/cpu9/cache/index0/type
[07Feb2025 10:13:48.687] [main/DEBUG] [oshi.util.FileUtil/]: Reading file /sys/devices/system/cpu/cpu9/cache/index0/ways_of_associativity
[07Feb2025 10:13:48.687] [main/DEBUG] [oshi.util.FileUtil/]: Reading file /sys/devices/system/cpu/cpu9/cache/index0/ways_of_associativity
[07Feb2025 10:13:48.687] [main/DEBUG] [oshi.util.FileUtil/]: Reading file /sys/devices/system/cpu/cpu9/cache/index0/coherency_line_size
[07Feb2025 10:13:48.687] [main/DEBUG] [oshi.util.FileUtil/]: Reading file /sys/devices/system/cpu/cpu9/cache/index0/coherency_line_size
[07Feb2025 10:13:48.687] [main/DEBUG] [oshi.util.FileUtil/]: Reading file /sys/devices/system/cpu/cpu9/cache/index0/size
[07Feb2025 10:13:48.687] [main/DEBUG] [oshi.util.FileUtil/]: Reading file /sys/devices/system/cpu/cpu9/cache/index0/size
[07Feb2025 10:13:48.687] [main/DEBUG] [oshi.util.FileUtil/]: Reading file /sys/devices/system/cpu/cpu9/cache/index3/level
[07Feb2025 10:13:48.687] [main/DEBUG] [oshi.util.FileUtil/]: Reading file /sys/devices/system/cpu/cpu9/cache/index3/level
[07Feb2025 10:13:48.687] [main/DEBUG] [oshi.util.FileUtil/]: Reading file /sys/devices/system/cpu/cpu9/cache/index3/type
[07Feb2025 10:13:48.687] [main/DEBUG] [oshi.util.FileUtil/]: Reading file /sys/devices/system/cpu/cpu9/cache/index3/type
[07Feb2025 10:13:48.687] [main/DEBUG] [oshi.util.FileUtil/]: Reading file /sys/devices/system/cpu/cpu9/cache/index3/ways_of_associativity
[07Feb2025 10:13:48.687] [main/DEBUG] [oshi.util.FileUtil/]: Reading file /sys/devices/system/cpu/cpu9/cache/index3/ways_of_associativity
[07Feb2025 10:13:48.687] [main/DEBUG] [oshi.util.FileUtil/]: Reading file /sys/devices/system/cpu/cpu9/cache/index3/coherency_line_size
[07Feb2025 10:13:48.687] [main/DEBUG] [oshi.util.FileUtil/]: Reading file /sys/devices/system/cpu/cpu9/cache/index3/coherency_line_size
[07Feb2025 10:13:48.687] [main/DEBUG] [oshi.util.FileUtil/]: Reading file /sys/devices/system/cpu/cpu9/cache/index3/size
[07Feb2025 10:13:48.687] [main/DEBUG] [oshi.util.FileUtil/]: Reading file /sys/devices/system/cpu/cpu9/cache/index3/size
[07Feb2025 10:13:48.687] [main/DEBUG] [oshi.util.FileUtil/]: Reading file /sys/devices/system/cpu/cpu9/cache/index1/level
[07Feb2025 10:13:48.688] [main/DEBUG] [oshi.util.FileUtil/]: Reading file /sys/devices/system/cpu/cpu9/cache/index1/level
[07Feb2025 10:13:48.688] [main/DEBUG] [oshi.util.FileUtil/]: Reading file /sys/devices/system/cpu/cpu9/cache/index1/type
[07Feb2025 10:13:48.688] [main/DEBUG] [oshi.util.FileUtil/]: Reading file /sys/devices/system/cpu/cpu9/cache/index1/type
[07Feb2025 10:13:48.688] [main/DEBUG] [oshi.util.FileUtil/]: Reading file /sys/devices/system/cpu/cpu9/cache/index1/ways_of_associativity
[07Feb2025 10:13:48.688] [main/DEBUG] [oshi.util.FileUtil/]: Reading file /sys/devices/system/cpu/cpu9/cache/index1/ways_of_associativity
[07Feb2025 10:13:48.688] [main/DEBUG] [oshi.util.FileUtil/]: Reading file /sys/devices/system/cpu/cpu9/cache/index1/coherency_line_size
[07Feb2025 10:13:48.688] [main/DEBUG] [oshi.util.FileUtil/]: Reading file /sys/devices/system/cpu/cpu9/cache/index1/coherency_line_size
[07Feb2025 10:13:48.688] [main/DEBUG] [oshi.util.FileUtil/]: Reading file /sys/devices/system/cpu/cpu9/cache/index1/size
[07Feb2025 10:13:48.688] [main/DEBUG] [oshi.util.FileUtil/]: Reading file /sys/devices/system/cpu/cpu9/cache/index1/size
[07Feb2025 10:13:48.689] [main/DEBUG] [oshi.util.FileUtil/]: Reading file /proc/cpuinfo
[07Feb2025 10:13:49.422] [main/DEBUG] [oshi.util.FileUtil/]: Reading file /proc/self/auxv
[07Feb2025 10:13:49.424] [main/DEBUG] [oshi.util.FileUtil/]: No oshi.architecture.properties file found from ClassLoader cpw.mods.modlauncher.TransformingClassLoader@575e572f
[07Feb2025 10:13:49.455] [main/DEBUG] [oshi.util.FileUtil/]: Reading file /proc/meminfo
[07Feb2025 10:13:49.455] [main/DEBUG] [oshi.util.FileUtil/]: Reading file /proc/meminfo
[07Feb2025 10:13:49.509] [pool-6-thread-1/DEBUG] [net.neoforged.coremod.transformer.CoreModBaseTransformer/COREMOD]: Transforming net/minecraft/world/entity/EntityType
[07Feb2025 10:13:49.825] [pool-6-thread-1/DEBUG] [net.neoforged.coremod.transformer.CoreModBaseTransformer/COREMOD]: Transforming net/minecraft/world/level/block/LiquidBlock
[07Feb2025 10:13:49.920] [pool-6-thread-1/DEBUG] [net.neoforged.coremod.transformer.CoreModBaseTransformer/COREMOD]: Transforming net/minecraft/world/level/block/StairBlock
[07Feb2025 10:13:49.942] [pool-6-thread-1/DEBUG] [net.neoforged.coremod.transformer.CoreModBaseTransformer/COREMOD]: Transforming net/minecraft/world/level/block/FlowerPotBlock
[07Feb2025 10:13:50.344] [pool-6-thread-1/DEBUG] [net.neoforged.coremod.transformer.CoreModBaseTransformer/COREMOD]: Transforming net/minecraft/world/level/biome/Biome
[07Feb2025 10:13:50.728] [pool-6-thread-1/DEBUG] [net.neoforged.coremod.transformer.CoreModBaseTransformer/COREMOD]: Transforming net/minecraft/world/entity/animal/frog/Tadpole
[07Feb2025 10:13:51.173] [pool-6-thread-1/DEBUG] [net.neoforged.coremod.transformer.CoreModBaseTransformer/COREMOD]: Transforming net/minecraft/world/item/BucketItem
[07Feb2025 10:13:51.613] [pool-6-thread-1/DEBUG] [net.neoforged.coremod.transformer.CoreModBaseTransformer/COREMOD]: Transforming net/minecraft/world/entity/monster/Spider
[07Feb2025 10:13:51.669] [pool-6-thread-1/DEBUG] [net.neoforged.coremod.transformer.CoreModBaseTransformer/COREMOD]: Transforming net/minecraft/world/entity/monster/Zombie
[07Feb2025 10:13:51.678] [Datafixer Bootstrap/INFO] [com.mojang.datafixers.DataFixerBuilder/]: 198 Datafixer optimizations took 106 milliseconds
[07Feb2025 10:13:51.702] [pool-6-thread-1/DEBUG] [net.neoforged.coremod.transformer.CoreModBaseTransformer/COREMOD]: Transforming net/minecraft/world/entity/monster/ZombieVillager
[07Feb2025 10:13:51.747] [pool-6-thread-1/DEBUG] [net.neoforged.coremod.transformer.CoreModBaseTransformer/COREMOD]: Transforming net/minecraft/world/entity/monster/Evoker$EvokerSummonSpellGoal
[07Feb2025 10:13:51.829] [pool-6-thread-1/DEBUG] [net.neoforged.coremod.transformer.CoreModBaseTransformer/COREMOD]: Transforming net/minecraft/world/entity/animal/horse/SkeletonTrapGoal
[07Feb2025 10:13:51.840] [pool-6-thread-1/DEBUG] [net.neoforged.coremod.transformer.CoreModBaseTransformer/COREMOD]: Transforming net/minecraft/world/entity/monster/Strider
[07Feb2025 10:13:51.894] [pool-6-thread-1/DEBUG] [net.neoforged.coremod.transformer.CoreModBaseTransformer/COREMOD]: Transforming net/minecraft/world/entity/npc/Villager
[07Feb2025 10:13:52.312] [pool-6-thread-1/DEBUG] [io.netty.util.internal.PlatformDependent0/]: -Dio.netty.noUnsafe: false
[07Feb2025 10:13:52.312] [pool-6-thread-1/DEBUG] [io.netty.util.internal.PlatformDependent0/]: Java version: 17
[07Feb2025 10:13:52.312] [pool-6-thread-1/DEBUG] [io.netty.util.internal.PlatformDependent0/]: sun.misc.Unsafe.theUnsafe: available
[07Feb2025 10:13:52.313] [pool-6-thread-1/DEBUG] [io.netty.util.internal.PlatformDependent0/]: sun.misc.Unsafe.copyMemory: available
[07Feb2025 10:13:52.313] [pool-6-thread-1/DEBUG] [io.netty.util.internal.PlatformDependent0/]: sun.misc.Unsafe.storeFence: available
[07Feb2025 10:13:52.313] [pool-6-thread-1/DEBUG] [io.netty.util.internal.PlatformDependent0/]: java.nio.Buffer.address: available
[07Feb2025 10:13:52.313] [pool-6-thread-1/DEBUG] [io.netty.util.internal.PlatformDependent0/]: java.nio.Bits.unaligned: available, true
[07Feb2025 10:13:52.314] [pool-6-thread-1/DEBUG] [io.netty.util.internal.PlatformDependent0/]: java.nio.DirectByteBuffer.<init>(long, {int,long}): unavailable
[07Feb2025 10:13:52.314] [pool-6-thread-1/DEBUG] [io.netty.util.internal.PlatformDependent/]: sun.misc.Unsafe: available
[07Feb2025 10:13:52.315] [pool-6-thread-1/DEBUG] [io.netty.util.internal.PlatformDependent/]: maxDirectMemory: 16835936256 bytes (maybe)
[07Feb2025 10:13:52.315] [pool-6-thread-1/DEBUG] [io.netty.util.internal.PlatformDependent/]: -Dio.netty.tmpdir: /tmp (java.io.tmpdir)
[07Feb2025 10:13:52.315] [pool-6-thread-1/DEBUG] [io.netty.util.internal.PlatformDependent/]: -Dio.netty.bitMode: 64 (sun.arch.data.model)
[07Feb2025 10:13:52.315] [pool-6-thread-1/DEBUG] [io.netty.util.internal.PlatformDependent/]: -Dio.netty.maxDirectMemory: -1 bytes
[07Feb2025 10:13:52.315] [pool-6-thread-1/DEBUG] [io.netty.util.internal.PlatformDependent/]: -Dio.netty.uninitializedArrayAllocationThreshold: -1
[07Feb2025 10:13:52.316] [pool-6-thread-1/DEBUG] [io.netty.util.internal.CleanerJava9/]: java.nio.ByteBuffer.cleaner(): available
[07Feb2025 10:13:52.316] [pool-6-thread-1/DEBUG] [io.netty.util.internal.PlatformDependent/]: -Dio.netty.noPreferDirect: false
[07Feb2025 10:13:52.634] [pool-6-thread-1/DEBUG] [net.neoforged.coremod.transformer.CoreModBaseTransformer/COREMOD]: Transforming net/minecraft/world/level/levelgen/structure/Structure
[07Feb2025 10:13:52.658] [pool-6-thread-1/DEBUG] [net.neoforged.coremod.transformer.CoreModBaseTransformer/COREMOD]: Transforming net/minecraft/world/level/levelgen/structure/structures/OceanRuinPieces$OceanRuinPiece
[07Feb2025 10:13:52.664] [pool-6-thread-1/DEBUG] [net.neoforged.coremod.transformer.CoreModBaseTransformer/COREMOD]: Transforming net/minecraft/world/level/levelgen/structure/structures/SwampHutPiece
[07Feb2025 10:13:52.670] [pool-6-thread-1/DEBUG] [net.neoforged.coremod.transformer.CoreModBaseTransformer/COREMOD]: Transforming net/minecraft/world/level/levelgen/structure/structures/OceanMonumentPieces$OceanMonumentPiece
[07Feb2025 10:13:52.680] [pool-6-thread-1/DEBUG] [net.neoforged.coremod.transformer.CoreModBaseTransformer/COREMOD]: Transforming net/minecraft/world/level/levelgen/structure/structures/WoodlandMansionPieces$WoodlandMansionPiece
[07Feb2025 10:13:52.860] [pool-6-thread-1/DEBUG] [net.neoforged.neoforge.registries.GameData/REGISTRIES]: Creating vanilla freeze snapshot
[07Feb2025 10:13:52.881] [pool-6-thread-1/DEBUG] [net.neoforged.neoforge.registries.GameData/REGISTRIES]: Vanilla freeze snapshot created
[07Feb2025 10:13:53.322] [main/DEBUG] [net.neoforged.coremod.transformer.CoreModBaseTransformer/COREMOD]: Transforming net/minecraft/server/commands/SummonCommand
[07Feb2025 10:13:53.387] [main/DEBUG] [net.neoforged.coremod.transformer.CoreModBaseTransformer/COREMOD]: Transforming net/minecraft/server/commands/RaidCommand
[07Feb2025 10:13:53.431] [main/WARN] [net.minecraft.commands.Commands/]: Ambiguity between arguments [teleport, location] and [teleport, destination] with inputs: [0.1 -0.5 .9, 0 0 0]
[07Feb2025 10:13:53.433] [main/WARN] [net.minecraft.commands.Commands/]: Ambiguity between arguments [teleport, location] and [teleport, targets] with inputs: [0.1 -0.5 .9, 0 0 0]
[07Feb2025 10:13:53.435] [main/WARN] [net.minecraft.commands.Commands/]: Ambiguity between arguments [teleport, destination] and [teleport, targets] with inputs: [Player, 0123, @e, dd12be42-52a9-4a91-a8a1-11c01849e498]
[07Feb2025 10:13:53.436] [main/WARN] [net.minecraft.commands.Commands/]: Ambiguity between arguments [teleport, targets] and [teleport, destination] with inputs: [Player, 0123, dd12be42-52a9-4a91-a8a1-11c01849e498]
[07Feb2025 10:13:53.437] [main/WARN] [net.minecraft.commands.Commands/]: Ambiguity between arguments [teleport, targets, location] and [teleport, targets, destination] with inputs: [0.1 -0.5 .9, 0 0 0]
[07Feb2025 10:13:53.520] [Render thread/WARN] [net.minecraft.server.packs.VanillaPackResourcesBuilder/]: Assets URL 'union:/home/jared/Documents/src/MCMods/1.20.4/DoomlikeDungeons-Neo/.gradle/repositories/ng_dummy_ng/net/neoforged/neoforge/20.4.239/neoforge-20.4.239.jar%23182!/assets/.mcassetsroot' uses unexpected schema
[07Feb2025 10:13:53.520] [Render thread/WARN] [net.minecraft.server.packs.VanillaPackResourcesBuilder/]: Assets URL 'union:/home/jared/Documents/src/MCMods/1.20.4/DoomlikeDungeons-Neo/.gradle/repositories/ng_dummy_ng/net/neoforged/neoforge/20.4.239/neoforge-20.4.239.jar%23182!/data/.mcassetsroot' uses unexpected schema
[07Feb2025 10:13:53.535] [Render thread/INFO] [com.mojang.authlib.yggdrasil.YggdrasilAuthenticationService/]: Environment: Environment[sessionHost=https://sessionserver.mojang.com, servicesHost=https://api.minecraftservices.com, name=PROD]
[07Feb2025 10:13:53.540] [Render thread/INFO] [net.minecraft.client.Minecraft/]: Setting user: Dev
[07Feb2025 10:13:53.613] [Render thread/INFO] [net.minecraft.client.Minecraft/]: Backend library: LWJGL version 3.3.2+13
[07Feb2025 10:13:53.669] [Render thread/DEBUG] [oshi.util.FileUtil/]: Reading file /sys/devices/system/cpu/cpu0/topology/core_id
[07Feb2025 10:13:53.669] [Render thread/DEBUG] [oshi.util.FileUtil/]: Reading file /sys/devices/system/cpu/cpu0/topology/core_id
[07Feb2025 10:13:53.670] [Render thread/DEBUG] [oshi.util.FileUtil/]: Reading file /sys/devices/system/cpu/cpu0/topology/physical_package_id
[07Feb2025 10:13:53.670] [Render thread/DEBUG] [oshi.util.FileUtil/]: Reading file /sys/devices/system/cpu/cpu0/topology/physical_package_id
[07Feb2025 10:13:53.670] [Render thread/DEBUG] [oshi.util.FileUtil/]: Reading file /sys/devices/system/cpu/cpu0/cpu_capacity
[07Feb2025 10:13:53.670] [Render thread/DEBUG] [oshi.util.FileUtil/]: Reading file /sys/devices/system/cpu/cpu0/cache/index2/level
[07Feb2025 10:13:53.670] [Render thread/DEBUG] [oshi.util.FileUtil/]: Reading file /sys/devices/system/cpu/cpu0/cache/index2/level
[07Feb2025 10:13:53.670] [Render thread/DEBUG] [oshi.util.FileUtil/]: Reading file /sys/devices/system/cpu/cpu0/cache/index2/type
[07Feb2025 10:13:53.670] [Render thread/DEBUG] [oshi.util.FileUtil/]: Reading file /sys/devices/system/cpu/cpu0/cache/index2/type
[07Feb2025 10:13:53.670] [Render thread/DEBUG] [oshi.util.FileUtil/]: Reading file /sys/devices/system/cpu/cpu0/cache/index2/ways_of_associativity
[07Feb2025 10:13:53.670] [Render thread/DEBUG] [oshi.util.FileUtil/]: Reading file /sys/devices/system/cpu/cpu0/cache/index2/ways_of_associativity
[07Feb2025 10:13:53.670] [Render thread/DEBUG] [oshi.util.FileUtil/]: Reading file /sys/devices/system/cpu/cpu0/cache/index2/coherency_line_size
[07Feb2025 10:13:53.670] [Render thread/DEBUG] [oshi.util.FileUtil/]: Reading file /sys/devices/system/cpu/cpu0/cache/index2/coherency_line_size
[07Feb2025 10:13:53.670] [Render thread/DEBUG] [oshi.util.FileUtil/]: Reading file /sys/devices/system/cpu/cpu0/cache/index2/size
[07Feb2025 10:13:53.670] [Render thread/DEBUG] [oshi.util.FileUtil/]: Reading file /sys/devices/system/cpu/cpu0/cache/index2/size
[07Feb2025 10:13:53.670] [Render thread/DEBUG] [oshi.util.FileUtil/]: Reading file /sys/devices/system/cpu/cpu0/cache/index0/level
[07Feb2025 10:13:53.670] [Render thread/DEBUG] [oshi.util.FileUtil/]: Reading file /sys/devices/system/cpu/cpu0/cache/index0/level
[07Feb2025 10:13:53.670] [Render thread/DEBUG] [oshi.util.FileUtil/]: Reading file /sys/devices/system/cpu/cpu0/cache/index0/type
[07Feb2025 10:13:53.670] [Render thread/DEBUG] [oshi.util.FileUtil/]: Reading file /sys/devices/system/cpu/cpu0/cache/index0/type
[07Feb2025 10:13:53.671] [Render thread/DEBUG] [oshi.util.FileUtil/]: Reading file /sys/devices/system/cpu/cpu0/cache/index0/ways_of_associativity
[07Feb2025 10:13:53.671] [Render thread/DEBUG] [oshi.util.FileUtil/]: Reading file /sys/devices/system/cpu/cpu0/cache/index0/ways_of_associativity
[07Feb2025 10:13:53.671] [Render thread/DEBUG] [oshi.util.FileUtil/]: Reading file /sys/devices/system/cpu/cpu0/cache/index0/coherency_line_size
[07Feb2025 10:13:53.671] [Render thread/DEBUG] [oshi.util.FileUtil/]: Reading file /sys/devices/system/cpu/cpu0/cache/index0/coherency_line_size
[07Feb2025 10:13:53.671] [Render thread/DEBUG] [oshi.util.FileUtil/]: Reading file /sys/devices/system/cpu/cpu0/cache/index0/size
[07Feb2025 10:13:53.671] [Render thread/DEBUG] [oshi.util.FileUtil/]: Reading file /sys/devices/system/cpu/cpu0/cache/index0/size
[07Feb2025 10:13:53.671] [Render thread/DEBUG] [oshi.util.FileUtil/]: Reading file /sys/devices/system/cpu/cpu0/cache/index3/level
[07Feb2025 10:13:53.671] [Render thread/DEBUG] [oshi.util.FileUtil/]: Reading file /sys/devices/system/cpu/cpu0/cache/index3/level
[07Feb2025 10:13:53.671] [Render thread/DEBUG] [oshi.util.FileUtil/]: Reading file /sys/devices/system/cpu/cpu0/cache/index3/type
[07Feb2025 10:13:53.671] [Render thread/DEBUG] [oshi.util.FileUtil/]: Reading file /sys/devices/system/cpu/cpu0/cache/index3/type
[07Feb2025 10:13:53.671] [Render thread/DEBUG] [oshi.util.FileUtil/]: Reading file /sys/devices/system/cpu/cpu0/cache/index3/ways_of_associativity
[07Feb2025 10:13:53.671] [Render thread/DEBUG] [oshi.util.FileUtil/]: Reading file /sys/devices/system/cpu/cpu0/cache/index3/ways_of_associativity
[07Feb2025 10:13:53.671] [Render thread/DEBUG] [oshi.util.FileUtil/]: Reading file /sys/devices/system/cpu/cpu0/cache/index3/coherency_line_size
[07Feb2025 10:13:53.671] [Render thread/DEBUG] [oshi.util.FileUtil/]: Reading file /sys/devices/system/cpu/cpu0/cache/index3/coherency_line_size
[07Feb2025 10:13:53.671] [Render thread/DEBUG] [oshi.util.FileUtil/]: Reading file /sys/devices/system/cpu/cpu0/cache/index3/size
[07Feb2025 10:13:53.671] [Render thread/DEBUG] [oshi.util.FileUtil/]: Reading file /sys/devices/system/cpu/cpu0/cache/index3/size
[07Feb2025 10:13:53.671] [Render thread/DEBUG] [oshi.util.FileUtil/]: Reading file /sys/devices/system/cpu/cpu0/cache/index1/level
[07Feb2025 10:13:53.671] [Render thread/DEBUG] [oshi.util.FileUtil/]: Reading file /sys/devices/system/cpu/cpu0/cache/index1/level
[07Feb2025 10:13:53.671] [Render thread/DEBUG] [oshi.util.FileUtil/]: Reading file /sys/devices/system/cpu/cpu0/cache/index1/type
[07Feb2025 10:13:53.671] [Render thread/DEBUG] [oshi.util.FileUtil/]: Reading file /sys/devices/system/cpu/cpu0/cache/index1/type
[07Feb2025 10:13:53.671] [Render thread/DEBUG] [oshi.util.FileUtil/]: Reading file /sys/devices/system/cpu/cpu0/cache/index1/ways_of_associativity
[07Feb2025 10:13:53.671] [Render thread/DEBUG] [oshi.util.FileUtil/]: Reading file /sys/devices/system/cpu/cpu0/cache/index1/ways_of_associativity
[07Feb2025 10:13:53.672] [Render thread/DEBUG] [oshi.util.FileUtil/]: Reading file /sys/devices/system/cpu/cpu0/cache/index1/coherency_line_size
[07Feb2025 10:13:53.672] [Render thread/DEBUG] [oshi.util.FileUtil/]: Reading file /sys/devices/system/cpu/cpu0/cache/index1/coherency_line_size
[07Feb2025 10:13:53.672] [Render thread/DEBUG] [oshi.util.FileUtil/]: Reading file /sys/devices/system/cpu/cpu0/cache/index1/size
[07Feb2025 10:13:53.672] [Render thread/DEBUG] [oshi.util.FileUtil/]: Reading file /sys/devices/system/cpu/cpu0/cache/index1/size
[07Feb2025 10:13:53.672] [Render thread/DEBUG] [oshi.util.FileUtil/]: Reading file /sys/devices/system/cpu/cpu1/topology/core_id
[07Feb2025 10:13:53.672] [Render thread/DEBUG] [oshi.util.FileUtil/]: Reading file /sys/devices/system/cpu/cpu1/topology/core_id
[07Feb2025 10:13:53.672] [Render thread/DEBUG] [oshi.util.FileUtil/]: Reading file /sys/devices/system/cpu/cpu1/topology/physical_package_id
[07Feb2025 10:13:53.672] [Render thread/DEBUG] [oshi.util.FileUtil/]: Reading file /sys/devices/system/cpu/cpu1/topology/physical_package_id
[07Feb2025 10:13:53.672] [Render thread/DEBUG] [oshi.util.FileUtil/]: Reading file /sys/devices/system/cpu/cpu1/cpu_capacity
[07Feb2025 10:13:53.672] [Render thread/DEBUG] [oshi.util.FileUtil/]: Reading file /sys/devices/system/cpu/cpu1/cache/index2/level
[07Feb2025 10:13:53.672] [Render thread/DEBUG] [oshi.util.FileUtil/]: Reading file /sys/devices/system/cpu/cpu1/cache/index2/level
[07Feb2025 10:13:53.672] [Render thread/DEBUG] [oshi.util.FileUtil/]: Reading file /sys/devices/system/cpu/cpu1/cache/index2/type
[07Feb2025 10:13:53.672] [Render thread/DEBUG] [oshi.util.FileUtil/]: Reading file /sys/devices/system/cpu/cpu1/cache/index2/type
[07Feb2025 10:13:53.672] [Render thread/DEBUG] [oshi.util.FileUtil/]: Reading file /sys/devices/system/cpu/cpu1/cache/index2/ways_of_associativity
[07Feb2025 10:13:53.672] [Render thread/DEBUG] [oshi.util.FileUtil/]: Reading file /sys/devices/system/cpu/cpu1/cache/index2/ways_of_associativity
[07Feb2025 10:13:53.672] [Render thread/DEBUG] [oshi.util.FileUtil/]: Reading file /sys/devices/system/cpu/cpu1/cache/index2/coherency_line_size
[07Feb2025 10:13:53.672] [Render thread/DEBUG] [oshi.util.FileUtil/]: Reading file /sys/devices/system/cpu/cpu1/cache/index2/coherency_line_size
[07Feb2025 10:13:53.672] [Render thread/DEBUG] [oshi.util.FileUtil/]: Reading file /sys/devices/system/cpu/cpu1/cache/index2/size
[07Feb2025 10:13:53.673] [Render thread/DEBUG] [oshi.util.FileUtil/]: Reading file /sys/devices/system/cpu/cpu1/cache/index2/size
[07Feb2025 10:13:53.673] [Render thread/DEBUG] [oshi.util.FileUtil/]: Reading file /sys/devices/system/cpu/cpu1/cache/index0/level
[07Feb2025 10:13:53.673] [Render thread/DEBUG] [oshi.util.FileUtil/]: Reading file /sys/devices/system/cpu/cpu1/cache/index0/level
[07Feb2025 10:13:53.673] [Render thread/DEBUG] [oshi.util.FileUtil/]: Reading file /sys/devices/system/cpu/cpu1/cache/index0/type
[07Feb2025 10:13:53.673] [Render thread/DEBUG] [oshi.util.FileUtil/]: Reading file /sys/devices/system/cpu/cpu1/cache/index0/type
[07Feb2025 10:13:53.673] [Render thread/DEBUG] [oshi.util.FileUtil/]: Reading file /sys/devices/system/cpu/cpu1/cache/index0/ways_of_associativity
[07Feb2025 10:13:53.673] [Render thread/DEBUG] [oshi.util.FileUtil/]: Reading file /sys/devices/system/cpu/cpu1/cache/index0/ways_of_associativity
[07Feb2025 10:13:53.673] [Render thread/DEBUG] [oshi.util.FileUtil/]: Reading file /sys/devices/system/cpu/cpu1/cache/index0/coherency_line_size
[07Feb2025 10:13:53.673] [Render thread/DEBUG] [oshi.util.FileUtil/]: Reading file /sys/devices/system/cpu/cpu1/cache/index0/coherency_line_size
[07Feb2025 10:13:53.673] [Render thread/DEBUG] [oshi.util.FileUtil/]: Reading file /sys/devices/system/cpu/cpu1/cache/index0/size
[07Feb2025 10:13:53.673] [Render thread/DEBUG] [oshi.util.FileUtil/]: Reading file /sys/devices/system/cpu/cpu1/cache/index0/size
[07Feb2025 10:13:53.673] [Render thread/DEBUG] [oshi.util.FileUtil/]: Reading file /sys/devices/system/cpu/cpu1/cache/index3/level
[07Feb2025 10:13:53.673] [Render thread/DEBUG] [oshi.util.FileUtil/]: Reading file /sys/devices/system/cpu/cpu1/cache/index3/level
[07Feb2025 10:13:53.673] [Render thread/DEBUG] [oshi.util.FileUtil/]: Reading file /sys/devices/system/cpu/cpu1/cache/index3/type
[07Feb2025 10:13:53.673] [Render thread/DEBUG] [oshi.util.FileUtil/]: Reading file /sys/devices/system/cpu/cpu1/cache/index3/type
[07Feb2025 10:13:53.673] [Render thread/DEBUG] [oshi.util.FileUtil/]: Reading file /sys/devices/system/cpu/cpu1/cache/index3/ways_of_associativity
[07Feb2025 10:13:53.673] [Render thread/DEBUG] [oshi.util.FileUtil/]: Reading file /sys/devices/system/cpu/cpu1/cache/index3/ways_of_associativity
[07Feb2025 10:13:53.673] [Render thread/DEBUG] [oshi.util.FileUtil/]: Reading file /sys/devices/system/cpu/cpu1/cache/index3/coherency_line_size
[07Feb2025 10:13:53.673] [Render thread/DEBUG] [oshi.util.FileUtil/]: Reading file /sys/devices/system/cpu/cpu1/cache/index3/coherency_line_size
[07Feb2025 10:13:53.673] [Render thread/DEBUG] [oshi.util.FileUtil/]: Reading file /sys/devices/system/cpu/cpu1/cache/index3/size
[07Feb2025 10:13:53.673] [Render thread/DEBUG] [oshi.util.FileUtil/]: Reading file /sys/devices/system/cpu/cpu1/cache/index3/size
[07Feb2025 10:13:53.673] [Render thread/DEBUG] [oshi.util.FileUtil/]: Reading file /sys/devices/system/cpu/cpu1/cache/index1/level
[07Feb2025 10:13:53.674] [Render thread/DEBUG] [oshi.util.FileUtil/]: Reading file /sys/devices/system/cpu/cpu1/cache/index1/level
[07Feb2025 10:13:53.674] [Render thread/DEBUG] [oshi.util.FileUtil/]: Reading file /sys/devices/system/cpu/cpu1/cache/index1/type
[07Feb2025 10:13:53.674] [Render thread/DEBUG] [oshi.util.FileUtil/]: Reading file /sys/devices/system/cpu/cpu1/cache/index1/type
[07Feb2025 10:13:53.674] [Render thread/DEBUG] [oshi.util.FileUtil/]: Reading file /sys/devices/system/cpu/cpu1/cache/index1/ways_of_associativity
[07Feb2025 10:13:53.674] [Render thread/DEBUG] [oshi.util.FileUtil/]: Reading file /sys/devices/system/cpu/cpu1/cache/index1/ways_of_associativity
[07Feb2025 10:13:53.674] [Render thread/DEBUG] [oshi.util.FileUtil/]: Reading file /sys/devices/system/cpu/cpu1/cache/index1/coherency_line_size
[07Feb2025 10:13:53.674] [Render thread/DEBUG] [oshi.util.FileUtil/]: Reading file /sys/devices/system/cpu/cpu1/cache/index1/coherency_line_size
[07Feb2025 10:13:53.674] [Render thread/DEBUG] [oshi.util.FileUtil/]: Reading file /sys/devices/system/cpu/cpu1/cache/index1/size
[07Feb2025 10:13:53.674] [Render thread/DEBUG] [oshi.util.FileUtil/]: Reading file /sys/devices/system/cpu/cpu1/cache/index1/size
[07Feb2025 10:13:53.674] [Render thread/DEBUG] [oshi.util.FileUtil/]: Reading file /sys/devices/system/cpu/cpu10/topology/core_id
[07Feb2025 10:13:53.674] [Render thread/DEBUG] [oshi.util.FileUtil/]: Reading file /sys/devices/system/cpu/cpu10/topology/core_id
[07Feb2025 10:13:53.674] [Render thread/DEBUG] [oshi.util.FileUtil/]: Reading file /sys/devices/system/cpu/cpu10/topology/physical_package_id
[07Feb2025 10:13:53.674] [Render thread/DEBUG] [oshi.util.FileUtil/]: Reading file /sys/devices/system/cpu/cpu10/topology/physical_package_id
[07Feb2025 10:13:53.675] [Render thread/DEBUG] [oshi.util.FileUtil/]: Reading file /sys/devices/system/cpu/cpu10/cpu_capacity
[07Feb2025 10:13:53.675] [Render thread/DEBUG] [oshi.util.FileUtil/]: Reading file /sys/devices/system/cpu/cpu10/cache/index2/level
[07Feb2025 10:13:53.675] [Render thread/DEBUG] [oshi.util.FileUtil/]: Reading file /sys/devices/system/cpu/cpu10/cache/index2/level
[07Feb2025 10:13:53.675] [Render thread/DEBUG] [oshi.util.FileUtil/]: Reading file /sys/devices/system/cpu/cpu10/cache/index2/type
[07Feb2025 10:13:53.675] [Render thread/DEBUG] [oshi.util.FileUtil/]: Reading file /sys/devices/system/cpu/cpu10/cache/index2/type
[07Feb2025 10:13:53.675] [Render thread/DEBUG] [oshi.util.FileUtil/]: Reading file /sys/devices/system/cpu/cpu10/cache/index2/ways_of_associativity
[07Feb2025 10:13:53.675] [Render thread/DEBUG] [oshi.util.FileUtil/]: Reading file /sys/devices/system/cpu/cpu10/cache/index2/ways_of_associativity
[07Feb2025 10:13:53.675] [Render thread/DEBUG] [oshi.util.FileUtil/]: Reading file /sys/devices/system/cpu/cpu10/cache/index2/coherency_line_size
[07Feb2025 10:13:53.675] [Render thread/DEBUG] [oshi.util.FileUtil/]: Reading file /sys/devices/system/cpu/cpu10/cache/index2/coherency_line_size
[07Feb2025 10:13:53.675] [Render thread/DEBUG] [oshi.util.FileUtil/]: Reading file /sys/devices/system/cpu/cpu10/cache/index2/size
[07Feb2025 10:13:53.675] [Render thread/DEBUG] [oshi.util.FileUtil/]: Reading file /sys/devices/system/cpu/cpu10/cache/index2/size
[07Feb2025 10:13:53.675] [Render thread/DEBUG] [oshi.util.FileUtil/]: Reading file /sys/devices/system/cpu/cpu10/cache/index0/level
[07Feb2025 10:13:53.675] [Render thread/DEBUG] [oshi.util.FileUtil/]: Reading file /sys/devices/system/cpu/cpu10/cache/index0/level
[07Feb2025 10:13:53.675] [Render thread/DEBUG] [oshi.util.FileUtil/]: Reading file /sys/devices/system/cpu/cpu10/cache/index0/type
[07Feb2025 10:13:53.675] [Render thread/DEBUG] [oshi.util.FileUtil/]: Reading file /sys/devices/system/cpu/cpu10/cache/index0/type
[07Feb2025 10:13:53.676] [Render thread/DEBUG] [oshi.util.FileUtil/]: Reading file /sys/devices/system/cpu/cpu10/cache/index0/ways_of_associativity
[07Feb2025 10:13:53.676] [Render thread/DEBUG] [oshi.util.FileUtil/]: Reading file /sys/devices/system/cpu/cpu10/cache/index0/ways_of_associativity
[07Feb2025 10:13:53.676] [Render thread/DEBUG] [oshi.util.FileUtil/]: Reading file /sys/devices/system/cpu/cpu10/cache/index0/coherency_line_size
[07Feb2025 10:13:53.676] [Render thread/DEBUG] [oshi.util.FileUtil/]: Reading file /sys/devices/system/cpu/cpu10/cache/index0/coherency_line_size
[07Feb2025 10:13:53.676] [Render thread/DEBUG] [oshi.util.FileUtil/]: Reading file /sys/devices/system/cpu/cpu10/cache/index0/size
[07Feb2025 10:13:53.676] [Render thread/DEBUG] [oshi.util.FileUtil/]: Reading file /sys/devices/system/cpu/cpu10/cache/index0/size
[07Feb2025 10:13:53.676] [Render thread/DEBUG] [oshi.util.FileUtil/]: Reading file /sys/devices/system/cpu/cpu10/cache/index3/level
[07Feb2025 10:13:53.676] [Render thread/DEBUG] [oshi.util.FileUtil/]: Reading file /sys/devices/system/cpu/cpu10/cache/index3/level
[07Feb2025 10:13:53.676] [Render thread/DEBUG] [oshi.util.FileUtil/]: Reading file /sys/devices/system/cpu/cpu10/cache/index3/type
[07Feb2025 10:13:53.676] [Render thread/DEBUG] [oshi.util.FileUtil/]: Reading file /sys/devices/system/cpu/cpu10/cache/index3/type
[07Feb2025 10:13:53.676] [Render thread/DEBUG] [oshi.util.FileUtil/]: Reading file /sys/devices/system/cpu/cpu10/cache/index3/ways_of_associativity
[07Feb2025 10:13:53.676] [Render thread/DEBUG] [oshi.util.FileUtil/]: Reading file /sys/devices/system/cpu/cpu10/cache/index3/ways_of_associativity
[07Feb2025 10:13:53.676] [Render thread/DEBUG] [oshi.util.FileUtil/]: Reading file /sys/devices/system/cpu/cpu10/cache/index3/coherency_line_size
[07Feb2025 10:13:53.676] [Render thread/DEBUG] [oshi.util.FileUtil/]: Reading file /sys/devices/system/cpu/cpu10/cache/index3/coherency_line_size
[07Feb2025 10:13:53.676] [Render thread/DEBUG] [oshi.util.FileUtil/]: Reading file /sys/devices/system/cpu/cpu10/cache/index3/size
[07Feb2025 10:13:53.676] [Render thread/DEBUG] [oshi.util.FileUtil/]: Reading file /sys/devices/system/cpu/cpu10/cache/index3/size
[07Feb2025 10:13:53.677] [Render thread/DEBUG] [oshi.util.FileUtil/]: Reading file /sys/devices/system/cpu/cpu10/cache/index1/level
[07Feb2025 10:13:53.677] [Render thread/DEBUG] [oshi.util.FileUtil/]: Reading file /sys/devices/system/cpu/cpu10/cache/index1/level
[07Feb2025 10:13:53.677] [Render thread/DEBUG] [oshi.util.FileUtil/]: Reading file /sys/devices/system/cpu/cpu10/cache/index1/type
[07Feb2025 10:13:53.677] [Render thread/DEBUG] [oshi.util.FileUtil/]: Reading file /sys/devices/system/cpu/cpu10/cache/index1/type
[07Feb2025 10:13:53.677] [Render thread/DEBUG] [oshi.util.FileUtil/]: Reading file /sys/devices/system/cpu/cpu10/cache/index1/ways_of_associativity
[07Feb2025 10:13:53.677] [Render thread/DEBUG] [oshi.util.FileUtil/]: Reading file /sys/devices/system/cpu/cpu10/cache/index1/ways_of_associativity
[07Feb2025 10:13:53.677] [Render thread/DEBUG] [oshi.util.FileUtil/]: Reading file /sys/devices/system/cpu/cpu10/cache/index1/coherency_line_size
[07Feb2025 10:13:53.677] [Render thread/DEBUG] [oshi.util.FileUtil/]: Reading file /sys/devices/system/cpu/cpu10/cache/index1/coherency_line_size
[07Feb2025 10:13:53.677] [Render thread/DEBUG] [oshi.util.FileUtil/]: Reading file /sys/devices/system/cpu/cpu10/cache/index1/size
[07Feb2025 10:13:53.677] [Render thread/DEBUG] [oshi.util.FileUtil/]: Reading file /sys/devices/system/cpu/cpu10/cache/index1/size
[07Feb2025 10:13:53.677] [Render thread/DEBUG] [oshi.util.FileUtil/]: Reading file /sys/devices/system/cpu/cpu11/topology/core_id
[07Feb2025 10:13:53.677] [Render thread/DEBUG] [oshi.util.FileUtil/]: Reading file /sys/devices/system/cpu/cpu11/topology/core_id
[07Feb2025 10:13:53.678] [Render thread/DEBUG] [oshi.util.FileUtil/]: Reading file /sys/devices/system/cpu/cpu11/topology/physical_package_id
[07Feb2025 10:13:53.678] [Render thread/DEBUG] [oshi.util.FileUtil/]: Reading file /sys/devices/system/cpu/cpu11/topology/physical_package_id
[07Feb2025 10:13:53.678] [Render thread/DEBUG] [oshi.util.FileUtil/]: Reading file /sys/devices/system/cpu/cpu11/cpu_capacity
[07Feb2025 10:13:53.678] [Render thread/DEBUG] [oshi.util.FileUtil/]: Reading file /sys/devices/system/cpu/cpu11/cache/index2/level
[07Feb2025 10:13:53.678] [Render thread/DEBUG] [oshi.util.FileUtil/]: Reading file /sys/devices/system/cpu/cpu11/cache/index2/level
[07Feb2025 10:13:53.678] [Render thread/DEBUG] [oshi.util.FileUtil/]: Reading file /sys/devices/system/cpu/cpu11/cache/index2/type
[07Feb2025 10:13:53.678] [Render thread/DEBUG] [oshi.util.FileUtil/]: Reading file /sys/devices/system/cpu/cpu11/cache/index2/type
[07Feb2025 10:13:53.678] [Render thread/DEBUG] [oshi.util.FileUtil/]: Reading file /sys/devices/system/cpu/cpu11/cache/index2/ways_of_associativity
[07Feb2025 10:13:53.678] [Render thread/DEBUG] [oshi.util.FileUtil/]: Reading file /sys/devices/system/cpu/cpu11/cache/index2/ways_of_associativity
[07Feb2025 10:13:53.678] [Render thread/DEBUG] [oshi.util.FileUtil/]: Reading file /sys/devices/system/cpu/cpu11/cache/index2/coherency_line_size
[07Feb2025 10:13:53.678] [Render thread/DEBUG] [oshi.util.FileUtil/]: Reading file /sys/devices/system/cpu/cpu11/cache/index2/coherency_line_size
[07Feb2025 10:13:53.678] [Render thread/DEBUG] [oshi.util.FileUtil/]: Reading file /sys/devices/system/cpu/cpu11/cache/index2/size
[07Feb2025 10:13:53.678] [Render thread/DEBUG] [oshi.util.FileUtil/]: Reading file /sys/devices/system/cpu/cpu11/cache/index2/size
[07Feb2025 10:13:53.678] [Render thread/DEBUG] [oshi.util.FileUtil/]: Reading file /sys/devices/system/cpu/cpu11/cache/index0/level
[07Feb2025 10:13:53.678] [Render thread/DEBUG] [oshi.util.FileUtil/]: Reading file /sys/devices/system/cpu/cpu11/cache/index0/level
[07Feb2025 10:13:53.678] [Render thread/DEBUG] [oshi.util.FileUtil/]: Reading file /sys/devices/system/cpu/cpu11/cache/index0/type
[07Feb2025 10:13:53.678] [Render thread/DEBUG] [oshi.util.FileUtil/]: Reading file /sys/devices/system/cpu/cpu11/cache/index0/type
[07Feb2025 10:13:53.678] [Render thread/DEBUG] [oshi.util.FileUtil/]: Reading file /sys/devices/system/cpu/cpu11/cache/index0/ways_of_associativity
[07Feb2025 10:13:53.678] [Render thread/DEBUG] [oshi.util.FileUtil/]: Reading file /sys/devices/system/cpu/cpu11/cache/index0/ways_of_associativity
[07Feb2025 10:13:53.678] [Render thread/DEBUG] [oshi.util.FileUtil/]: Reading file /sys/devices/system/cpu/cpu11/cache/index0/coherency_line_size
[07Feb2025 10:13:53.678] [Render thread/DEBUG] [oshi.util.FileUtil/]: Reading file /sys/devices/system/cpu/cpu11/cache/index0/coherency_line_size
[07Feb2025 10:13:53.678] [Render thread/DEBUG] [oshi.util.FileUtil/]: Reading file /sys/devices/system/cpu/cpu11/cache/index0/size
[07Feb2025 10:13:53.678] [Render thread/DEBUG] [oshi.util.FileUtil/]: Reading file /sys/devices/system/cpu/cpu11/cache/index0/size
[07Feb2025 10:13:53.678] [Render thread/DEBUG] [oshi.util.FileUtil/]: Reading file /sys/devices/system/cpu/cpu11/cache/index3/level
[07Feb2025 10:13:53.679] [Render thread/DEBUG] [oshi.util.FileUtil/]: Reading file /sys/devices/system/cpu/cpu11/cache/index3/level
[07Feb2025 10:13:53.679] [Render thread/DEBUG] [oshi.util.FileUtil/]: Reading file /sys/devices/system/cpu/cpu11/cache/index3/type
[07Feb2025 10:13:53.679] [Render thread/DEBUG] [oshi.util.FileUtil/]: Reading file /sys/devices/system/cpu/cpu11/cache/index3/type
[07Feb2025 10:13:53.679] [Render thread/DEBUG] [oshi.util.FileUtil/]: Reading file /sys/devices/system/cpu/cpu11/cache/index3/ways_of_associativity
[07Feb2025 10:13:53.679] [Render thread/DEBUG] [oshi.util.FileUtil/]: Reading file /sys/devices/system/cpu/cpu11/cache/index3/ways_of_associativity
[07Feb2025 10:13:53.679] [Render thread/DEBUG] [oshi.util.FileUtil/]: Reading file /sys/devices/system/cpu/cpu11/cache/index3/coherency_line_size
[07Feb2025 10:13:53.679] [Render thread/DEBUG] [oshi.util.FileUtil/]: Reading file /sys/devices/system/cpu/cpu11/cache/index3/coherency_line_size
[07Feb2025 10:13:53.679] [Render thread/DEBUG] [oshi.util.FileUtil/]: Reading file /sys/devices/system/cpu/cpu11/cache/index3/size
[07Feb2025 10:13:53.679] [Render thread/DEBUG] [oshi.util.FileUtil/]: Reading file /sys/devices/system/cpu/cpu11/cache/index3/size
[07Feb2025 10:13:53.679] [Render thread/DEBUG] [oshi.util.FileUtil/]: Reading file /sys/devices/system/cpu/cpu11/cache/index1/level
[07Feb2025 10:13:53.679] [Render thread/DEBUG] [oshi.util.FileUtil/]: Reading file /sys/devices/system/cpu/cpu11/cache/index1/level
[07Feb2025 10:13:53.679] [Render thread/DEBUG] [oshi.util.FileUtil/]: Reading file /sys/devices/system/cpu/cpu11/cache/index1/type
[07Feb2025 10:13:53.679] [Render thread/DEBUG] [oshi.util.FileUtil/]: Reading file /sys/devices/system/cpu/cpu11/cache/index1/type
[07Feb2025 10:13:53.679] [Render thread/DEBUG] [oshi.util.FileUtil/]: Reading file /sys/devices/system/cpu/cpu11/cache/index1/ways_of_associativity
[07Feb2025 10:13:53.679] [Render thread/DEBUG] [oshi.util.FileUtil/]: Reading file /sys/devices/system/cpu/cpu11/cache/index1/ways_of_associativity
[07Feb2025 10:13:53.679] [Render thread/DEBUG] [oshi.util.FileUtil/]: Reading file /sys/devices/system/cpu/cpu11/cache/index1/coherency_line_size
[07Feb2025 10:13:53.679] [Render thread/DEBUG] [oshi.util.FileUtil/]: Reading file /sys/devices/system/cpu/cpu11/cache/index1/coherency_line_size
[07Feb2025 10:13:53.679] [Render thread/DEBUG] [oshi.util.FileUtil/]: Reading file /sys/devices/system/cpu/cpu11/cache/index1/size
[07Feb2025 10:13:53.679] [Render thread/DEBUG] [oshi.util.FileUtil/]: Reading file /sys/devices/system/cpu/cpu11/cache/index1/size
[07Feb2025 10:13:53.679] [Render thread/DEBUG] [oshi.util.FileUtil/]: Reading file /sys/devices/system/cpu/cpu12/topology/core_id
[07Feb2025 10:13:53.679] [Render thread/DEBUG] [oshi.util.FileUtil/]: Reading file /sys/devices/system/cpu/cpu12/topology/core_id
[07Feb2025 10:13:53.680] [Render thread/DEBUG] [oshi.util.FileUtil/]: Reading file /sys/devices/system/cpu/cpu12/topology/physical_package_id
[07Feb2025 10:13:53.680] [Render thread/DEBUG] [oshi.util.FileUtil/]: Reading file /sys/devices/system/cpu/cpu12/topology/physical_package_id
[07Feb2025 10:13:53.680] [Render thread/DEBUG] [oshi.util.FileUtil/]: Reading file /sys/devices/system/cpu/cpu12/cpu_capacity
[07Feb2025 10:13:53.680] [Render thread/DEBUG] [oshi.util.FileUtil/]: Reading file /sys/devices/system/cpu/cpu12/cache/index2/level
[07Feb2025 10:13:53.680] [Render thread/DEBUG] [oshi.util.FileUtil/]: Reading file /sys/devices/system/cpu/cpu12/cache/index2/level
[07Feb2025 10:13:53.680] [Render thread/DEBUG] [oshi.util.FileUtil/]: Reading file /sys/devices/system/cpu/cpu12/cache/index2/type
[07Feb2025 10:13:53.680] [Render thread/DEBUG] [oshi.util.FileUtil/]: Reading file /sys/devices/system/cpu/cpu12/cache/index2/type
[07Feb2025 10:13:53.680] [Render thread/DEBUG] [oshi.util.FileUtil/]: Reading file /sys/devices/system/cpu/cpu12/cache/index2/ways_of_associativity
[07Feb2025 10:13:53.680] [Render thread/DEBUG] [oshi.util.FileUtil/]: Reading file /sys/devices/system/cpu/cpu12/cache/index2/ways_of_associativity
[07Feb2025 10:13:53.680] [Render thread/DEBUG] [oshi.util.FileUtil/]: Reading file /sys/devices/system/cpu/cpu12/cache/index2/coherency_line_size
[07Feb2025 10:13:53.680] [Render thread/DEBUG] [oshi.util.FileUtil/]: Reading file /sys/devices/system/cpu/cpu12/cache/index2/coherency_line_size
[07Feb2025 10:13:53.680] [Render thread/DEBUG] [oshi.util.FileUtil/]: Reading file /sys/devices/system/cpu/cpu12/cache/index2/size
[07Feb2025 10:13:53.680] [Render thread/DEBUG] [oshi.util.FileUtil/]: Reading file /sys/devices/system/cpu/cpu12/cache/index2/size
[07Feb2025 10:13:53.680] [Render thread/DEBUG] [oshi.util.FileUtil/]: Reading file /sys/devices/system/cpu/cpu12/cache/index0/level
[07Feb2025 10:13:53.680] [Render thread/DEBUG] [oshi.util.FileUtil/]: Reading file /sys/devices/system/cpu/cpu12/cache/index0/level
[07Feb2025 10:13:53.680] [Render thread/DEBUG] [oshi.util.FileUtil/]: Reading file /sys/devices/system/cpu/cpu12/cache/index0/type
[07Feb2025 10:13:53.680] [Render thread/DEBUG] [oshi.util.FileUtil/]: Reading file /sys/devices/system/cpu/cpu12/cache/index0/type
[07Feb2025 10:13:53.680] [Render thread/DEBUG] [oshi.util.FileUtil/]: Reading file /sys/devices/system/cpu/cpu12/cache/index0/ways_of_associativity
[07Feb2025 10:13:53.680] [Render thread/DEBUG] [oshi.util.FileUtil/]: Reading file /sys/devices/system/cpu/cpu12/cache/index0/ways_of_associativity
[07Feb2025 10:13:53.680] [Render thread/DEBUG] [oshi.util.FileUtil/]: Reading file /sys/devices/system/cpu/cpu12/cache/index0/coherency_line_size
[07Feb2025 10:13:53.680] [Render thread/DEBUG] [oshi.util.FileUtil/]: Reading file /sys/devices/system/cpu/cpu12/cache/index0/coherency_line_size
[07Feb2025 10:13:53.680] [Render thread/DEBUG] [oshi.util.FileUtil/]: Reading file /sys/devices/system/cpu/cpu12/cache/index0/size
[07Feb2025 10:13:53.680] [Render thread/DEBUG] [oshi.util.FileUtil/]: Reading file /sys/devices/system/cpu/cpu12/cache/index0/size
[07Feb2025 10:13:53.681] [Render thread/DEBUG] [oshi.util.FileUtil/]: Reading file /sys/devices/system/cpu/cpu12/cache/index3/level
[07Feb2025 10:13:53.681] [Render thread/DEBUG] [oshi.util.FileUtil/]: Reading file /sys/devices/system/cpu/cpu12/cache/index3/level
[07Feb2025 10:13:53.681] [Render thread/DEBUG] [oshi.util.FileUtil/]: Reading file /sys/devices/system/cpu/cpu12/cache/index3/type
[07Feb2025 10:13:53.681] [Render thread/DEBUG] [oshi.util.FileUtil/]: Reading file /sys/devices/system/cpu/cpu12/cache/index3/type
[07Feb2025 10:13:53.681] [Render thread/DEBUG] [oshi.util.FileUtil/]: Reading file /sys/devices/system/cpu/cpu12/cache/index3/ways_of_associativity
[07Feb2025 10:13:53.681] [Render thread/DEBUG] [oshi.util.FileUtil/]: Reading file /sys/devices/system/cpu/cpu12/cache/index3/ways_of_associativity
[07Feb2025 10:13:53.681] [Render thread/DEBUG] [oshi.util.FileUtil/]: Reading file /sys/devices/system/cpu/cpu12/cache/index3/coherency_line_size
[07Feb2025 10:13:53.681] [Render thread/DEBUG] [oshi.util.FileUtil/]: Reading file /sys/devices/system/cpu/cpu12/cache/index3/coherency_line_size
[07Feb2025 10:13:53.681] [Render thread/DEBUG] [oshi.util.FileUtil/]: Reading file /sys/devices/system/cpu/cpu12/cache/index3/size
[07Feb2025 10:13:53.681] [Render thread/DEBUG] [oshi.util.FileUtil/]: Reading file /sys/devices/system/cpu/cpu12/cache/index3/size
[07Feb2025 10:13:53.681] [Render thread/DEBUG] [oshi.util.FileUtil/]: Reading file /sys/devices/system/cpu/cpu12/cache/index1/level
[07Feb2025 10:13:53.681] [Render thread/DEBUG] [oshi.util.FileUtil/]: Reading file /sys/devices/system/cpu/cpu12/cache/index1/level
[07Feb2025 10:13:53.681] [Render thread/DEBUG] [oshi.util.FileUtil/]: Reading file /sys/devices/system/cpu/cpu12/cache/index1/type
[07Feb2025 10:13:53.681] [Render thread/DEBUG] [oshi.util.FileUtil/]: Reading file /sys/devices/system/cpu/cpu12/cache/index1/type
[07Feb2025 10:13:53.681] [Render thread/DEBUG] [oshi.util.FileUtil/]: Reading file /sys/devices/system/cpu/cpu12/cache/index1/ways_of_associativity
[07Feb2025 10:13:53.681] [Render thread/DEBUG] [oshi.util.FileUtil/]: Reading file /sys/devices/system/cpu/cpu12/cache/index1/ways_of_associativity
[07Feb2025 10:13:53.681] [Render thread/DEBUG] [oshi.util.FileUtil/]: Reading file /sys/devices/system/cpu/cpu12/cache/index1/coherency_line_size
[07Feb2025 10:13:53.681] [Render thread/DEBUG] [oshi.util.FileUtil/]: Reading file /sys/devices/system/cpu/cpu12/cache/index1/coherency_line_size
[07Feb2025 10:13:53.681] [Render thread/DEBUG] [oshi.util.FileUtil/]: Reading file /sys/devices/system/cpu/cpu12/cache/index1/size
[07Feb2025 10:13:53.681] [Render thread/DEBUG] [oshi.util.FileUtil/]: Reading file /sys/devices/system/cpu/cpu12/cache/index1/size
[07Feb2025 10:13:53.681] [Render thread/DEBUG] [oshi.util.FileUtil/]: Reading file /sys/devices/system/cpu/cpu13/topology/core_id
[07Feb2025 10:13:53.682] [Render thread/DEBUG] [oshi.util.FileUtil/]: Reading file /sys/devices/system/cpu/cpu13/topology/core_id
[07Feb2025 10:13:53.682] [Render thread/DEBUG] [oshi.util.FileUtil/]: Reading file /sys/devices/system/cpu/cpu13/topology/physical_package_id
[07Feb2025 10:13:53.682] [Render thread/DEBUG] [oshi.util.FileUtil/]: Reading file /sys/devices/system/cpu/cpu13/topology/physical_package_id
[07Feb2025 10:13:53.682] [Render thread/DEBUG] [oshi.util.FileUtil/]: Reading file /sys/devices/system/cpu/cpu13/cpu_capacity
[07Feb2025 10:13:53.682] [Render thread/DEBUG] [oshi.util.FileUtil/]: Reading file /sys/devices/system/cpu/cpu13/cache/index2/level
[07Feb2025 10:13:53.682] [Render thread/DEBUG] [oshi.util.FileUtil/]: Reading file /sys/devices/system/cpu/cpu13/cache/index2/level
[07Feb2025 10:13:53.682] [Render thread/DEBUG] [oshi.util.FileUtil/]: Reading file /sys/devices/system/cpu/cpu13/cache/index2/type
[07Feb2025 10:13:53.682] [Render thread/DEBUG] [oshi.util.FileUtil/]: Reading file /sys/devices/system/cpu/cpu13/cache/index2/type
[07Feb2025 10:13:53.682] [Render thread/DEBUG] [oshi.util.FileUtil/]: Reading file /sys/devices/system/cpu/cpu13/cache/index2/ways_of_associativity
[07Feb2025 10:13:53.682] [Render thread/DEBUG] [oshi.util.FileUtil/]: Reading file /sys/devices/system/cpu/cpu13/cache/index2/ways_of_associativity
[07Feb2025 10:13:53.682] [Render thread/DEBUG] [oshi.util.FileUtil/]: Reading file /sys/devices/system/cpu/cpu13/cache/index2/coherency_line_size
[07Feb2025 10:13:53.682] [Render thread/DEBUG] [oshi.util.FileUtil/]: Reading file /sys/devices/system/cpu/cpu13/cache/index2/coherency_line_size
[07Feb2025 10:13:53.682] [Render thread/DEBUG] [oshi.util.FileUtil/]: Reading file /sys/devices/system/cpu/cpu13/cache/index2/size
[07Feb2025 10:13:53.682] [Render thread/DEBUG] [oshi.util.FileUtil/]: Reading file /sys/devices/system/cpu/cpu13/cache/index2/size
[07Feb2025 10:13:53.682] [Render thread/DEBUG] [oshi.util.FileUtil/]: Reading file /sys/devices/system/cpu/cpu13/cache/index0/level
[07Feb2025 10:13:53.682] [Render thread/DEBUG] [oshi.util.FileUtil/]: Reading file /sys/devices/system/cpu/cpu13/cache/index0/level
[07Feb2025 10:13:53.682] [Render thread/DEBUG] [oshi.util.FileUtil/]: Reading file /sys/devices/system/cpu/cpu13/cache/index0/type
[07Feb2025 10:13:53.682] [Render thread/DEBUG] [oshi.util.FileUtil/]: Reading file /sys/devices/system/cpu/cpu13/cache/index0/type
[07Feb2025 10:13:53.682] [Render thread/DEBUG] [oshi.util.FileUtil/]: Reading file /sys/devices/system/cpu/cpu13/cache/index0/ways_of_associativity
[07Feb2025 10:13:53.682] [Render thread/DEBUG] [oshi.util.FileUtil/]: Reading file /sys/devices/system/cpu/cpu13/cache/index0/ways_of_associativity
[07Feb2025 10:13:53.682] [Render thread/DEBUG] [oshi.util.FileUtil/]: Reading file /sys/devices/system/cpu/cpu13/cache/index0/coherency_line_size
[07Feb2025 10:13:53.683] [Render thread/DEBUG] [oshi.util.FileUtil/]: Reading file /sys/devices/system/cpu/cpu13/cache/index0/coherency_line_size
[07Feb2025 10:13:53.683] [Render thread/DEBUG] [oshi.util.FileUtil/]: Reading file /sys/devices/system/cpu/cpu13/cache/index0/size
[07Feb2025 10:13:53.683] [Render thread/DEBUG] [oshi.util.FileUtil/]: Reading file /sys/devices/system/cpu/cpu13/cache/index0/size
[07Feb2025 10:13:53.683] [Render thread/DEBUG] [oshi.util.FileUtil/]: Reading file /sys/devices/system/cpu/cpu13/cache/index3/level
[07Feb2025 10:13:53.683] [Render thread/DEBUG] [oshi.util.FileUtil/]: Reading file /sys/devices/system/cpu/cpu13/cache/index3/level
[07Feb2025 10:13:53.683] [Render thread/DEBUG] [oshi.util.FileUtil/]: Reading file /sys/devices/system/cpu/cpu13/cache/index3/type
[07Feb2025 10:13:53.683] [Render thread/DEBUG] [oshi.util.FileUtil/]: Reading file /sys/devices/system/cpu/cpu13/cache/index3/type
[07Feb2025 10:13:53.683] [Render thread/DEBUG] [oshi.util.FileUtil/]: Reading file /sys/devices/system/cpu/cpu13/cache/index3/ways_of_associativity
[07Feb2025 10:13:53.683] [Render thread/DEBUG] [oshi.util.FileUtil/]: Reading file /sys/devices/system/cpu/cpu13/cache/index3/ways_of_associativity
[07Feb2025 10:13:53.683] [Render thread/DEBUG] [oshi.util.FileUtil/]: Reading file /sys/devices/system/cpu/cpu13/cache/index3/coherency_line_size
[07Feb2025 10:13:53.683] [Render thread/DEBUG] [oshi.util.FileUtil/]: Reading file /sys/devices/system/cpu/cpu13/cache/index3/coherency_line_size
[07Feb2025 10:13:53.683] [Render thread/DEBUG] [oshi.util.FileUtil/]: Reading file /sys/devices/system/cpu/cpu13/cache/index3/size
[07Feb2025 10:13:53.683] [Render thread/DEBUG] [oshi.util.FileUtil/]: Reading file /sys/devices/system/cpu/cpu13/cache/index3/size
[07Feb2025 10:13:53.683] [Render thread/DEBUG] [oshi.util.FileUtil/]: Reading file /sys/devices/system/cpu/cpu13/cache/index1/level
[07Feb2025 10:13:53.683] [Render thread/DEBUG] [oshi.util.FileUtil/]: Reading file /sys/devices/system/cpu/cpu13/cache/index1/level
[07Feb2025 10:13:53.683] [Render thread/DEBUG] [oshi.util.FileUtil/]: Reading file /sys/devices/system/cpu/cpu13/cache/index1/type
[07Feb2025 10:13:53.683] [Render thread/DEBUG] [oshi.util.FileUtil/]: Reading file /sys/devices/system/cpu/cpu13/cache/index1/type
[07Feb2025 10:13:53.683] [Render thread/DEBUG] [oshi.util.FileUtil/]: Reading file /sys/devices/system/cpu/cpu13/cache/index1/ways_of_associativity
[07Feb2025 10:13:53.683] [Render thread/DEBUG] [oshi.util.FileUtil/]: Reading file /sys/devices/system/cpu/cpu13/cache/index1/ways_of_associativity
[07Feb2025 10:13:53.683] [Render thread/DEBUG] [oshi.util.FileUtil/]: Reading file /sys/devices/system/cpu/cpu13/cache/index1/coherency_line_size
[07Feb2025 10:13:53.683] [Render thread/DEBUG] [oshi.util.FileUtil/]: Reading file /sys/devices/system/cpu/cpu13/cache/index1/coherency_line_size
[07Feb2025 10:13:53.683] [Render thread/DEBUG] [oshi.util.FileUtil/]: Reading file /sys/devices/system/cpu/cpu13/cache/index1/size
[07Feb2025 10:13:53.683] [Render thread/DEBUG] [oshi.util.FileUtil/]: Reading file /sys/devices/system/cpu/cpu13/cache/index1/size
[07Feb2025 10:13:53.684] [Render thread/DEBUG] [oshi.util.FileUtil/]: Reading file /sys/devices/system/cpu/cpu14/topology/core_id
[07Feb2025 10:13:53.684] [Render thread/DEBUG] [oshi.util.FileUtil/]: Reading file /sys/devices/system/cpu/cpu14/topology/core_id
[07Feb2025 10:13:53.684] [Render thread/DEBUG] [oshi.util.FileUtil/]: Reading file /sys/devices/system/cpu/cpu14/topology/physical_package_id
[07Feb2025 10:13:53.684] [Render thread/DEBUG] [oshi.util.FileUtil/]: Reading file /sys/devices/system/cpu/cpu14/topology/physical_package_id
[07Feb2025 10:13:53.684] [Render thread/DEBUG] [oshi.util.FileUtil/]: Reading file /sys/devices/system/cpu/cpu14/cpu_capacity
[07Feb2025 10:13:53.684] [Render thread/DEBUG] [oshi.util.FileUtil/]: Reading file /sys/devices/system/cpu/cpu14/cache/index2/level
[07Feb2025 10:13:53.684] [Render thread/DEBUG] [oshi.util.FileUtil/]: Reading file /sys/devices/system/cpu/cpu14/cache/index2/level
[07Feb2025 10:13:53.684] [Render thread/DEBUG] [oshi.util.FileUtil/]: Reading file /sys/devices/system/cpu/cpu14/cache/index2/type
[07Feb2025 10:13:53.684] [Render thread/DEBUG] [oshi.util.FileUtil/]: Reading file /sys/devices/system/cpu/cpu14/cache/index2/type
[07Feb2025 10:13:53.684] [Render thread/DEBUG] [oshi.util.FileUtil/]: Reading file /sys/devices/system/cpu/cpu14/cache/index2/ways_of_associativity
[07Feb2025 10:13:53.684] [Render thread/DEBUG] [oshi.util.FileUtil/]: Reading file /sys/devices/system/cpu/cpu14/cache/index2/ways_of_associativity
[07Feb2025 10:13:53.684] [Render thread/DEBUG] [oshi.util.FileUtil/]: Reading file /sys/devices/system/cpu/cpu14/cache/index2/coherency_line_size
[07Feb2025 10:13:53.684] [Render thread/DEBUG] [oshi.util.FileUtil/]: Reading file /sys/devices/system/cpu/cpu14/cache/index2/coherency_line_size
[07Feb2025 10:13:53.684] [Render thread/DEBUG] [oshi.util.FileUtil/]: Reading file /sys/devices/system/cpu/cpu14/cache/index2/size
[07Feb2025 10:13:53.684] [Render thread/DEBUG] [oshi.util.FileUtil/]: Reading file /sys/devices/system/cpu/cpu14/cache/index2/size
[07Feb2025 10:13:53.684] [Render thread/DEBUG] [oshi.util.FileUtil/]: Reading file /sys/devices/system/cpu/cpu14/cache/index0/level
[07Feb2025 10:13:53.684] [Render thread/DEBUG] [oshi.util.FileUtil/]: Reading file /sys/devices/system/cpu/cpu14/cache/index0/level
[07Feb2025 10:13:53.684] [Render thread/DEBUG] [oshi.util.FileUtil/]: Reading file /sys/devices/system/cpu/cpu14/cache/index0/type
[07Feb2025 10:13:53.684] [Render thread/DEBUG] [oshi.util.FileUtil/]: Reading file /sys/devices/system/cpu/cpu14/cache/index0/type
[07Feb2025 10:13:53.684] [Render thread/DEBUG] [oshi.util.FileUtil/]: Reading file /sys/devices/system/cpu/cpu14/cache/index0/ways_of_associativity
[07Feb2025 10:13:53.684] [Render thread/DEBUG] [oshi.util.FileUtil/]: Reading file /sys/devices/system/cpu/cpu14/cache/index0/ways_of_associativity
[07Feb2025 10:13:53.685] [Render thread/DEBUG] [oshi.util.FileUtil/]: Reading file /sys/devices/system/cpu/cpu14/cache/index0/coherency_line_size
[07Feb2025 10:13:53.685] [Render thread/DEBUG] [oshi.util.FileUtil/]: Reading file /sys/devices/system/cpu/cpu14/cache/index0/coherency_line_size
[07Feb2025 10:13:53.685] [Render thread/DEBUG] [oshi.util.FileUtil/]: Reading file /sys/devices/system/cpu/cpu14/cache/index0/size
[07Feb2025 10:13:53.685] [Render thread/DEBUG] [oshi.util.FileUtil/]: Reading file /sys/devices/system/cpu/cpu14/cache/index0/size
[07Feb2025 10:13:53.685] [Render thread/DEBUG] [oshi.util.FileUtil/]: Reading file /sys/devices/system/cpu/cpu14/cache/index3/level
[07Feb2025 10:13:53.685] [Render thread/DEBUG] [oshi.util.FileUtil/]: Reading file /sys/devices/system/cpu/cpu14/cache/index3/level
[07Feb2025 10:13:53.685] [Render thread/DEBUG] [oshi.util.FileUtil/]: Reading file /sys/devices/system/cpu/cpu14/cache/index3/type
[07Feb2025 10:13:53.685] [Render thread/DEBUG] [oshi.util.FileUtil/]: Reading file /sys/devices/system/cpu/cpu14/cache/index3/type
[07Feb2025 10:13:53.685] [Render thread/DEBUG] [oshi.util.FileUtil/]: Reading file /sys/devices/system/cpu/cpu14/cache/index3/ways_of_associativity
[07Feb2025 10:13:53.685] [Render thread/DEBUG] [oshi.util.FileUtil/]: Reading file /sys/devices/system/cpu/cpu14/cache/index3/ways_of_associativity
[07Feb2025 10:13:53.685] [Render thread/DEBUG] [oshi.util.FileUtil/]: Reading file /sys/devices/system/cpu/cpu14/cache/index3/coherency_line_size
[07Feb2025 10:13:53.685] [Render thread/DEBUG] [oshi.util.FileUtil/]: Reading file /sys/devices/system/cpu/cpu14/cache/index3/coherency_line_size
[07Feb2025 10:13:53.685] [Render thread/DEBUG] [oshi.util.FileUtil/]: Reading file /sys/devices/system/cpu/cpu14/cache/index3/size
[07Feb2025 10:13:53.685] [Render thread/DEBUG] [oshi.util.FileUtil/]: Reading file /sys/devices/system/cpu/cpu14/cache/index3/size
[07Feb2025 10:13:53.685] [Render thread/DEBUG] [oshi.util.FileUtil/]: Reading file /sys/devices/system/cpu/cpu14/cache/index1/level
[07Feb2025 10:13:53.685] [Render thread/DEBUG] [oshi.util.FileUtil/]: Reading file /sys/devices/system/cpu/cpu14/cache/index1/level
[07Feb2025 10:13:53.685] [Render thread/DEBUG] [oshi.util.FileUtil/]: Reading file /sys/devices/system/cpu/cpu14/cache/index1/type
[07Feb2025 10:13:53.685] [Render thread/DEBUG] [oshi.util.FileUtil/]: Reading file /sys/devices/system/cpu/cpu14/cache/index1/type
[07Feb2025 10:13:53.685] [Render thread/DEBUG] [oshi.util.FileUtil/]: Reading file /sys/devices/system/cpu/cpu14/cache/index1/ways_of_associativity
[07Feb2025 10:13:53.685] [Render thread/DEBUG] [oshi.util.FileUtil/]: Reading file /sys/devices/system/cpu/cpu14/cache/index1/ways_of_associativity
[07Feb2025 10:13:53.685] [Render thread/DEBUG] [oshi.util.FileUtil/]: Reading file /sys/devices/system/cpu/cpu14/cache/index1/coherency_line_size
[07Feb2025 10:13:53.685] [Render thread/DEBUG] [oshi.util.FileUtil/]: Reading file /sys/devices/system/cpu/cpu14/cache/index1/coherency_line_size
[07Feb2025 10:13:53.685] [Render thread/DEBUG] [oshi.util.FileUtil/]: Reading file /sys/devices/system/cpu/cpu14/cache/index1/size
[07Feb2025 10:13:53.685] [Render thread/DEBUG] [oshi.util.FileUtil/]: Reading file /sys/devices/system/cpu/cpu14/cache/index1/size
[07Feb2025 10:13:53.686] [Render thread/DEBUG] [oshi.util.FileUtil/]: Reading file /sys/devices/system/cpu/cpu15/topology/core_id
[07Feb2025 10:13:53.686] [Render thread/DEBUG] [oshi.util.FileUtil/]: Reading file /sys/devices/system/cpu/cpu15/topology/core_id
[07Feb2025 10:13:53.686] [Render thread/DEBUG] [oshi.util.FileUtil/]: Reading file /sys/devices/system/cpu/cpu15/topology/physical_package_id
[07Feb2025 10:13:53.686] [Render thread/DEBUG] [oshi.util.FileUtil/]: Reading file /sys/devices/system/cpu/cpu15/topology/physical_package_id
[07Feb2025 10:13:53.686] [Render thread/DEBUG] [oshi.util.FileUtil/]: Reading file /sys/devices/system/cpu/cpu15/cpu_capacity
[07Feb2025 10:13:53.686] [Render thread/DEBUG] [oshi.util.FileUtil/]: Reading file /sys/devices/system/cpu/cpu15/cache/index2/level
[07Feb2025 10:13:53.686] [Render thread/DEBUG] [oshi.util.FileUtil/]: Reading file /sys/devices/system/cpu/cpu15/cache/index2/level
[07Feb2025 10:13:53.686] [Render thread/DEBUG] [oshi.util.FileUtil/]: Reading file /sys/devices/system/cpu/cpu15/cache/index2/type
[07Feb2025 10:13:53.686] [Render thread/DEBUG] [oshi.util.FileUtil/]: Reading file /sys/devices/system/cpu/cpu15/cache/index2/type
[07Feb2025 10:13:53.686] [Render thread/DEBUG] [oshi.util.FileUtil/]: Reading file /sys/devices/system/cpu/cpu15/cache/index2/ways_of_associativity
[07Feb2025 10:13:53.686] [Render thread/DEBUG] [oshi.util.FileUtil/]: Reading file /sys/devices/system/cpu/cpu15/cache/index2/ways_of_associativity
[07Feb2025 10:13:53.686] [Render thread/DEBUG] [oshi.util.FileUtil/]: Reading file /sys/devices/system/cpu/cpu15/cache/index2/coherency_line_size
[07Feb2025 10:13:53.686] [Render thread/DEBUG] [oshi.util.FileUtil/]: Reading file /sys/devices/system/cpu/cpu15/cache/index2/coherency_line_size
[07Feb2025 10:13:53.686] [Render thread/DEBUG] [oshi.util.FileUtil/]: Reading file /sys/devices/system/cpu/cpu15/cache/index2/size
[07Feb2025 10:13:53.686] [Render thread/DEBUG] [oshi.util.FileUtil/]: Reading file /sys/devices/system/cpu/cpu15/cache/index2/size
[07Feb2025 10:13:53.686] [Render thread/DEBUG] [oshi.util.FileUtil/]: Reading file /sys/devices/system/cpu/cpu15/cache/index0/level
[07Feb2025 10:13:53.686] [Render thread/DEBUG] [oshi.util.FileUtil/]: Reading file /sys/devices/system/cpu/cpu15/cache/index0/level
[07Feb2025 10:13:53.686] [Render thread/DEBUG] [oshi.util.FileUtil/]: Reading file /sys/devices/system/cpu/cpu15/cache/index0/type
[07Feb2025 10:13:53.686] [Render thread/DEBUG] [oshi.util.FileUtil/]: Reading file /sys/devices/system/cpu/cpu15/cache/index0/type
[07Feb2025 10:13:53.686] [Render thread/DEBUG] [oshi.util.FileUtil/]: Reading file /sys/devices/system/cpu/cpu15/cache/index0/ways_of_associativity
[07Feb2025 10:13:53.686] [Render thread/DEBUG] [oshi.util.FileUtil/]: Reading file /sys/devices/system/cpu/cpu15/cache/index0/ways_of_associativity
[07Feb2025 10:13:53.686] [Render thread/DEBUG] [oshi.util.FileUtil/]: Reading file /sys/devices/system/cpu/cpu15/cache/index0/coherency_line_size
[07Feb2025 10:13:53.687] [Render thread/DEBUG] [oshi.util.FileUtil/]: Reading file /sys/devices/system/cpu/cpu15/cache/index0/coherency_line_size
[07Feb2025 10:13:53.687] [Render thread/DEBUG] [oshi.util.FileUtil/]: Reading file /sys/devices/system/cpu/cpu15/cache/index0/size
[07Feb2025 10:13:53.687] [Render thread/DEBUG] [oshi.util.FileUtil/]: Reading file /sys/devices/system/cpu/cpu15/cache/index0/size
[07Feb2025 10:13:53.687] [Render thread/DEBUG] [oshi.util.FileUtil/]: Reading file /sys/devices/system/cpu/cpu15/cache/index3/level
[07Feb2025 10:13:53.687] [Render thread/DEBUG] [oshi.util.FileUtil/]: Reading file /sys/devices/system/cpu/cpu15/cache/index3/level
[07Feb2025 10:13:53.687] [Render thread/DEBUG] [oshi.util.FileUtil/]: Reading file /sys/devices/system/cpu/cpu15/cache/index3/type
[07Feb2025 10:13:53.687] [Render thread/DEBUG] [oshi.util.FileUtil/]: Reading file /sys/devices/system/cpu/cpu15/cache/index3/type
[07Feb2025 10:13:53.687] [Render thread/DEBUG] [oshi.util.FileUtil/]: Reading file /sys/devices/system/cpu/cpu15/cache/index3/ways_of_associativity
[07Feb2025 10:13:53.687] [Render thread/DEBUG] [oshi.util.FileUtil/]: Reading file /sys/devices/system/cpu/cpu15/cache/index3/ways_of_associativity
[07Feb2025 10:13:53.687] [Render thread/DEBUG] [oshi.util.FileUtil/]: Reading file /sys/devices/system/cpu/cpu15/cache/index3/coherency_line_size
[07Feb2025 10:13:53.687] [Render thread/DEBUG] [oshi.util.FileUtil/]: Reading file /sys/devices/system/cpu/cpu15/cache/index3/coherency_line_size
[07Feb2025 10:13:53.687] [Render thread/DEBUG] [oshi.util.FileUtil/]: Reading file /sys/devices/system/cpu/cpu15/cache/index3/size
[07Feb2025 10:13:53.687] [Render thread/DEBUG] [oshi.util.FileUtil/]: Reading file /sys/devices/system/cpu/cpu15/cache/index3/size
[07Feb2025 10:13:53.687] [Render thread/DEBUG] [oshi.util.FileUtil/]: Reading file /sys/devices/system/cpu/cpu15/cache/index1/level
[07Feb2025 10:13:53.687] [Render thread/DEBUG] [oshi.util.FileUtil/]: Reading file /sys/devices/system/cpu/cpu15/cache/index1/level
[07Feb2025 10:13:53.687] [Render thread/DEBUG] [oshi.util.FileUtil/]: Reading file /sys/devices/system/cpu/cpu15/cache/index1/type
[07Feb2025 10:13:53.687] [Render thread/DEBUG] [oshi.util.FileUtil/]: Reading file /sys/devices/system/cpu/cpu15/cache/index1/type
[07Feb2025 10:13:53.687] [Render thread/DEBUG] [oshi.util.FileUtil/]: Reading file /sys/devices/system/cpu/cpu15/cache/index1/ways_of_associativity
[07Feb2025 10:13:53.687] [Render thread/DEBUG] [oshi.util.FileUtil/]: Reading file /sys/devices/system/cpu/cpu15/cache/index1/ways_of_associativity
[07Feb2025 10:13:53.687] [Render thread/DEBUG] [oshi.util.FileUtil/]: Reading file /sys/devices/system/cpu/cpu15/cache/index1/coherency_line_size
[07Feb2025 10:13:53.687] [Render thread/DEBUG] [oshi.util.FileUtil/]: Reading file /sys/devices/system/cpu/cpu15/cache/index1/coherency_line_size
[07Feb2025 10:13:53.687] [Render thread/DEBUG] [oshi.util.FileUtil/]: Reading file /sys/devices/system/cpu/cpu15/cache/index1/size
[07Feb2025 10:13:53.687] [Render thread/DEBUG] [oshi.util.FileUtil/]: Reading file /sys/devices/system/cpu/cpu15/cache/index1/size
[07Feb2025 10:13:53.688] [Render thread/DEBUG] [oshi.util.FileUtil/]: Reading file /sys/devices/system/cpu/cpu16/topology/core_id
[07Feb2025 10:13:53.688] [Render thread/DEBUG] [oshi.util.FileUtil/]: Reading file /sys/devices/system/cpu/cpu16/topology/core_id
[07Feb2025 10:13:53.688] [Render thread/DEBUG] [oshi.util.FileUtil/]: Reading file /sys/devices/system/cpu/cpu16/topology/physical_package_id
[07Feb2025 10:13:53.688] [Render thread/DEBUG] [oshi.util.FileUtil/]: Reading file /sys/devices/system/cpu/cpu16/topology/physical_package_id
[07Feb2025 10:13:53.688] [Render thread/DEBUG] [oshi.util.FileUtil/]: Reading file /sys/devices/system/cpu/cpu16/cpu_capacity
[07Feb2025 10:13:53.688] [Render thread/DEBUG] [oshi.util.FileUtil/]: Reading file /sys/devices/system/cpu/cpu16/cache/index2/level
[07Feb2025 10:13:53.688] [Render thread/DEBUG] [oshi.util.FileUtil/]: Reading file /sys/devices/system/cpu/cpu16/cache/index2/level
[07Feb2025 10:13:53.688] [Render thread/DEBUG] [oshi.util.FileUtil/]: Reading file /sys/devices/system/cpu/cpu16/cache/index2/type
[07Feb2025 10:13:53.688] [Render thread/DEBUG] [oshi.util.FileUtil/]: Reading file /sys/devices/system/cpu/cpu16/cache/index2/type
[07Feb2025 10:13:53.688] [Render thread/DEBUG] [oshi.util.FileUtil/]: Reading file /sys/devices/system/cpu/cpu16/cache/index2/ways_of_associativity
[07Feb2025 10:13:53.688] [Render thread/DEBUG] [oshi.util.FileUtil/]: Reading file /sys/devices/system/cpu/cpu16/cache/index2/ways_of_associativity
[07Feb2025 10:13:53.688] [Render thread/DEBUG] [oshi.util.FileUtil/]: Reading file /sys/devices/system/cpu/cpu16/cache/index2/coherency_line_size
[07Feb2025 10:13:53.688] [Render thread/DEBUG] [oshi.util.FileUtil/]: Reading file /sys/devices/system/cpu/cpu16/cache/index2/coherency_line_size
[07Feb2025 10:13:53.688] [Render thread/DEBUG] [oshi.util.FileUtil/]: Reading file /sys/devices/system/cpu/cpu16/cache/index2/size
[07Feb2025 10:13:53.688] [Render thread/DEBUG] [oshi.util.FileUtil/]: Reading file /sys/devices/system/cpu/cpu16/cache/index2/size
[07Feb2025 10:13:53.688] [Render thread/DEBUG] [oshi.util.FileUtil/]: Reading file /sys/devices/system/cpu/cpu16/cache/index0/level
[07Feb2025 10:13:53.688] [Render thread/DEBUG] [oshi.util.FileUtil/]: Reading file /sys/devices/system/cpu/cpu16/cache/index0/level
[07Feb2025 10:13:53.688] [Render thread/DEBUG] [oshi.util.FileUtil/]: Reading file /sys/devices/system/cpu/cpu16/cache/index0/type
[07Feb2025 10:13:53.688] [Render thread/DEBUG] [oshi.util.FileUtil/]: Reading file /sys/devices/system/cpu/cpu16/cache/index0/type
[07Feb2025 10:13:53.688] [Render thread/DEBUG] [oshi.util.FileUtil/]: Reading file /sys/devices/system/cpu/cpu16/cache/index0/ways_of_associativity
[07Feb2025 10:13:53.689] [Render thread/DEBUG] [oshi.util.FileUtil/]: Reading file /sys/devices/system/cpu/cpu16/cache/index0/ways_of_associativity
[07Feb2025 10:13:53.689] [Render thread/DEBUG] [oshi.util.FileUtil/]: Reading file /sys/devices/system/cpu/cpu16/cache/index0/coherency_line_size
[07Feb2025 10:13:53.689] [Render thread/DEBUG] [oshi.util.FileUtil/]: Reading file /sys/devices/system/cpu/cpu16/cache/index0/coherency_line_size
[07Feb2025 10:13:53.689] [Render thread/DEBUG] [oshi.util.FileUtil/]: Reading file /sys/devices/system/cpu/cpu16/cache/index0/size
[07Feb2025 10:13:53.689] [Render thread/DEBUG] [oshi.util.FileUtil/]: Reading file /sys/devices/system/cpu/cpu16/cache/index0/size
[07Feb2025 10:13:53.689] [Render thread/DEBUG] [oshi.util.FileUtil/]: Reading file /sys/devices/system/cpu/cpu16/cache/index3/level
[07Feb2025 10:13:53.689] [Render thread/DEBUG] [oshi.util.FileUtil/]: Reading file /sys/devices/system/cpu/cpu16/cache/index3/level
[07Feb2025 10:13:53.689] [Render thread/DEBUG] [oshi.util.FileUtil/]: Reading file /sys/devices/system/cpu/cpu16/cache/index3/type
[07Feb2025 10:13:53.689] [Render thread/DEBUG] [oshi.util.FileUtil/]: Reading file /sys/devices/system/cpu/cpu16/cache/index3/type
[07Feb2025 10:13:53.689] [Render thread/DEBUG] [oshi.util.FileUtil/]: Reading file /sys/devices/system/cpu/cpu16/cache/index3/ways_of_associativity
[07Feb2025 10:13:53.689] [Render thread/DEBUG] [oshi.util.FileUtil/]: Reading file /sys/devices/system/cpu/cpu16/cache/index3/ways_of_associativity
[07Feb2025 10:13:53.689] [Render thread/DEBUG] [oshi.util.FileUtil/]: Reading file /sys/devices/system/cpu/cpu16/cache/index3/coherency_line_size
[07Feb2025 10:13:53.689] [Render thread/DEBUG] [oshi.util.FileUtil/]: Reading file /sys/devices/system/cpu/cpu16/cache/index3/coherency_line_size
[07Feb2025 10:13:53.689] [Render thread/DEBUG] [oshi.util.FileUtil/]: Reading file /sys/devices/system/cpu/cpu16/cache/index3/size
[07Feb2025 10:13:53.689] [Render thread/DEBUG] [oshi.util.FileUtil/]: Reading file /sys/devices/system/cpu/cpu16/cache/index3/size
[07Feb2025 10:13:53.689] [Render thread/DEBUG] [oshi.util.FileUtil/]: Reading file /sys/devices/system/cpu/cpu16/cache/index1/level
[07Feb2025 10:13:53.689] [Render thread/DEBUG] [oshi.util.FileUtil/]: Reading file /sys/devices/system/cpu/cpu16/cache/index1/level
[07Feb2025 10:13:53.689] [Render thread/DEBUG] [oshi.util.FileUtil/]: Reading file /sys/devices/system/cpu/cpu16/cache/index1/type
[07Feb2025 10:13:53.689] [Render thread/DEBUG] [oshi.util.FileUtil/]: Reading file /sys/devices/system/cpu/cpu16/cache/index1/type
[07Feb2025 10:13:53.689] [Render thread/DEBUG] [oshi.util.FileUtil/]: Reading file /sys/devices/system/cpu/cpu16/cache/index1/ways_of_associativity
[07Feb2025 10:13:53.689] [Render thread/DEBUG] [oshi.util.FileUtil/]: Reading file /sys/devices/system/cpu/cpu16/cache/index1/ways_of_associativity
[07Feb2025 10:13:53.689] [Render thread/DEBUG] [oshi.util.FileUtil/]: Reading file /sys/devices/system/cpu/cpu16/cache/index1/coherency_line_size
[07Feb2025 10:13:53.689] [Render thread/DEBUG] [oshi.util.FileUtil/]: Reading file /sys/devices/system/cpu/cpu16/cache/index1/coherency_line_size
[07Feb2025 10:13:53.689] [Render thread/DEBUG] [oshi.util.FileUtil/]: Reading file /sys/devices/system/cpu/cpu16/cache/index1/size
[07Feb2025 10:13:53.689] [Render thread/DEBUG] [oshi.util.FileUtil/]: Reading file /sys/devices/system/cpu/cpu16/cache/index1/size
[07Feb2025 10:13:53.690] [Render thread/DEBUG] [oshi.util.FileUtil/]: Reading file /sys/devices/system/cpu/cpu17/topology/core_id
[07Feb2025 10:13:53.690] [Render thread/DEBUG] [oshi.util.FileUtil/]: Reading file /sys/devices/system/cpu/cpu17/topology/core_id
[07Feb2025 10:13:53.690] [Render thread/DEBUG] [oshi.util.FileUtil/]: Reading file /sys/devices/system/cpu/cpu17/topology/physical_package_id
[07Feb2025 10:13:53.690] [Render thread/DEBUG] [oshi.util.FileUtil/]: Reading file /sys/devices/system/cpu/cpu17/topology/physical_package_id
[07Feb2025 10:13:53.690] [Render thread/DEBUG] [oshi.util.FileUtil/]: Reading file /sys/devices/system/cpu/cpu17/cpu_capacity
[07Feb2025 10:13:53.690] [Render thread/DEBUG] [oshi.util.FileUtil/]: Reading file /sys/devices/system/cpu/cpu17/cache/index2/level
[07Feb2025 10:13:53.690] [Render thread/DEBUG] [oshi.util.FileUtil/]: Reading file /sys/devices/system/cpu/cpu17/cache/index2/level
[07Feb2025 10:13:53.690] [Render thread/DEBUG] [oshi.util.FileUtil/]: Reading file /sys/devices/system/cpu/cpu17/cache/index2/type
[07Feb2025 10:13:53.690] [Render thread/DEBUG] [oshi.util.FileUtil/]: Reading file /sys/devices/system/cpu/cpu17/cache/index2/type
[07Feb2025 10:13:53.690] [Render thread/DEBUG] [oshi.util.FileUtil/]: Reading file /sys/devices/system/cpu/cpu17/cache/index2/ways_of_associativity
[07Feb2025 10:13:53.690] [Render thread/DEBUG] [oshi.util.FileUtil/]: Reading file /sys/devices/system/cpu/cpu17/cache/index2/ways_of_associativity
[07Feb2025 10:13:53.690] [Render thread/DEBUG] [oshi.util.FileUtil/]: Reading file /sys/devices/system/cpu/cpu17/cache/index2/coherency_line_size
[07Feb2025 10:13:53.690] [Render thread/DEBUG] [oshi.util.FileUtil/]: Reading file /sys/devices/system/cpu/cpu17/cache/index2/coherency_line_size
[07Feb2025 10:13:53.690] [Render thread/DEBUG] [oshi.util.FileUtil/]: Reading file /sys/devices/system/cpu/cpu17/cache/index2/size
[07Feb2025 10:13:53.690] [Render thread/DEBUG] [oshi.util.FileUtil/]: Reading file /sys/devices/system/cpu/cpu17/cache/index2/size
[07Feb2025 10:13:53.690] [Render thread/DEBUG] [oshi.util.FileUtil/]: Reading file /sys/devices/system/cpu/cpu17/cache/index0/level
[07Feb2025 10:13:53.690] [Render thread/DEBUG] [oshi.util.FileUtil/]: Reading file /sys/devices/system/cpu/cpu17/cache/index0/level
[07Feb2025 10:13:53.690] [Render thread/DEBUG] [oshi.util.FileUtil/]: Reading file /sys/devices/system/cpu/cpu17/cache/index0/type
[07Feb2025 10:13:53.690] [Render thread/DEBUG] [oshi.util.FileUtil/]: Reading file /sys/devices/system/cpu/cpu17/cache/index0/type
[07Feb2025 10:13:53.690] [Render thread/DEBUG] [oshi.util.FileUtil/]: Reading file /sys/devices/system/cpu/cpu17/cache/index0/ways_of_associativity
[07Feb2025 10:13:53.690] [Render thread/DEBUG] [oshi.util.FileUtil/]: Reading file /sys/devices/system/cpu/cpu17/cache/index0/ways_of_associativity
[07Feb2025 10:13:53.690] [Render thread/DEBUG] [oshi.util.FileUtil/]: Reading file /sys/devices/system/cpu/cpu17/cache/index0/coherency_line_size
[07Feb2025 10:13:53.690] [Render thread/DEBUG] [oshi.util.FileUtil/]: Reading file /sys/devices/system/cpu/cpu17/cache/index0/coherency_line_size
[07Feb2025 10:13:53.691] [Render thread/DEBUG] [oshi.util.FileUtil/]: Reading file /sys/devices/system/cpu/cpu17/cache/index0/size
[07Feb2025 10:13:53.691] [Render thread/DEBUG] [oshi.util.FileUtil/]: Reading file /sys/devices/system/cpu/cpu17/cache/index0/size
[07Feb2025 10:13:53.691] [Render thread/DEBUG] [oshi.util.FileUtil/]: Reading file /sys/devices/system/cpu/cpu17/cache/index3/level
[07Feb2025 10:13:53.691] [Render thread/DEBUG] [oshi.util.FileUtil/]: Reading file /sys/devices/system/cpu/cpu17/cache/index3/level
[07Feb2025 10:13:53.691] [Render thread/DEBUG] [oshi.util.FileUtil/]: Reading file /sys/devices/system/cpu/cpu17/cache/index3/type
[07Feb2025 10:13:53.691] [Render thread/DEBUG] [oshi.util.FileUtil/]: Reading file /sys/devices/system/cpu/cpu17/cache/index3/type
[07Feb2025 10:13:53.691] [Render thread/DEBUG] [oshi.util.FileUtil/]: Reading file /sys/devices/system/cpu/cpu17/cache/index3/ways_of_associativity
[07Feb2025 10:13:53.691] [Render thread/DEBUG] [oshi.util.FileUtil/]: Reading file /sys/devices/system/cpu/cpu17/cache/index3/ways_of_associativity
[07Feb2025 10:13:53.691] [Render thread/DEBUG] [oshi.util.FileUtil/]: Reading file /sys/devices/system/cpu/cpu17/cache/index3/coherency_line_size
[07Feb2025 10:13:53.691] [Render thread/DEBUG] [oshi.util.FileUtil/]: Reading file /sys/devices/system/cpu/cpu17/cache/index3/coherency_line_size
[07Feb2025 10:13:53.691] [Render thread/DEBUG] [oshi.util.FileUtil/]: Reading file /sys/devices/system/cpu/cpu17/cache/index3/size
[07Feb2025 10:13:53.691] [Render thread/DEBUG] [oshi.util.FileUtil/]: Reading file /sys/devices/system/cpu/cpu17/cache/index3/size
[07Feb2025 10:13:53.691] [Render thread/DEBUG] [oshi.util.FileUtil/]: Reading file /sys/devices/system/cpu/cpu17/cache/index1/level
[07Feb2025 10:13:53.691] [Render thread/DEBUG] [oshi.util.FileUtil/]: Reading file /sys/devices/system/cpu/cpu17/cache/index1/level
[07Feb2025 10:13:53.691] [Render thread/DEBUG] [oshi.util.FileUtil/]: Reading file /sys/devices/system/cpu/cpu17/cache/index1/type
[07Feb2025 10:13:53.691] [Render thread/DEBUG] [oshi.util.FileUtil/]: Reading file /sys/devices/system/cpu/cpu17/cache/index1/type
[07Feb2025 10:13:53.691] [Render thread/DEBUG] [oshi.util.FileUtil/]: Reading file /sys/devices/system/cpu/cpu17/cache/index1/ways_of_associativity
[07Feb2025 10:13:53.691] [Render thread/DEBUG] [oshi.util.FileUtil/]: Reading file /sys/devices/system/cpu/cpu17/cache/index1/ways_of_associativity
[07Feb2025 10:13:53.691] [Render thread/DEBUG] [oshi.util.FileUtil/]: Reading file /sys/devices/system/cpu/cpu17/cache/index1/coherency_line_size
[07Feb2025 10:13:53.691] [Render thread/DEBUG] [oshi.util.FileUtil/]: Reading file /sys/devices/system/cpu/cpu17/cache/index1/coherency_line_size
[07Feb2025 10:13:53.691] [Render thread/DEBUG] [oshi.util.FileUtil/]: Reading file /sys/devices/system/cpu/cpu17/cache/index1/size
[07Feb2025 10:13:53.691] [Render thread/DEBUG] [oshi.util.FileUtil/]: Reading file /sys/devices/system/cpu/cpu17/cache/index1/size
[07Feb2025 10:13:53.692] [Render thread/DEBUG] [oshi.util.FileUtil/]: Reading file /sys/devices/system/cpu/cpu18/topology/core_id
[07Feb2025 10:13:53.692] [Render thread/DEBUG] [oshi.util.FileUtil/]: Reading file /sys/devices/system/cpu/cpu18/topology/core_id
[07Feb2025 10:13:53.692] [Render thread/DEBUG] [oshi.util.FileUtil/]: Reading file /sys/devices/system/cpu/cpu18/topology/physical_package_id
[07Feb2025 10:13:53.692] [Render thread/DEBUG] [oshi.util.FileUtil/]: Reading file /sys/devices/system/cpu/cpu18/topology/physical_package_id
[07Feb2025 10:13:53.692] [Render thread/DEBUG] [oshi.util.FileUtil/]: Reading file /sys/devices/system/cpu/cpu18/cpu_capacity
[07Feb2025 10:13:53.692] [Render thread/DEBUG] [oshi.util.FileUtil/]: Reading file /sys/devices/system/cpu/cpu18/cache/index2/level
[07Feb2025 10:13:53.692] [Render thread/DEBUG] [oshi.util.FileUtil/]: Reading file /sys/devices/system/cpu/cpu18/cache/index2/level
[07Feb2025 10:13:53.692] [Render thread/DEBUG] [oshi.util.FileUtil/]: Reading file /sys/devices/system/cpu/cpu18/cache/index2/type
[07Feb2025 10:13:53.692] [Render thread/DEBUG] [oshi.util.FileUtil/]: Reading file /sys/devices/system/cpu/cpu18/cache/index2/type
[07Feb2025 10:13:53.692] [Render thread/DEBUG] [oshi.util.FileUtil/]: Reading file /sys/devices/system/cpu/cpu18/cache/index2/ways_of_associativity
[07Feb2025 10:13:53.692] [Render thread/DEBUG] [oshi.util.FileUtil/]: Reading file /sys/devices/system/cpu/cpu18/cache/index2/ways_of_associativity
[07Feb2025 10:13:53.692] [Render thread/DEBUG] [oshi.util.FileUtil/]: Reading file /sys/devices/system/cpu/cpu18/cache/index2/coherency_line_size
[07Feb2025 10:13:53.692] [Render thread/DEBUG] [oshi.util.FileUtil/]: Reading file /sys/devices/system/cpu/cpu18/cache/index2/coherency_line_size
[07Feb2025 10:13:53.692] [Render thread/DEBUG] [oshi.util.FileUtil/]: Reading file /sys/devices/system/cpu/cpu18/cache/index2/size
[07Feb2025 10:13:53.692] [Render thread/DEBUG] [oshi.util.FileUtil/]: Reading file /sys/devices/system/cpu/cpu18/cache/index2/size
[07Feb2025 10:13:53.692] [Render thread/DEBUG] [oshi.util.FileUtil/]: Reading file /sys/devices/system/cpu/cpu18/cache/index0/level
[07Feb2025 10:13:53.693] [Render thread/DEBUG] [oshi.util.FileUtil/]: Reading file /sys/devices/system/cpu/cpu18/cache/index0/level
[07Feb2025 10:13:53.693] [Render thread/DEBUG] [oshi.util.FileUtil/]: Reading file /sys/devices/system/cpu/cpu18/cache/index0/type
[07Feb2025 10:13:53.693] [Render thread/DEBUG] [oshi.util.FileUtil/]: Reading file /sys/devices/system/cpu/cpu18/cache/index0/type
[07Feb2025 10:13:53.693] [Render thread/DEBUG] [oshi.util.FileUtil/]: Reading file /sys/devices/system/cpu/cpu18/cache/index0/ways_of_associativity
[07Feb2025 10:13:53.693] [Render thread/DEBUG] [oshi.util.FileUtil/]: Reading file /sys/devices/system/cpu/cpu18/cache/index0/ways_of_associativity
[07Feb2025 10:13:53.693] [Render thread/DEBUG] [oshi.util.FileUtil/]: Reading file /sys/devices/system/cpu/cpu18/cache/index0/coherency_line_size
[07Feb2025 10:13:53.693] [Render thread/DEBUG] [oshi.util.FileUtil/]: Reading file /sys/devices/system/cpu/cpu18/cache/index0/coherency_line_size
[07Feb2025 10:13:53.693] [Render thread/DEBUG] [oshi.util.FileUtil/]: Reading file /sys/devices/system/cpu/cpu18/cache/index0/size
[07Feb2025 10:13:53.693] [Render thread/DEBUG] [oshi.util.FileUtil/]: Reading file /sys/devices/system/cpu/cpu18/cache/index0/size
[07Feb2025 10:13:53.693] [Render thread/DEBUG] [oshi.util.FileUtil/]: Reading file /sys/devices/system/cpu/cpu18/cache/index3/level
[07Feb2025 10:13:53.693] [Render thread/DEBUG] [oshi.util.FileUtil/]: Reading file /sys/devices/system/cpu/cpu18/cache/index3/level
[07Feb2025 10:13:53.693] [Render thread/DEBUG] [oshi.util.FileUtil/]: Reading file /sys/devices/system/cpu/cpu18/cache/index3/type
[07Feb2025 10:13:53.693] [Render thread/DEBUG] [oshi.util.FileUtil/]: Reading file /sys/devices/system/cpu/cpu18/cache/index3/type
[07Feb2025 10:13:53.693] [Render thread/DEBUG] [oshi.util.FileUtil/]: Reading file /sys/devices/system/cpu/cpu18/cache/index3/ways_of_associativity
[07Feb2025 10:13:53.693] [Render thread/DEBUG] [oshi.util.FileUtil/]: Reading file /sys/devices/system/cpu/cpu18/cache/index3/ways_of_associativity
[07Feb2025 10:13:53.693] [Render thread/DEBUG] [oshi.util.FileUtil/]: Reading file /sys/devices/system/cpu/cpu18/cache/index3/coherency_line_size
[07Feb2025 10:13:53.693] [Render thread/DEBUG] [oshi.util.FileUtil/]: Reading file /sys/devices/system/cpu/cpu18/cache/index3/coherency_line_size
[07Feb2025 10:13:53.693] [Render thread/DEBUG] [oshi.util.FileUtil/]: Reading file /sys/devices/system/cpu/cpu18/cache/index3/size
[07Feb2025 10:13:53.693] [Render thread/DEBUG] [oshi.util.FileUtil/]: Reading file /sys/devices/system/cpu/cpu18/cache/index3/size
[07Feb2025 10:13:53.693] [Render thread/DEBUG] [oshi.util.FileUtil/]: Reading file /sys/devices/system/cpu/cpu18/cache/index1/level
[07Feb2025 10:13:53.693] [Render thread/DEBUG] [oshi.util.FileUtil/]: Reading file /sys/devices/system/cpu/cpu18/cache/index1/level
[07Feb2025 10:13:53.693] [Render thread/DEBUG] [oshi.util.FileUtil/]: Reading file /sys/devices/system/cpu/cpu18/cache/index1/type
[07Feb2025 10:13:53.693] [Render thread/DEBUG] [oshi.util.FileUtil/]: Reading file /sys/devices/system/cpu/cpu18/cache/index1/type
[07Feb2025 10:13:53.693] [Render thread/DEBUG] [oshi.util.FileUtil/]: Reading file /sys/devices/system/cpu/cpu18/cache/index1/ways_of_associativity
[07Feb2025 10:13:53.694] [Render thread/DEBUG] [oshi.util.FileUtil/]: Reading file /sys/devices/system/cpu/cpu18/cache/index1/ways_of_associativity
[07Feb2025 10:13:53.694] [Render thread/DEBUG] [oshi.util.FileUtil/]: Reading file /sys/devices/system/cpu/cpu18/cache/index1/coherency_line_size
[07Feb2025 10:13:53.694] [Render thread/DEBUG] [oshi.util.FileUtil/]: Reading file /sys/devices/system/cpu/cpu18/cache/index1/coherency_line_size
[07Feb2025 10:13:53.694] [Render thread/DEBUG] [oshi.util.FileUtil/]: Reading file /sys/devices/system/cpu/cpu18/cache/index1/size
[07Feb2025 10:13:53.694] [Render thread/DEBUG] [oshi.util.FileUtil/]: Reading file /sys/devices/system/cpu/cpu18/cache/index1/size
[07Feb2025 10:13:53.694] [Render thread/DEBUG] [oshi.util.FileUtil/]: Reading file /sys/devices/system/cpu/cpu19/topology/core_id
[07Feb2025 10:13:53.694] [Render thread/DEBUG] [oshi.util.FileUtil/]: Reading file /sys/devices/system/cpu/cpu19/topology/core_id
[07Feb2025 10:13:53.694] [Render thread/DEBUG] [oshi.util.FileUtil/]: Reading file /sys/devices/system/cpu/cpu19/topology/physical_package_id
[07Feb2025 10:13:53.694] [Render thread/DEBUG] [oshi.util.FileUtil/]: Reading file /sys/devices/system/cpu/cpu19/topology/physical_package_id
[07Feb2025 10:13:53.694] [Render thread/DEBUG] [oshi.util.FileUtil/]: Reading file /sys/devices/system/cpu/cpu19/cpu_capacity
[07Feb2025 10:13:53.694] [Render thread/DEBUG] [oshi.util.FileUtil/]: Reading file /sys/devices/system/cpu/cpu19/cache/index2/level
[07Feb2025 10:13:53.694] [Render thread/DEBUG] [oshi.util.FileUtil/]: Reading file /sys/devices/system/cpu/cpu19/cache/index2/level
[07Feb2025 10:13:53.694] [Render thread/DEBUG] [oshi.util.FileUtil/]: Reading file /sys/devices/system/cpu/cpu19/cache/index2/type
[07Feb2025 10:13:53.694] [Render thread/DEBUG] [oshi.util.FileUtil/]: Reading file /sys/devices/system/cpu/cpu19/cache/index2/type
[07Feb2025 10:13:53.694] [Render thread/DEBUG] [oshi.util.FileUtil/]: Reading file /sys/devices/system/cpu/cpu19/cache/index2/ways_of_associativity
[07Feb2025 10:13:53.694] [Render thread/DEBUG] [oshi.util.FileUtil/]: Reading file /sys/devices/system/cpu/cpu19/cache/index2/ways_of_associativity
[07Feb2025 10:13:53.694] [Render thread/DEBUG] [oshi.util.FileUtil/]: Reading file /sys/devices/system/cpu/cpu19/cache/index2/coherency_line_size
[07Feb2025 10:13:53.694] [Render thread/DEBUG] [oshi.util.FileUtil/]: Reading file /sys/devices/system/cpu/cpu19/cache/index2/coherency_line_size
[07Feb2025 10:13:53.694] [Render thread/DEBUG] [oshi.util.FileUtil/]: Reading file /sys/devices/system/cpu/cpu19/cache/index2/size
[07Feb2025 10:13:53.694] [Render thread/DEBUG] [oshi.util.FileUtil/]: Reading file /sys/devices/system/cpu/cpu19/cache/index2/size
[07Feb2025 10:13:53.695] [Render thread/DEBUG] [oshi.util.FileUtil/]: Reading file /sys/devices/system/cpu/cpu19/cache/index0/level
[07Feb2025 10:13:53.695] [Render thread/DEBUG] [oshi.util.FileUtil/]: Reading file /sys/devices/system/cpu/cpu19/cache/index0/level
[07Feb2025 10:13:53.695] [Render thread/DEBUG] [oshi.util.FileUtil/]: Reading file /sys/devices/system/cpu/cpu19/cache/index0/type
[07Feb2025 10:13:53.695] [Render thread/DEBUG] [oshi.util.FileUtil/]: Reading file /sys/devices/system/cpu/cpu19/cache/index0/type
[07Feb2025 10:13:53.695] [Render thread/DEBUG] [oshi.util.FileUtil/]: Reading file /sys/devices/system/cpu/cpu19/cache/index0/ways_of_associativity
[07Feb2025 10:13:53.695] [Render thread/DEBUG] [oshi.util.FileUtil/]: Reading file /sys/devices/system/cpu/cpu19/cache/index0/ways_of_associativity
[07Feb2025 10:13:53.695] [Render thread/DEBUG] [oshi.util.FileUtil/]: Reading file /sys/devices/system/cpu/cpu19/cache/index0/coherency_line_size
[07Feb2025 10:13:53.695] [Render thread/DEBUG] [oshi.util.FileUtil/]: Reading file /sys/devices/system/cpu/cpu19/cache/index0/coherency_line_size
[07Feb2025 10:13:53.695] [Render thread/DEBUG] [oshi.util.FileUtil/]: Reading file /sys/devices/system/cpu/cpu19/cache/index0/size
[07Feb2025 10:13:53.695] [Render thread/DEBUG] [oshi.util.FileUtil/]: Reading file /sys/devices/system/cpu/cpu19/cache/index0/size
[07Feb2025 10:13:53.695] [Render thread/DEBUG] [oshi.util.FileUtil/]: Reading file /sys/devices/system/cpu/cpu19/cache/index3/level
[07Feb2025 10:13:53.695] [Render thread/DEBUG] [oshi.util.FileUtil/]: Reading file /sys/devices/system/cpu/cpu19/cache/index3/level
[07Feb2025 10:13:53.695] [Render thread/DEBUG] [oshi.util.FileUtil/]: Reading file /sys/devices/system/cpu/cpu19/cache/index3/type
[07Feb2025 10:13:53.695] [Render thread/DEBUG] [oshi.util.FileUtil/]: Reading file /sys/devices/system/cpu/cpu19/cache/index3/type
[07Feb2025 10:13:53.695] [Render thread/DEBUG] [oshi.util.FileUtil/]: Reading file /sys/devices/system/cpu/cpu19/cache/index3/ways_of_associativity
[07Feb2025 10:13:53.695] [Render thread/DEBUG] [oshi.util.FileUtil/]: Reading file /sys/devices/system/cpu/cpu19/cache/index3/ways_of_associativity
[07Feb2025 10:13:53.695] [Render thread/DEBUG] [oshi.util.FileUtil/]: Reading file /sys/devices/system/cpu/cpu19/cache/index3/coherency_line_size
[07Feb2025 10:13:53.695] [Render thread/DEBUG] [oshi.util.FileUtil/]: Reading file /sys/devices/system/cpu/cpu19/cache/index3/coherency_line_size
[07Feb2025 10:13:53.695] [Render thread/DEBUG] [oshi.util.FileUtil/]: Reading file /sys/devices/system/cpu/cpu19/cache/index3/size
[07Feb2025 10:13:53.695] [Render thread/DEBUG] [oshi.util.FileUtil/]: Reading file /sys/devices/system/cpu/cpu19/cache/index3/size
[07Feb2025 10:13:53.695] [Render thread/DEBUG] [oshi.util.FileUtil/]: Reading file /sys/devices/system/cpu/cpu19/cache/index1/level
[07Feb2025 10:13:53.695] [Render thread/DEBUG] [oshi.util.FileUtil/]: Reading file /sys/devices/system/cpu/cpu19/cache/index1/level
[07Feb2025 10:13:53.695] [Render thread/DEBUG] [oshi.util.FileUtil/]: Reading file /sys/devices/system/cpu/cpu19/cache/index1/type
[07Feb2025 10:13:53.695] [Render thread/DEBUG] [oshi.util.FileUtil/]: Reading file /sys/devices/system/cpu/cpu19/cache/index1/type
[07Feb2025 10:13:53.695] [Render thread/DEBUG] [oshi.util.FileUtil/]: Reading file /sys/devices/system/cpu/cpu19/cache/index1/ways_of_associativity
[07Feb2025 10:13:53.695] [Render thread/DEBUG] [oshi.util.FileUtil/]: Reading file /sys/devices/system/cpu/cpu19/cache/index1/ways_of_associativity
[07Feb2025 10:13:53.696] [Render thread/DEBUG] [oshi.util.FileUtil/]: Reading file /sys/devices/system/cpu/cpu19/cache/index1/coherency_line_size
[07Feb2025 10:13:53.696] [Render thread/DEBUG] [oshi.util.FileUtil/]: Reading file /sys/devices/system/cpu/cpu19/cache/index1/coherency_line_size
[07Feb2025 10:13:53.696] [Render thread/DEBUG] [oshi.util.FileUtil/]: Reading file /sys/devices/system/cpu/cpu19/cache/index1/size
[07Feb2025 10:13:53.696] [Render thread/DEBUG] [oshi.util.FileUtil/]: Reading file /sys/devices/system/cpu/cpu19/cache/index1/size
[07Feb2025 10:13:53.696] [Render thread/DEBUG] [oshi.util.FileUtil/]: Reading file /sys/devices/system/cpu/cpu2/topology/core_id
[07Feb2025 10:13:53.696] [Render thread/DEBUG] [oshi.util.FileUtil/]: Reading file /sys/devices/system/cpu/cpu2/topology/core_id
[07Feb2025 10:13:53.696] [Render thread/DEBUG] [oshi.util.FileUtil/]: Reading file /sys/devices/system/cpu/cpu2/topology/physical_package_id
[07Feb2025 10:13:53.696] [Render thread/DEBUG] [oshi.util.FileUtil/]: Reading file /sys/devices/system/cpu/cpu2/topology/physical_package_id
[07Feb2025 10:13:53.696] [Render thread/DEBUG] [oshi.util.FileUtil/]: Reading file /sys/devices/system/cpu/cpu2/cpu_capacity
[07Feb2025 10:13:53.696] [Render thread/DEBUG] [oshi.util.FileUtil/]: Reading file /sys/devices/system/cpu/cpu2/cache/index2/level
[07Feb2025 10:13:53.696] [Render thread/DEBUG] [oshi.util.FileUtil/]: Reading file /sys/devices/system/cpu/cpu2/cache/index2/level
[07Feb2025 10:13:53.696] [Render thread/DEBUG] [oshi.util.FileUtil/]: Reading file /sys/devices/system/cpu/cpu2/cache/index2/type
[07Feb2025 10:13:53.696] [Render thread/DEBUG] [oshi.util.FileUtil/]: Reading file /sys/devices/system/cpu/cpu2/cache/index2/type
[07Feb2025 10:13:53.696] [Render thread/DEBUG] [oshi.util.FileUtil/]: Reading file /sys/devices/system/cpu/cpu2/cache/index2/ways_of_associativity
[07Feb2025 10:13:53.696] [Render thread/DEBUG] [oshi.util.FileUtil/]: Reading file /sys/devices/system/cpu/cpu2/cache/index2/ways_of_associativity
[07Feb2025 10:13:53.696] [Render thread/DEBUG] [oshi.util.FileUtil/]: Reading file /sys/devices/system/cpu/cpu2/cache/index2/coherency_line_size
[07Feb2025 10:13:53.696] [Render thread/DEBUG] [oshi.util.FileUtil/]: Reading file /sys/devices/system/cpu/cpu2/cache/index2/coherency_line_size
[07Feb2025 10:13:53.696] [Render thread/DEBUG] [oshi.util.FileUtil/]: Reading file /sys/devices/system/cpu/cpu2/cache/index2/size
[07Feb2025 10:13:53.696] [Render thread/DEBUG] [oshi.util.FileUtil/]: Reading file /sys/devices/system/cpu/cpu2/cache/index2/size
[07Feb2025 10:13:53.696] [Render thread/DEBUG] [oshi.util.FileUtil/]: Reading file /sys/devices/system/cpu/cpu2/cache/index0/level
[07Feb2025 10:13:53.697] [Render thread/DEBUG] [oshi.util.FileUtil/]: Reading file /sys/devices/system/cpu/cpu2/cache/index0/level
[07Feb2025 10:13:53.697] [Render thread/DEBUG] [oshi.util.FileUtil/]: Reading file /sys/devices/system/cpu/cpu2/cache/index0/type
[07Feb2025 10:13:53.697] [Render thread/DEBUG] [oshi.util.FileUtil/]: Reading file /sys/devices/system/cpu/cpu2/cache/index0/type
[07Feb2025 10:13:53.697] [Render thread/DEBUG] [oshi.util.FileUtil/]: Reading file /sys/devices/system/cpu/cpu2/cache/index0/ways_of_associativity
[07Feb2025 10:13:53.697] [Render thread/DEBUG] [oshi.util.FileUtil/]: Reading file /sys/devices/system/cpu/cpu2/cache/index0/ways_of_associativity
[07Feb2025 10:13:53.697] [Render thread/DEBUG] [oshi.util.FileUtil/]: Reading file /sys/devices/system/cpu/cpu2/cache/index0/coherency_line_size
[07Feb2025 10:13:53.697] [Render thread/DEBUG] [oshi.util.FileUtil/]: Reading file /sys/devices/system/cpu/cpu2/cache/index0/coherency_line_size
[07Feb2025 10:13:53.697] [Render thread/DEBUG] [oshi.util.FileUtil/]: Reading file /sys/devices/system/cpu/cpu2/cache/index0/size
[07Feb2025 10:13:53.697] [Render thread/DEBUG] [oshi.util.FileUtil/]: Reading file /sys/devices/system/cpu/cpu2/cache/index0/size
[07Feb2025 10:13:53.697] [Render thread/DEBUG] [oshi.util.FileUtil/]: Reading file /sys/devices/system/cpu/cpu2/cache/index3/level
[07Feb2025 10:13:53.697] [Render thread/DEBUG] [oshi.util.FileUtil/]: Reading file /sys/devices/system/cpu/cpu2/cache/index3/level
[07Feb2025 10:13:53.697] [Render thread/DEBUG] [oshi.util.FileUtil/]: Reading file /sys/devices/system/cpu/cpu2/cache/index3/type
[07Feb2025 10:13:53.697] [Render thread/DEBUG] [oshi.util.FileUtil/]: Reading file /sys/devices/system/cpu/cpu2/cache/index3/type
[07Feb2025 10:13:53.697] [Render thread/DEBUG] [oshi.util.FileUtil/]: Reading file /sys/devices/system/cpu/cpu2/cache/index3/ways_of_associativity
[07Feb2025 10:13:53.697] [Render thread/DEBUG] [oshi.util.FileUtil/]: Reading file /sys/devices/system/cpu/cpu2/cache/index3/ways_of_associativity
[07Feb2025 10:13:53.697] [Render thread/DEBUG] [oshi.util.FileUtil/]: Reading file /sys/devices/system/cpu/cpu2/cache/index3/coherency_line_size
[07Feb2025 10:13:53.697] [Render thread/DEBUG] [oshi.util.FileUtil/]: Reading file /sys/devices/system/cpu/cpu2/cache/index3/coherency_line_size
[07Feb2025 10:13:53.697] [Render thread/DEBUG] [oshi.util.FileUtil/]: Reading file /sys/devices/system/cpu/cpu2/cache/index3/size
[07Feb2025 10:13:53.697] [Render thread/DEBUG] [oshi.util.FileUtil/]: Reading file /sys/devices/system/cpu/cpu2/cache/index3/size
[07Feb2025 10:13:53.697] [Render thread/DEBUG] [oshi.util.FileUtil/]: Reading file /sys/devices/system/cpu/cpu2/cache/index1/level
[07Feb2025 10:13:53.697] [Render thread/DEBUG] [oshi.util.FileUtil/]: Reading file /sys/devices/system/cpu/cpu2/cache/index1/level
[07Feb2025 10:13:53.697] [Render thread/DEBUG] [oshi.util.FileUtil/]: Reading file /sys/devices/system/cpu/cpu2/cache/index1/type
[07Feb2025 10:13:53.697] [Render thread/DEBUG] [oshi.util.FileUtil/]: Reading file /sys/devices/system/cpu/cpu2/cache/index1/type
[07Feb2025 10:13:53.697] [Render thread/DEBUG] [oshi.util.FileUtil/]: Reading file /sys/devices/system/cpu/cpu2/cache/index1/ways_of_associativity
[07Feb2025 10:13:53.697] [Render thread/DEBUG] [oshi.util.FileUtil/]: Reading file /sys/devices/system/cpu/cpu2/cache/index1/ways_of_associativity
[07Feb2025 10:13:53.697] [Render thread/DEBUG] [oshi.util.FileUtil/]: Reading file /sys/devices/system/cpu/cpu2/cache/index1/coherency_line_size
[07Feb2025 10:13:53.698] [Render thread/DEBUG] [oshi.util.FileUtil/]: Reading file /sys/devices/system/cpu/cpu2/cache/index1/coherency_line_size
[07Feb2025 10:13:53.698] [Render thread/DEBUG] [oshi.util.FileUtil/]: Reading file /sys/devices/system/cpu/cpu2/cache/index1/size
[07Feb2025 10:13:53.698] [Render thread/DEBUG] [oshi.util.FileUtil/]: Reading file /sys/devices/system/cpu/cpu2/cache/index1/size
[07Feb2025 10:13:53.698] [Render thread/DEBUG] [oshi.util.FileUtil/]: Reading file /sys/devices/system/cpu/cpu20/topology/core_id
[07Feb2025 10:13:53.698] [Render thread/DEBUG] [oshi.util.FileUtil/]: Reading file /sys/devices/system/cpu/cpu20/topology/core_id
[07Feb2025 10:13:53.698] [Render thread/DEBUG] [oshi.util.FileUtil/]: Reading file /sys/devices/system/cpu/cpu20/topology/physical_package_id
[07Feb2025 10:13:53.698] [Render thread/DEBUG] [oshi.util.FileUtil/]: Reading file /sys/devices/system/cpu/cpu20/topology/physical_package_id
[07Feb2025 10:13:53.698] [Render thread/DEBUG] [oshi.util.FileUtil/]: Reading file /sys/devices/system/cpu/cpu20/cpu_capacity
[07Feb2025 10:13:53.698] [Render thread/DEBUG] [oshi.util.FileUtil/]: Reading file /sys/devices/system/cpu/cpu20/cache/index2/level
[07Feb2025 10:13:53.698] [Render thread/DEBUG] [oshi.util.FileUtil/]: Reading file /sys/devices/system/cpu/cpu20/cache/index2/level
[07Feb2025 10:13:53.698] [Render thread/DEBUG] [oshi.util.FileUtil/]: Reading file /sys/devices/system/cpu/cpu20/cache/index2/type
[07Feb2025 10:13:53.698] [Render thread/DEBUG] [oshi.util.FileUtil/]: Reading file /sys/devices/system/cpu/cpu20/cache/index2/type
[07Feb2025 10:13:53.698] [Render thread/DEBUG] [oshi.util.FileUtil/]: Reading file /sys/devices/system/cpu/cpu20/cache/index2/ways_of_associativity
[07Feb2025 10:13:53.698] [Render thread/DEBUG] [oshi.util.FileUtil/]: Reading file /sys/devices/system/cpu/cpu20/cache/index2/ways_of_associativity
[07Feb2025 10:13:53.698] [Render thread/DEBUG] [oshi.util.FileUtil/]: Reading file /sys/devices/system/cpu/cpu20/cache/index2/coherency_line_size
[07Feb2025 10:13:53.698] [Render thread/DEBUG] [oshi.util.FileUtil/]: Reading file /sys/devices/system/cpu/cpu20/cache/index2/coherency_line_size
[07Feb2025 10:13:53.698] [Render thread/DEBUG] [oshi.util.FileUtil/]: Reading file /sys/devices/system/cpu/cpu20/cache/index2/size
[07Feb2025 10:13:53.698] [Render thread/DEBUG] [oshi.util.FileUtil/]: Reading file /sys/devices/system/cpu/cpu20/cache/index2/size
[07Feb2025 10:13:53.699] [Render thread/DEBUG] [oshi.util.FileUtil/]: Reading file /sys/devices/system/cpu/cpu20/cache/index0/level
[07Feb2025 10:13:53.699] [Render thread/DEBUG] [oshi.util.FileUtil/]: Reading file /sys/devices/system/cpu/cpu20/cache/index0/level
[07Feb2025 10:13:53.699] [Render thread/DEBUG] [oshi.util.FileUtil/]: Reading file /sys/devices/system/cpu/cpu20/cache/index0/type
[07Feb2025 10:13:53.699] [Render thread/DEBUG] [oshi.util.FileUtil/]: Reading file /sys/devices/system/cpu/cpu20/cache/index0/type
[07Feb2025 10:13:53.699] [Render thread/DEBUG] [oshi.util.FileUtil/]: Reading file /sys/devices/system/cpu/cpu20/cache/index0/ways_of_associativity
[07Feb2025 10:13:53.699] [Render thread/DEBUG] [oshi.util.FileUtil/]: Reading file /sys/devices/system/cpu/cpu20/cache/index0/ways_of_associativity
[07Feb2025 10:13:53.699] [Render thread/DEBUG] [oshi.util.FileUtil/]: Reading file /sys/devices/system/cpu/cpu20/cache/index0/coherency_line_size
[07Feb2025 10:13:53.699] [Render thread/DEBUG] [oshi.util.FileUtil/]: Reading file /sys/devices/system/cpu/cpu20/cache/index0/coherency_line_size
[07Feb2025 10:13:53.699] [Render thread/DEBUG] [oshi.util.FileUtil/]: Reading file /sys/devices/system/cpu/cpu20/cache/index0/size
[07Feb2025 10:13:53.699] [Render thread/DEBUG] [oshi.util.FileUtil/]: Reading file /sys/devices/system/cpu/cpu20/cache/index0/size
[07Feb2025 10:13:53.699] [Render thread/DEBUG] [oshi.util.FileUtil/]: Reading file /sys/devices/system/cpu/cpu20/cache/index3/level
[07Feb2025 10:13:53.699] [Render thread/DEBUG] [oshi.util.FileUtil/]: Reading file /sys/devices/system/cpu/cpu20/cache/index3/level
[07Feb2025 10:13:53.699] [Render thread/DEBUG] [oshi.util.FileUtil/]: Reading file /sys/devices/system/cpu/cpu20/cache/index3/type
[07Feb2025 10:13:53.699] [Render thread/DEBUG] [oshi.util.FileUtil/]: Reading file /sys/devices/system/cpu/cpu20/cache/index3/type
[07Feb2025 10:13:53.699] [Render thread/DEBUG] [oshi.util.FileUtil/]: Reading file /sys/devices/system/cpu/cpu20/cache/index3/ways_of_associativity
[07Feb2025 10:13:53.699] [Render thread/DEBUG] [oshi.util.FileUtil/]: Reading file /sys/devices/system/cpu/cpu20/cache/index3/ways_of_associativity
[07Feb2025 10:13:53.699] [Render thread/DEBUG] [oshi.util.FileUtil/]: Reading file /sys/devices/system/cpu/cpu20/cache/index3/coherency_line_size
[07Feb2025 10:13:53.699] [Render thread/DEBUG] [oshi.util.FileUtil/]: Reading file /sys/devices/system/cpu/cpu20/cache/index3/coherency_line_size
[07Feb2025 10:13:53.699] [Render thread/DEBUG] [oshi.util.FileUtil/]: Reading file /sys/devices/system/cpu/cpu20/cache/index3/size
[07Feb2025 10:13:53.699] [Render thread/DEBUG] [oshi.util.FileUtil/]: Reading file /sys/devices/system/cpu/cpu20/cache/index3/size
[07Feb2025 10:13:53.699] [Render thread/DEBUG] [oshi.util.FileUtil/]: Reading file /sys/devices/system/cpu/cpu20/cache/index1/level
[07Feb2025 10:13:53.699] [Render thread/DEBUG] [oshi.util.FileUtil/]: Reading file /sys/devices/system/cpu/cpu20/cache/index1/level
[07Feb2025 10:13:53.699] [Render thread/DEBUG] [oshi.util.FileUtil/]: Reading file /sys/devices/system/cpu/cpu20/cache/index1/type
[07Feb2025 10:13:53.699] [Render thread/DEBUG] [oshi.util.FileUtil/]: Reading file /sys/devices/system/cpu/cpu20/cache/index1/type
[07Feb2025 10:13:53.699] [Render thread/DEBUG] [oshi.util.FileUtil/]: Reading file /sys/devices/system/cpu/cpu20/cache/index1/ways_of_associativity
[07Feb2025 10:13:53.699] [Render thread/DEBUG] [oshi.util.FileUtil/]: Reading file /sys/devices/system/cpu/cpu20/cache/index1/ways_of_associativity
[07Feb2025 10:13:53.700] [Render thread/DEBUG] [oshi.util.FileUtil/]: Reading file /sys/devices/system/cpu/cpu20/cache/index1/coherency_line_size
[07Feb2025 10:13:53.700] [Render thread/DEBUG] [oshi.util.FileUtil/]: Reading file /sys/devices/system/cpu/cpu20/cache/index1/coherency_line_size
[07Feb2025 10:13:53.700] [Render thread/DEBUG] [oshi.util.FileUtil/]: Reading file /sys/devices/system/cpu/cpu20/cache/index1/size
[07Feb2025 10:13:53.700] [Render thread/DEBUG] [oshi.util.FileUtil/]: Reading file /sys/devices/system/cpu/cpu20/cache/index1/size
[07Feb2025 10:13:53.700] [Render thread/DEBUG] [oshi.util.FileUtil/]: Reading file /sys/devices/system/cpu/cpu21/topology/core_id
[07Feb2025 10:13:53.700] [Render thread/DEBUG] [oshi.util.FileUtil/]: Reading file /sys/devices/system/cpu/cpu21/topology/core_id
[07Feb2025 10:13:53.700] [Render thread/DEBUG] [oshi.util.FileUtil/]: Reading file /sys/devices/system/cpu/cpu21/topology/physical_package_id
[07Feb2025 10:13:53.700] [Render thread/DEBUG] [oshi.util.FileUtil/]: Reading file /sys/devices/system/cpu/cpu21/topology/physical_package_id
[07Feb2025 10:13:53.700] [Render thread/DEBUG] [oshi.util.FileUtil/]: Reading file /sys/devices/system/cpu/cpu21/cpu_capacity
[07Feb2025 10:13:53.700] [Render thread/DEBUG] [oshi.util.FileUtil/]: Reading file /sys/devices/system/cpu/cpu21/cache/index2/level
[07Feb2025 10:13:53.700] [Render thread/DEBUG] [oshi.util.FileUtil/]: Reading file /sys/devices/system/cpu/cpu21/cache/index2/level
[07Feb2025 10:13:53.700] [Render thread/DEBUG] [oshi.util.FileUtil/]: Reading file /sys/devices/system/cpu/cpu21/cache/index2/type
[07Feb2025 10:13:53.700] [Render thread/DEBUG] [oshi.util.FileUtil/]: Reading file /sys/devices/system/cpu/cpu21/cache/index2/type
[07Feb2025 10:13:53.700] [Render thread/DEBUG] [oshi.util.FileUtil/]: Reading file /sys/devices/system/cpu/cpu21/cache/index2/ways_of_associativity
[07Feb2025 10:13:53.700] [Render thread/DEBUG] [oshi.util.FileUtil/]: Reading file /sys/devices/system/cpu/cpu21/cache/index2/ways_of_associativity
[07Feb2025 10:13:53.700] [Render thread/DEBUG] [oshi.util.FileUtil/]: Reading file /sys/devices/system/cpu/cpu21/cache/index2/coherency_line_size
[07Feb2025 10:13:53.700] [Render thread/DEBUG] [oshi.util.FileUtil/]: Reading file /sys/devices/system/cpu/cpu21/cache/index2/coherency_line_size
[07Feb2025 10:13:53.700] [Render thread/DEBUG] [oshi.util.FileUtil/]: Reading file /sys/devices/system/cpu/cpu21/cache/index2/size
[07Feb2025 10:13:53.700] [Render thread/DEBUG] [oshi.util.FileUtil/]: Reading file /sys/devices/system/cpu/cpu21/cache/index2/size
[07Feb2025 10:13:53.700] [Render thread/DEBUG] [oshi.util.FileUtil/]: Reading file /sys/devices/system/cpu/cpu21/cache/index0/level
[07Feb2025 10:13:53.700] [Render thread/DEBUG] [oshi.util.FileUtil/]: Reading file /sys/devices/system/cpu/cpu21/cache/index0/level
[07Feb2025 10:13:53.701] [Render thread/DEBUG] [oshi.util.FileUtil/]: Reading file /sys/devices/system/cpu/cpu21/cache/index0/type
[07Feb2025 10:13:53.701] [Render thread/DEBUG] [oshi.util.FileUtil/]: Reading file /sys/devices/system/cpu/cpu21/cache/index0/type
[07Feb2025 10:13:53.701] [Render thread/DEBUG] [oshi.util.FileUtil/]: Reading file /sys/devices/system/cpu/cpu21/cache/index0/ways_of_associativity
[07Feb2025 10:13:53.701] [Render thread/DEBUG] [oshi.util.FileUtil/]: Reading file /sys/devices/system/cpu/cpu21/cache/index0/ways_of_associativity
[07Feb2025 10:13:53.701] [Render thread/DEBUG] [oshi.util.FileUtil/]: Reading file /sys/devices/system/cpu/cpu21/cache/index0/coherency_line_size
[07Feb2025 10:13:53.701] [Render thread/DEBUG] [oshi.util.FileUtil/]: Reading file /sys/devices/system/cpu/cpu21/cache/index0/coherency_line_size
[07Feb2025 10:13:53.701] [Render thread/DEBUG] [oshi.util.FileUtil/]: Reading file /sys/devices/system/cpu/cpu21/cache/index0/size
[07Feb2025 10:13:53.701] [Render thread/DEBUG] [oshi.util.FileUtil/]: Reading file /sys/devices/system/cpu/cpu21/cache/index0/size
[07Feb2025 10:13:53.701] [Render thread/DEBUG] [oshi.util.FileUtil/]: Reading file /sys/devices/system/cpu/cpu21/cache/index3/level
[07Feb2025 10:13:53.701] [Render thread/DEBUG] [oshi.util.FileUtil/]: Reading file /sys/devices/system/cpu/cpu21/cache/index3/level
[07Feb2025 10:13:53.701] [Render thread/DEBUG] [oshi.util.FileUtil/]: Reading file /sys/devices/system/cpu/cpu21/cache/index3/type
[07Feb2025 10:13:53.701] [Render thread/DEBUG] [oshi.util.FileUtil/]: Reading file /sys/devices/system/cpu/cpu21/cache/index3/type
[07Feb2025 10:13:53.701] [Render thread/DEBUG] [oshi.util.FileUtil/]: Reading file /sys/devices/system/cpu/cpu21/cache/index3/ways_of_associativity
[07Feb2025 10:13:53.701] [Render thread/DEBUG] [oshi.util.FileUtil/]: Reading file /sys/devices/system/cpu/cpu21/cache/index3/ways_of_associativity
[07Feb2025 10:13:53.701] [Render thread/DEBUG] [oshi.util.FileUtil/]: Reading file /sys/devices/system/cpu/cpu21/cache/index3/coherency_line_size
[07Feb2025 10:13:53.701] [Render thread/DEBUG] [oshi.util.FileUtil/]: Reading file /sys/devices/system/cpu/cpu21/cache/index3/coherency_line_size
[07Feb2025 10:13:53.701] [Render thread/DEBUG] [oshi.util.FileUtil/]: Reading file /sys/devices/system/cpu/cpu21/cache/index3/size
[07Feb2025 10:13:53.701] [Render thread/DEBUG] [oshi.util.FileUtil/]: Reading file /sys/devices/system/cpu/cpu21/cache/index3/size
[07Feb2025 10:13:53.701] [Render thread/DEBUG] [oshi.util.FileUtil/]: Reading file /sys/devices/system/cpu/cpu21/cache/index1/level
[07Feb2025 10:13:53.701] [Render thread/DEBUG] [oshi.util.FileUtil/]: Reading file /sys/devices/system/cpu/cpu21/cache/index1/level
[07Feb2025 10:13:53.701] [Render thread/DEBUG] [oshi.util.FileUtil/]: Reading file /sys/devices/system/cpu/cpu21/cache/index1/type
[07Feb2025 10:13:53.701] [Render thread/DEBUG] [oshi.util.FileUtil/]: Reading file /sys/devices/system/cpu/cpu21/cache/index1/type
[07Feb2025 10:13:53.701] [Render thread/DEBUG] [oshi.util.FileUtil/]: Reading file /sys/devices/system/cpu/cpu21/cache/index1/ways_of_associativity
[07Feb2025 10:13:53.701] [Render thread/DEBUG] [oshi.util.FileUtil/]: Reading file /sys/devices/system/cpu/cpu21/cache/index1/ways_of_associativity
[07Feb2025 10:13:53.701] [Render thread/DEBUG] [oshi.util.FileUtil/]: Reading file /sys/devices/system/cpu/cpu21/cache/index1/coherency_line_size
[07Feb2025 10:13:53.701] [Render thread/DEBUG] [oshi.util.FileUtil/]: Reading file /sys/devices/system/cpu/cpu21/cache/index1/coherency_line_size
[07Feb2025 10:13:53.701] [Render thread/DEBUG] [oshi.util.FileUtil/]: Reading file /sys/devices/system/cpu/cpu21/cache/index1/size
[07Feb2025 10:13:53.701] [Render thread/DEBUG] [oshi.util.FileUtil/]: Reading file /sys/devices/system/cpu/cpu21/cache/index1/size
[07Feb2025 10:13:53.702] [Render thread/DEBUG] [oshi.util.FileUtil/]: Reading file /sys/devices/system/cpu/cpu22/topology/core_id
[07Feb2025 10:13:53.702] [Render thread/DEBUG] [oshi.util.FileUtil/]: Reading file /sys/devices/system/cpu/cpu22/topology/core_id
[07Feb2025 10:13:53.702] [Render thread/DEBUG] [oshi.util.FileUtil/]: Reading file /sys/devices/system/cpu/cpu22/topology/physical_package_id
[07Feb2025 10:13:53.702] [Render thread/DEBUG] [oshi.util.FileUtil/]: Reading file /sys/devices/system/cpu/cpu22/topology/physical_package_id
[07Feb2025 10:13:53.702] [Render thread/DEBUG] [oshi.util.FileUtil/]: Reading file /sys/devices/system/cpu/cpu22/cpu_capacity
[07Feb2025 10:13:53.702] [Render thread/DEBUG] [oshi.util.FileUtil/]: Reading file /sys/devices/system/cpu/cpu22/cache/index2/level
[07Feb2025 10:13:53.702] [Render thread/DEBUG] [oshi.util.FileUtil/]: Reading file /sys/devices/system/cpu/cpu22/cache/index2/level
[07Feb2025 10:13:53.702] [Render thread/DEBUG] [oshi.util.FileUtil/]: Reading file /sys/devices/system/cpu/cpu22/cache/index2/type
[07Feb2025 10:13:53.702] [Render thread/DEBUG] [oshi.util.FileUtil/]: Reading file /sys/devices/system/cpu/cpu22/cache/index2/type
[07Feb2025 10:13:53.702] [Render thread/DEBUG] [oshi.util.FileUtil/]: Reading file /sys/devices/system/cpu/cpu22/cache/index2/ways_of_associativity
[07Feb2025 10:13:53.702] [Render thread/DEBUG] [oshi.util.FileUtil/]: Reading file /sys/devices/system/cpu/cpu22/cache/index2/ways_of_associativity
[07Feb2025 10:13:53.702] [Render thread/DEBUG] [oshi.util.FileUtil/]: Reading file /sys/devices/system/cpu/cpu22/cache/index2/coherency_line_size
[07Feb2025 10:13:53.702] [Render thread/DEBUG] [oshi.util.FileUtil/]: Reading file /sys/devices/system/cpu/cpu22/cache/index2/coherency_line_size
[07Feb2025 10:13:53.702] [Render thread/DEBUG] [oshi.util.FileUtil/]: Reading file /sys/devices/system/cpu/cpu22/cache/index2/size
[07Feb2025 10:13:53.702] [Render thread/DEBUG] [oshi.util.FileUtil/]: Reading file /sys/devices/system/cpu/cpu22/cache/index2/size
[07Feb2025 10:13:53.702] [Render thread/DEBUG] [oshi.util.FileUtil/]: Reading file /sys/devices/system/cpu/cpu22/cache/index0/level
[07Feb2025 10:13:53.702] [Render thread/DEBUG] [oshi.util.FileUtil/]: Reading file /sys/devices/system/cpu/cpu22/cache/index0/level
[07Feb2025 10:13:53.702] [Render thread/DEBUG] [oshi.util.FileUtil/]: Reading file /sys/devices/system/cpu/cpu22/cache/index0/type
[07Feb2025 10:13:53.702] [Render thread/DEBUG] [oshi.util.FileUtil/]: Reading file /sys/devices/system/cpu/cpu22/cache/index0/type
[07Feb2025 10:13:53.702] [Render thread/DEBUG] [oshi.util.FileUtil/]: Reading file /sys/devices/system/cpu/cpu22/cache/index0/ways_of_associativity
[07Feb2025 10:13:53.703] [Render thread/DEBUG] [oshi.util.FileUtil/]: Reading file /sys/devices/system/cpu/cpu22/cache/index0/ways_of_associativity
[07Feb2025 10:13:53.703] [Render thread/DEBUG] [oshi.util.FileUtil/]: Reading file /sys/devices/system/cpu/cpu22/cache/index0/coherency_line_size
[07Feb2025 10:13:53.703] [Render thread/DEBUG] [oshi.util.FileUtil/]: Reading file /sys/devices/system/cpu/cpu22/cache/index0/coherency_line_size
[07Feb2025 10:13:53.703] [Render thread/DEBUG] [oshi.util.FileUtil/]: Reading file /sys/devices/system/cpu/cpu22/cache/index0/size
[07Feb2025 10:13:53.703] [Render thread/DEBUG] [oshi.util.FileUtil/]: Reading file /sys/devices/system/cpu/cpu22/cache/index0/size
[07Feb2025 10:13:53.703] [Render thread/DEBUG] [oshi.util.FileUtil/]: Reading file /sys/devices/system/cpu/cpu22/cache/index3/level
[07Feb2025 10:13:53.703] [Render thread/DEBUG] [oshi.util.FileUtil/]: Reading file /sys/devices/system/cpu/cpu22/cache/index3/level
[07Feb2025 10:13:53.703] [Render thread/DEBUG] [oshi.util.FileUtil/]: Reading file /sys/devices/system/cpu/cpu22/cache/index3/type
[07Feb2025 10:13:53.703] [Render thread/DEBUG] [oshi.util.FileUtil/]: Reading file /sys/devices/system/cpu/cpu22/cache/index3/type
[07Feb2025 10:13:53.703] [Render thread/DEBUG] [oshi.util.FileUtil/]: Reading file /sys/devices/system/cpu/cpu22/cache/index3/ways_of_associativity
[07Feb2025 10:13:53.703] [Render thread/DEBUG] [oshi.util.FileUtil/]: Reading file /sys/devices/system/cpu/cpu22/cache/index3/ways_of_associativity
[07Feb2025 10:13:53.703] [Render thread/DEBUG] [oshi.util.FileUtil/]: Reading file /sys/devices/system/cpu/cpu22/cache/index3/coherency_line_size
[07Feb2025 10:13:53.703] [Render thread/DEBUG] [oshi.util.FileUtil/]: Reading file /sys/devices/system/cpu/cpu22/cache/index3/coherency_line_size
[07Feb2025 10:13:53.703] [Render thread/DEBUG] [oshi.util.FileUtil/]: Reading file /sys/devices/system/cpu/cpu22/cache/index3/size
[07Feb2025 10:13:53.703] [Render thread/DEBUG] [oshi.util.FileUtil/]: Reading file /sys/devices/system/cpu/cpu22/cache/index3/size
[07Feb2025 10:13:53.703] [Render thread/DEBUG] [oshi.util.FileUtil/]: Reading file /sys/devices/system/cpu/cpu22/cache/index1/level
[07Feb2025 10:13:53.703] [Render thread/DEBUG] [oshi.util.FileUtil/]: Reading file /sys/devices/system/cpu/cpu22/cache/index1/level
[07Feb2025 10:13:53.703] [Render thread/DEBUG] [oshi.util.FileUtil/]: Reading file /sys/devices/system/cpu/cpu22/cache/index1/type
[07Feb2025 10:13:53.703] [Render thread/DEBUG] [oshi.util.FileUtil/]: Reading file /sys/devices/system/cpu/cpu22/cache/index1/type
[07Feb2025 10:13:53.703] [Render thread/DEBUG] [oshi.util.FileUtil/]: Reading file /sys/devices/system/cpu/cpu22/cache/index1/ways_of_associativity
[07Feb2025 10:13:53.703] [Render thread/DEBUG] [oshi.util.FileUtil/]: Reading file /sys/devices/system/cpu/cpu22/cache/index1/ways_of_associativity
[07Feb2025 10:13:53.703] [Render thread/DEBUG] [oshi.util.FileUtil/]: Reading file /sys/devices/system/cpu/cpu22/cache/index1/coherency_line_size
[07Feb2025 10:13:53.703] [Render thread/DEBUG] [oshi.util.FileUtil/]: Reading file /sys/devices/system/cpu/cpu22/cache/index1/coherency_line_size
[07Feb2025 10:13:53.703] [Render thread/DEBUG] [oshi.util.FileUtil/]: Reading file /sys/devices/system/cpu/cpu22/cache/index1/size
[07Feb2025 10:13:53.703] [Render thread/DEBUG] [oshi.util.FileUtil/]: Reading file /sys/devices/system/cpu/cpu22/cache/index1/size
[07Feb2025 10:13:53.704] [Render thread/DEBUG] [oshi.util.FileUtil/]: Reading file /sys/devices/system/cpu/cpu23/topology/core_id
[07Feb2025 10:13:53.704] [Render thread/DEBUG] [oshi.util.FileUtil/]: Reading file /sys/devices/system/cpu/cpu23/topology/core_id
[07Feb2025 10:13:53.704] [Render thread/DEBUG] [oshi.util.FileUtil/]: Reading file /sys/devices/system/cpu/cpu23/topology/physical_package_id
[07Feb2025 10:13:53.704] [Render thread/DEBUG] [oshi.util.FileUtil/]: Reading file /sys/devices/system/cpu/cpu23/topology/physical_package_id
[07Feb2025 10:13:53.704] [Render thread/DEBUG] [oshi.util.FileUtil/]: Reading file /sys/devices/system/cpu/cpu23/cpu_capacity
[07Feb2025 10:13:53.704] [Render thread/DEBUG] [oshi.util.FileUtil/]: Reading file /sys/devices/system/cpu/cpu23/cache/index2/level
[07Feb2025 10:13:53.704] [Render thread/DEBUG] [oshi.util.FileUtil/]: Reading file /sys/devices/system/cpu/cpu23/cache/index2/level
[07Feb2025 10:13:53.704] [Render thread/DEBUG] [oshi.util.FileUtil/]: Reading file /sys/devices/system/cpu/cpu23/cache/index2/type
[07Feb2025 10:13:53.704] [Render thread/DEBUG] [oshi.util.FileUtil/]: Reading file /sys/devices/system/cpu/cpu23/cache/index2/type
[07Feb2025 10:13:53.704] [Render thread/DEBUG] [oshi.util.FileUtil/]: Reading file /sys/devices/system/cpu/cpu23/cache/index2/ways_of_associativity
[07Feb2025 10:13:53.704] [Render thread/DEBUG] [oshi.util.FileUtil/]: Reading file /sys/devices/system/cpu/cpu23/cache/index2/ways_of_associativity
[07Feb2025 10:13:53.704] [Render thread/DEBUG] [oshi.util.FileUtil/]: Reading file /sys/devices/system/cpu/cpu23/cache/index2/coherency_line_size
[07Feb2025 10:13:53.704] [Render thread/DEBUG] [oshi.util.FileUtil/]: Reading file /sys/devices/system/cpu/cpu23/cache/index2/coherency_line_size
[07Feb2025 10:13:53.704] [Render thread/DEBUG] [oshi.util.FileUtil/]: Reading file /sys/devices/system/cpu/cpu23/cache/index2/size
[07Feb2025 10:13:53.704] [Render thread/DEBUG] [oshi.util.FileUtil/]: Reading file /sys/devices/system/cpu/cpu23/cache/index2/size
[07Feb2025 10:13:53.704] [Render thread/DEBUG] [oshi.util.FileUtil/]: Reading file /sys/devices/system/cpu/cpu23/cache/index0/level
[07Feb2025 10:13:53.704] [Render thread/DEBUG] [oshi.util.FileUtil/]: Reading file /sys/devices/system/cpu/cpu23/cache/index0/level
[07Feb2025 10:13:53.704] [Render thread/DEBUG] [oshi.util.FileUtil/]: Reading file /sys/devices/system/cpu/cpu23/cache/index0/type
[07Feb2025 10:13:53.704] [Render thread/DEBUG] [oshi.util.FileUtil/]: Reading file /sys/devices/system/cpu/cpu23/cache/index0/type
[07Feb2025 10:13:53.704] [Render thread/DEBUG] [oshi.util.FileUtil/]: Reading file /sys/devices/system/cpu/cpu23/cache/index0/ways_of_associativity
[07Feb2025 10:13:53.704] [Render thread/DEBUG] [oshi.util.FileUtil/]: Reading file /sys/devices/system/cpu/cpu23/cache/index0/ways_of_associativity
[07Feb2025 10:13:53.704] [Render thread/DEBUG] [oshi.util.FileUtil/]: Reading file /sys/devices/system/cpu/cpu23/cache/index0/coherency_line_size
[07Feb2025 10:13:53.705] [Render thread/DEBUG] [oshi.util.FileUtil/]: Reading file /sys/devices/system/cpu/cpu23/cache/index0/coherency_line_size
[07Feb2025 10:13:53.705] [Render thread/DEBUG] [oshi.util.FileUtil/]: Reading file /sys/devices/system/cpu/cpu23/cache/index0/size
[07Feb2025 10:13:53.705] [Render thread/DEBUG] [oshi.util.FileUtil/]: Reading file /sys/devices/system/cpu/cpu23/cache/index0/size
[07Feb2025 10:13:53.705] [Render thread/DEBUG] [oshi.util.FileUtil/]: Reading file /sys/devices/system/cpu/cpu23/cache/index3/level
[07Feb2025 10:13:53.705] [Render thread/DEBUG] [oshi.util.FileUtil/]: Reading file /sys/devices/system/cpu/cpu23/cache/index3/level
[07Feb2025 10:13:53.705] [Render thread/DEBUG] [oshi.util.FileUtil/]: Reading file /sys/devices/system/cpu/cpu23/cache/index3/type
[07Feb2025 10:13:53.705] [Render thread/DEBUG] [oshi.util.FileUtil/]: Reading file /sys/devices/system/cpu/cpu23/cache/index3/type
[07Feb2025 10:13:53.705] [Render thread/DEBUG] [oshi.util.FileUtil/]: Reading file /sys/devices/system/cpu/cpu23/cache/index3/ways_of_associativity
[07Feb2025 10:13:53.705] [Render thread/DEBUG] [oshi.util.FileUtil/]: Reading file /sys/devices/system/cpu/cpu23/cache/index3/ways_of_associativity
[07Feb2025 10:13:53.705] [Render thread/DEBUG] [oshi.util.FileUtil/]: Reading file /sys/devices/system/cpu/cpu23/cache/index3/coherency_line_size
[07Feb2025 10:13:53.705] [Render thread/DEBUG] [oshi.util.FileUtil/]: Reading file /sys/devices/system/cpu/cpu23/cache/index3/coherency_line_size
[07Feb2025 10:13:53.705] [Render thread/DEBUG] [oshi.util.FileUtil/]: Reading file /sys/devices/system/cpu/cpu23/cache/index3/size
[07Feb2025 10:13:53.705] [Render thread/DEBUG] [oshi.util.FileUtil/]: Reading file /sys/devices/system/cpu/cpu23/cache/index3/size
[07Feb2025 10:13:53.705] [Render thread/DEBUG] [oshi.util.FileUtil/]: Reading file /sys/devices/system/cpu/cpu23/cache/index1/level
[07Feb2025 10:13:53.705] [Render thread/DEBUG] [oshi.util.FileUtil/]: Reading file /sys/devices/system/cpu/cpu23/cache/index1/level
[07Feb2025 10:13:53.705] [Render thread/DEBUG] [oshi.util.FileUtil/]: Reading file /sys/devices/system/cpu/cpu23/cache/index1/type
[07Feb2025 10:13:53.705] [Render thread/DEBUG] [oshi.util.FileUtil/]: Reading file /sys/devices/system/cpu/cpu23/cache/index1/type
[07Feb2025 10:13:53.705] [Render thread/DEBUG] [oshi.util.FileUtil/]: Reading file /sys/devices/system/cpu/cpu23/cache/index1/ways_of_associativity
[07Feb2025 10:13:53.705] [Render thread/DEBUG] [oshi.util.FileUtil/]: Reading file /sys/devices/system/cpu/cpu23/cache/index1/ways_of_associativity
[07Feb2025 10:13:53.705] [Render thread/DEBUG] [oshi.util.FileUtil/]: Reading file /sys/devices/system/cpu/cpu23/cache/index1/coherency_line_size
[07Feb2025 10:13:53.705] [Render thread/DEBUG] [oshi.util.FileUtil/]: Reading file /sys/devices/system/cpu/cpu23/cache/index1/coherency_line_size
[07Feb2025 10:13:53.705] [Render thread/DEBUG] [oshi.util.FileUtil/]: Reading file /sys/devices/system/cpu/cpu23/cache/index1/size
[07Feb2025 10:13:53.705] [Render thread/DEBUG] [oshi.util.FileUtil/]: Reading file /sys/devices/system/cpu/cpu23/cache/index1/size
[07Feb2025 10:13:53.706] [Render thread/DEBUG] [oshi.util.FileUtil/]: Reading file /sys/devices/system/cpu/cpu3/topology/core_id
[07Feb2025 10:13:53.706] [Render thread/DEBUG] [oshi.util.FileUtil/]: Reading file /sys/devices/system/cpu/cpu3/topology/core_id
[07Feb2025 10:13:53.706] [Render thread/DEBUG] [oshi.util.FileUtil/]: Reading file /sys/devices/system/cpu/cpu3/topology/physical_package_id
[07Feb2025 10:13:53.706] [Render thread/DEBUG] [oshi.util.FileUtil/]: Reading file /sys/devices/system/cpu/cpu3/topology/physical_package_id
[07Feb2025 10:13:53.706] [Render thread/DEBUG] [oshi.util.FileUtil/]: Reading file /sys/devices/system/cpu/cpu3/cpu_capacity
[07Feb2025 10:13:53.706] [Render thread/DEBUG] [oshi.util.FileUtil/]: Reading file /sys/devices/system/cpu/cpu3/cache/index2/level
[07Feb2025 10:13:53.706] [Render thread/DEBUG] [oshi.util.FileUtil/]: Reading file /sys/devices/system/cpu/cpu3/cache/index2/level
[07Feb2025 10:13:53.706] [Render thread/DEBUG] [oshi.util.FileUtil/]: Reading file /sys/devices/system/cpu/cpu3/cache/index2/type
[07Feb2025 10:13:53.706] [Render thread/DEBUG] [oshi.util.FileUtil/]: Reading file /sys/devices/system/cpu/cpu3/cache/index2/type
[07Feb2025 10:13:53.706] [Render thread/DEBUG] [oshi.util.FileUtil/]: Reading file /sys/devices/system/cpu/cpu3/cache/index2/ways_of_associativity
[07Feb2025 10:13:53.706] [Render thread/DEBUG] [oshi.util.FileUtil/]: Reading file /sys/devices/system/cpu/cpu3/cache/index2/ways_of_associativity
[07Feb2025 10:13:53.706] [Render thread/DEBUG] [oshi.util.FileUtil/]: Reading file /sys/devices/system/cpu/cpu3/cache/index2/coherency_line_size
[07Feb2025 10:13:53.706] [Render thread/DEBUG] [oshi.util.FileUtil/]: Reading file /sys/devices/system/cpu/cpu3/cache/index2/coherency_line_size
[07Feb2025 10:13:53.706] [Render thread/DEBUG] [oshi.util.FileUtil/]: Reading file /sys/devices/system/cpu/cpu3/cache/index2/size
[07Feb2025 10:13:53.706] [Render thread/DEBUG] [oshi.util.FileUtil/]: Reading file /sys/devices/system/cpu/cpu3/cache/index2/size
[07Feb2025 10:13:53.706] [Render thread/DEBUG] [oshi.util.FileUtil/]: Reading file /sys/devices/system/cpu/cpu3/cache/index0/level
[07Feb2025 10:13:53.707] [Render thread/DEBUG] [oshi.util.FileUtil/]: Reading file /sys/devices/system/cpu/cpu3/cache/index0/level
[07Feb2025 10:13:53.707] [Render thread/DEBUG] [oshi.util.FileUtil/]: Reading file /sys/devices/system/cpu/cpu3/cache/index0/type
[07Feb2025 10:13:53.707] [Render thread/DEBUG] [oshi.util.FileUtil/]: Reading file /sys/devices/system/cpu/cpu3/cache/index0/type
[07Feb2025 10:13:53.707] [Render thread/DEBUG] [oshi.util.FileUtil/]: Reading file /sys/devices/system/cpu/cpu3/cache/index0/ways_of_associativity
[07Feb2025 10:13:53.707] [Render thread/DEBUG] [oshi.util.FileUtil/]: Reading file /sys/devices/system/cpu/cpu3/cache/index0/ways_of_associativity
[07Feb2025 10:13:53.707] [Render thread/DEBUG] [oshi.util.FileUtil/]: Reading file /sys/devices/system/cpu/cpu3/cache/index0/coherency_line_size
[07Feb2025 10:13:53.707] [Render thread/DEBUG] [oshi.util.FileUtil/]: Reading file /sys/devices/system/cpu/cpu3/cache/index0/coherency_line_size
[07Feb2025 10:13:53.707] [Render thread/DEBUG] [oshi.util.FileUtil/]: Reading file /sys/devices/system/cpu/cpu3/cache/index0/size
[07Feb2025 10:13:53.707] [Render thread/DEBUG] [oshi.util.FileUtil/]: Reading file /sys/devices/system/cpu/cpu3/cache/index0/size
[07Feb2025 10:13:53.707] [Render thread/DEBUG] [oshi.util.FileUtil/]: Reading file /sys/devices/system/cpu/cpu3/cache/index3/level
[07Feb2025 10:13:53.707] [Render thread/DEBUG] [oshi.util.FileUtil/]: Reading file /sys/devices/system/cpu/cpu3/cache/index3/level
[07Feb2025 10:13:53.707] [Render thread/DEBUG] [oshi.util.FileUtil/]: Reading file /sys/devices/system/cpu/cpu3/cache/index3/type
[07Feb2025 10:13:53.707] [Render thread/DEBUG] [oshi.util.FileUtil/]: Reading file /sys/devices/system/cpu/cpu3/cache/index3/type
[07Feb2025 10:13:53.707] [Render thread/DEBUG] [oshi.util.FileUtil/]: Reading file /sys/devices/system/cpu/cpu3/cache/index3/ways_of_associativity
[07Feb2025 10:13:53.707] [Render thread/DEBUG] [oshi.util.FileUtil/]: Reading file /sys/devices/system/cpu/cpu3/cache/index3/ways_of_associativity
[07Feb2025 10:13:53.707] [Render thread/DEBUG] [oshi.util.FileUtil/]: Reading file /sys/devices/system/cpu/cpu3/cache/index3/coherency_line_size
[07Feb2025 10:13:53.707] [Render thread/DEBUG] [oshi.util.FileUtil/]: Reading file /sys/devices/system/cpu/cpu3/cache/index3/coherency_line_size
[07Feb2025 10:13:53.707] [Render thread/DEBUG] [oshi.util.FileUtil/]: Reading file /sys/devices/system/cpu/cpu3/cache/index3/size
[07Feb2025 10:13:53.707] [Render thread/DEBUG] [oshi.util.FileUtil/]: Reading file /sys/devices/system/cpu/cpu3/cache/index3/size
[07Feb2025 10:13:53.708] [Render thread/DEBUG] [oshi.util.FileUtil/]: Reading file /sys/devices/system/cpu/cpu3/cache/index1/level
[07Feb2025 10:13:53.708] [Render thread/DEBUG] [oshi.util.FileUtil/]: Reading file /sys/devices/system/cpu/cpu3/cache/index1/level
[07Feb2025 10:13:53.708] [Render thread/DEBUG] [oshi.util.FileUtil/]: Reading file /sys/devices/system/cpu/cpu3/cache/index1/type
[07Feb2025 10:13:53.708] [Render thread/DEBUG] [oshi.util.FileUtil/]: Reading file /sys/devices/system/cpu/cpu3/cache/index1/type
[07Feb2025 10:13:53.708] [Render thread/DEBUG] [oshi.util.FileUtil/]: Reading file /sys/devices/system/cpu/cpu3/cache/index1/ways_of_associativity
[07Feb2025 10:13:53.708] [Render thread/DEBUG] [oshi.util.FileUtil/]: Reading file /sys/devices/system/cpu/cpu3/cache/index1/ways_of_associativity
[07Feb2025 10:13:53.708] [Render thread/DEBUG] [oshi.util.FileUtil/]: Reading file /sys/devices/system/cpu/cpu3/cache/index1/coherency_line_size
[07Feb2025 10:13:53.708] [Render thread/DEBUG] [oshi.util.FileUtil/]: Reading file /sys/devices/system/cpu/cpu3/cache/index1/coherency_line_size
[07Feb2025 10:13:53.708] [Render thread/DEBUG] [oshi.util.FileUtil/]: Reading file /sys/devices/system/cpu/cpu3/cache/index1/size
[07Feb2025 10:13:53.708] [Render thread/DEBUG] [oshi.util.FileUtil/]: Reading file /sys/devices/system/cpu/cpu3/cache/index1/size
[07Feb2025 10:13:53.708] [Render thread/DEBUG] [oshi.util.FileUtil/]: Reading file /sys/devices/system/cpu/cpu4/topology/core_id
[07Feb2025 10:13:53.708] [Render thread/DEBUG] [oshi.util.FileUtil/]: Reading file /sys/devices/system/cpu/cpu4/topology/core_id
[07Feb2025 10:13:53.708] [Render thread/DEBUG] [oshi.util.FileUtil/]: Reading file /sys/devices/system/cpu/cpu4/topology/physical_package_id
[07Feb2025 10:13:53.708] [Render thread/DEBUG] [oshi.util.FileUtil/]: Reading file /sys/devices/system/cpu/cpu4/topology/physical_package_id
[07Feb2025 10:13:53.708] [Render thread/DEBUG] [oshi.util.FileUtil/]: Reading file /sys/devices/system/cpu/cpu4/cpu_capacity
[07Feb2025 10:13:53.709] [Render thread/DEBUG] [oshi.util.FileUtil/]: Reading file /sys/devices/system/cpu/cpu4/cache/index2/level
[07Feb2025 10:13:53.709] [Render thread/DEBUG] [oshi.util.FileUtil/]: Reading file /sys/devices/system/cpu/cpu4/cache/index2/level
[07Feb2025 10:13:53.709] [Render thread/DEBUG] [oshi.util.FileUtil/]: Reading file /sys/devices/system/cpu/cpu4/cache/index2/type
[07Feb2025 10:13:53.709] [Render thread/DEBUG] [oshi.util.FileUtil/]: Reading file /sys/devices/system/cpu/cpu4/cache/index2/type
[07Feb2025 10:13:53.709] [Render thread/DEBUG] [oshi.util.FileUtil/]: Reading file /sys/devices/system/cpu/cpu4/cache/index2/ways_of_associativity
[07Feb2025 10:13:53.709] [Render thread/DEBUG] [oshi.util.FileUtil/]: Reading file /sys/devices/system/cpu/cpu4/cache/index2/ways_of_associativity
[07Feb2025 10:13:53.709] [Render thread/DEBUG] [oshi.util.FileUtil/]: Reading file /sys/devices/system/cpu/cpu4/cache/index2/coherency_line_size
[07Feb2025 10:13:53.709] [Render thread/DEBUG] [oshi.util.FileUtil/]: Reading file /sys/devices/system/cpu/cpu4/cache/index2/coherency_line_size
[07Feb2025 10:13:53.709] [Render thread/DEBUG] [oshi.util.FileUtil/]: Reading file /sys/devices/system/cpu/cpu4/cache/index2/size
[07Feb2025 10:13:53.709] [Render thread/DEBUG] [oshi.util.FileUtil/]: Reading file /sys/devices/system/cpu/cpu4/cache/index2/size
[07Feb2025 10:13:53.709] [Render thread/DEBUG] [oshi.util.FileUtil/]: Reading file /sys/devices/system/cpu/cpu4/cache/index0/level
[07Feb2025 10:13:53.709] [Render thread/DEBUG] [oshi.util.FileUtil/]: Reading file /sys/devices/system/cpu/cpu4/cache/index0/level
[07Feb2025 10:13:53.709] [Render thread/DEBUG] [oshi.util.FileUtil/]: Reading file /sys/devices/system/cpu/cpu4/cache/index0/type
[07Feb2025 10:13:53.709] [Render thread/DEBUG] [oshi.util.FileUtil/]: Reading file /sys/devices/system/cpu/cpu4/cache/index0/type
[07Feb2025 10:13:53.709] [Render thread/DEBUG] [oshi.util.FileUtil/]: Reading file /sys/devices/system/cpu/cpu4/cache/index0/ways_of_associativity
[07Feb2025 10:13:53.709] [Render thread/DEBUG] [oshi.util.FileUtil/]: Reading file /sys/devices/system/cpu/cpu4/cache/index0/ways_of_associativity
[07Feb2025 10:13:53.709] [Render thread/DEBUG] [oshi.util.FileUtil/]: Reading file /sys/devices/system/cpu/cpu4/cache/index0/coherency_line_size
[07Feb2025 10:13:53.710] [Render thread/DEBUG] [oshi.util.FileUtil/]: Reading file /sys/devices/system/cpu/cpu4/cache/index0/coherency_line_size
[07Feb2025 10:13:53.710] [Render thread/DEBUG] [oshi.util.FileUtil/]: Reading file /sys/devices/system/cpu/cpu4/cache/index0/size
[07Feb2025 10:13:53.710] [Render thread/DEBUG] [oshi.util.FileUtil/]: Reading file /sys/devices/system/cpu/cpu4/cache/index0/size
[07Feb2025 10:13:53.710] [Render thread/DEBUG] [oshi.util.FileUtil/]: Reading file /sys/devices/system/cpu/cpu4/cache/index3/level
[07Feb2025 10:13:53.710] [Render thread/DEBUG] [oshi.util.FileUtil/]: Reading file /sys/devices/system/cpu/cpu4/cache/index3/level
[07Feb2025 10:13:53.710] [Render thread/DEBUG] [oshi.util.FileUtil/]: Reading file /sys/devices/system/cpu/cpu4/cache/index3/type
[07Feb2025 10:13:53.710] [Render thread/DEBUG] [oshi.util.FileUtil/]: Reading file /sys/devices/system/cpu/cpu4/cache/index3/type
[07Feb2025 10:13:53.710] [Render thread/DEBUG] [oshi.util.FileUtil/]: Reading file /sys/devices/system/cpu/cpu4/cache/index3/ways_of_associativity
[07Feb2025 10:13:53.710] [Render thread/DEBUG] [oshi.util.FileUtil/]: Reading file /sys/devices/system/cpu/cpu4/cache/index3/ways_of_associativity
[07Feb2025 10:13:53.710] [Render thread/DEBUG] [oshi.util.FileUtil/]: Reading file /sys/devices/system/cpu/cpu4/cache/index3/coherency_line_size
[07Feb2025 10:13:53.710] [Render thread/DEBUG] [oshi.util.FileUtil/]: Reading file /sys/devices/system/cpu/cpu4/cache/index3/coherency_line_size
[07Feb2025 10:13:53.710] [Render thread/DEBUG] [oshi.util.FileUtil/]: Reading file /sys/devices/system/cpu/cpu4/cache/index3/size
[07Feb2025 10:13:53.710] [Render thread/DEBUG] [oshi.util.FileUtil/]: Reading file /sys/devices/system/cpu/cpu4/cache/index3/size
[07Feb2025 10:13:53.710] [Render thread/DEBUG] [oshi.util.FileUtil/]: Reading file /sys/devices/system/cpu/cpu4/cache/index1/level
[07Feb2025 10:13:53.710] [Render thread/DEBUG] [oshi.util.FileUtil/]: Reading file /sys/devices/system/cpu/cpu4/cache/index1/level
[07Feb2025 10:13:53.710] [Render thread/DEBUG] [oshi.util.FileUtil/]: Reading file /sys/devices/system/cpu/cpu4/cache/index1/type
[07Feb2025 10:13:53.710] [Render thread/DEBUG] [oshi.util.FileUtil/]: Reading file /sys/devices/system/cpu/cpu4/cache/index1/type
[07Feb2025 10:13:53.710] [Render thread/DEBUG] [oshi.util.FileUtil/]: Reading file /sys/devices/system/cpu/cpu4/cache/index1/ways_of_associativity
[07Feb2025 10:13:53.710] [Render thread/DEBUG] [oshi.util.FileUtil/]: Reading file /sys/devices/system/cpu/cpu4/cache/index1/ways_of_associativity
[07Feb2025 10:13:53.710] [Render thread/DEBUG] [oshi.util.FileUtil/]: Reading file /sys/devices/system/cpu/cpu4/cache/index1/coherency_line_size
[07Feb2025 10:13:53.710] [Render thread/DEBUG] [oshi.util.FileUtil/]: Reading file /sys/devices/system/cpu/cpu4/cache/index1/coherency_line_size
[07Feb2025 10:13:53.710] [Render thread/DEBUG] [oshi.util.FileUtil/]: Reading file /sys/devices/system/cpu/cpu4/cache/index1/size
[07Feb2025 10:13:53.711] [Render thread/DEBUG] [oshi.util.FileUtil/]: Reading file /sys/devices/system/cpu/cpu4/cache/index1/size
[07Feb2025 10:13:53.711] [Render thread/DEBUG] [oshi.util.FileUtil/]: Reading file /sys/devices/system/cpu/cpu5/topology/core_id
[07Feb2025 10:13:53.711] [Render thread/DEBUG] [oshi.util.FileUtil/]: Reading file /sys/devices/system/cpu/cpu5/topology/core_id
[07Feb2025 10:13:53.711] [Render thread/DEBUG] [oshi.util.FileUtil/]: Reading file /sys/devices/system/cpu/cpu5/topology/physical_package_id
[07Feb2025 10:13:53.711] [Render thread/DEBUG] [oshi.util.FileUtil/]: Reading file /sys/devices/system/cpu/cpu5/topology/physical_package_id
[07Feb2025 10:13:53.711] [Render thread/DEBUG] [oshi.util.FileUtil/]: Reading file /sys/devices/system/cpu/cpu5/cpu_capacity
[07Feb2025 10:13:53.711] [Render thread/DEBUG] [oshi.util.FileUtil/]: Reading file /sys/devices/system/cpu/cpu5/cache/index2/level
[07Feb2025 10:13:53.711] [Render thread/DEBUG] [oshi.util.FileUtil/]: Reading file /sys/devices/system/cpu/cpu5/cache/index2/level
[07Feb2025 10:13:53.711] [Render thread/DEBUG] [oshi.util.FileUtil/]: Reading file /sys/devices/system/cpu/cpu5/cache/index2/type
[07Feb2025 10:13:53.711] [Render thread/DEBUG] [oshi.util.FileUtil/]: Reading file /sys/devices/system/cpu/cpu5/cache/index2/type
[07Feb2025 10:13:53.711] [Render thread/DEBUG] [oshi.util.FileUtil/]: Reading file /sys/devices/system/cpu/cpu5/cache/index2/ways_of_associativity
[07Feb2025 10:13:53.711] [Render thread/DEBUG] [oshi.util.FileUtil/]: Reading file /sys/devices/system/cpu/cpu5/cache/index2/ways_of_associativity
[07Feb2025 10:13:53.711] [Render thread/DEBUG] [oshi.util.FileUtil/]: Reading file /sys/devices/system/cpu/cpu5/cache/index2/coherency_line_size
[07Feb2025 10:13:53.711] [Render thread/DEBUG] [oshi.util.FileUtil/]: Reading file /sys/devices/system/cpu/cpu5/cache/index2/coherency_line_size
[07Feb2025 10:13:53.711] [Render thread/DEBUG] [oshi.util.FileUtil/]: Reading file /sys/devices/system/cpu/cpu5/cache/index2/size
[07Feb2025 10:13:53.712] [Render thread/DEBUG] [oshi.util.FileUtil/]: Reading file /sys/devices/system/cpu/cpu5/cache/index2/size
[07Feb2025 10:13:53.712] [Render thread/DEBUG] [oshi.util.FileUtil/]: Reading file /sys/devices/system/cpu/cpu5/cache/index0/level
[07Feb2025 10:13:53.712] [Render thread/DEBUG] [oshi.util.FileUtil/]: Reading file /sys/devices/system/cpu/cpu5/cache/index0/level
[07Feb2025 10:13:53.712] [Render thread/DEBUG] [oshi.util.FileUtil/]: Reading file /sys/devices/system/cpu/cpu5/cache/index0/type
[07Feb2025 10:13:53.712] [Render thread/DEBUG] [oshi.util.FileUtil/]: Reading file /sys/devices/system/cpu/cpu5/cache/index0/type
[07Feb2025 10:13:53.712] [Render thread/DEBUG] [oshi.util.FileUtil/]: Reading file /sys/devices/system/cpu/cpu5/cache/index0/ways_of_associativity
[07Feb2025 10:13:53.712] [Render thread/DEBUG] [oshi.util.FileUtil/]: Reading file /sys/devices/system/cpu/cpu5/cache/index0/ways_of_associativity
[07Feb2025 10:13:53.712] [Render thread/DEBUG] [oshi.util.FileUtil/]: Reading file /sys/devices/system/cpu/cpu5/cache/index0/coherency_line_size
[07Feb2025 10:13:53.712] [Render thread/DEBUG] [oshi.util.FileUtil/]: Reading file /sys/devices/system/cpu/cpu5/cache/index0/coherency_line_size
[07Feb2025 10:13:53.712] [Render thread/DEBUG] [oshi.util.FileUtil/]: Reading file /sys/devices/system/cpu/cpu5/cache/index0/size
[07Feb2025 10:13:53.712] [Render thread/DEBUG] [oshi.util.FileUtil/]: Reading file /sys/devices/system/cpu/cpu5/cache/index0/size
[07Feb2025 10:13:53.712] [Render thread/DEBUG] [oshi.util.FileUtil/]: Reading file /sys/devices/system/cpu/cpu5/cache/index3/level
[07Feb2025 10:13:53.712] [Render thread/DEBUG] [oshi.util.FileUtil/]: Reading file /sys/devices/system/cpu/cpu5/cache/index3/level
[07Feb2025 10:13:53.712] [Render thread/DEBUG] [oshi.util.FileUtil/]: Reading file /sys/devices/system/cpu/cpu5/cache/index3/type
[07Feb2025 10:13:53.712] [Render thread/DEBUG] [oshi.util.FileUtil/]: Reading file /sys/devices/system/cpu/cpu5/cache/index3/type
[07Feb2025 10:13:53.712] [Render thread/DEBUG] [oshi.util.FileUtil/]: Reading file /sys/devices/system/cpu/cpu5/cache/index3/ways_of_associativity
[07Feb2025 10:13:53.712] [Render thread/DEBUG] [oshi.util.FileUtil/]: Reading file /sys/devices/system/cpu/cpu5/cache/index3/ways_of_associativity
[07Feb2025 10:13:53.712] [Render thread/DEBUG] [oshi.util.FileUtil/]: Reading file /sys/devices/system/cpu/cpu5/cache/index3/coherency_line_size
[07Feb2025 10:13:53.712] [Render thread/DEBUG] [oshi.util.FileUtil/]: Reading file /sys/devices/system/cpu/cpu5/cache/index3/coherency_line_size
[07Feb2025 10:13:53.712] [Render thread/DEBUG] [oshi.util.FileUtil/]: Reading file /sys/devices/system/cpu/cpu5/cache/index3/size
[07Feb2025 10:13:53.713] [Render thread/DEBUG] [oshi.util.FileUtil/]: Reading file /sys/devices/system/cpu/cpu5/cache/index3/size
[07Feb2025 10:13:53.713] [Render thread/DEBUG] [oshi.util.FileUtil/]: Reading file /sys/devices/system/cpu/cpu5/cache/index1/level
[07Feb2025 10:13:53.713] [Render thread/DEBUG] [oshi.util.FileUtil/]: Reading file /sys/devices/system/cpu/cpu5/cache/index1/level
[07Feb2025 10:13:53.713] [Render thread/DEBUG] [oshi.util.FileUtil/]: Reading file /sys/devices/system/cpu/cpu5/cache/index1/type
[07Feb2025 10:13:53.713] [Render thread/DEBUG] [oshi.util.FileUtil/]: Reading file /sys/devices/system/cpu/cpu5/cache/index1/type
[07Feb2025 10:13:53.713] [Render thread/DEBUG] [oshi.util.FileUtil/]: Reading file /sys/devices/system/cpu/cpu5/cache/index1/ways_of_associativity
[07Feb2025 10:13:53.713] [Render thread/DEBUG] [oshi.util.FileUtil/]: Reading file /sys/devices/system/cpu/cpu5/cache/index1/ways_of_associativity
[07Feb2025 10:13:53.713] [Render thread/DEBUG] [oshi.util.FileUtil/]: Reading file /sys/devices/system/cpu/cpu5/cache/index1/coherency_line_size
[07Feb2025 10:13:53.713] [Render thread/DEBUG] [oshi.util.FileUtil/]: Reading file /sys/devices/system/cpu/cpu5/cache/index1/coherency_line_size
[07Feb2025 10:13:53.713] [Render thread/DEBUG] [oshi.util.FileUtil/]: Reading file /sys/devices/system/cpu/cpu5/cache/index1/size
[07Feb2025 10:13:53.713] [Render thread/DEBUG] [oshi.util.FileUtil/]: Reading file /sys/devices/system/cpu/cpu5/cache/index1/size
[07Feb2025 10:13:53.713] [Render thread/DEBUG] [oshi.util.FileUtil/]: Reading file /sys/devices/system/cpu/cpu6/topology/core_id
[07Feb2025 10:13:53.713] [Render thread/DEBUG] [oshi.util.FileUtil/]: Reading file /sys/devices/system/cpu/cpu6/topology/core_id
[07Feb2025 10:13:53.713] [Render thread/DEBUG] [oshi.util.FileUtil/]: Reading file /sys/devices/system/cpu/cpu6/topology/physical_package_id
[07Feb2025 10:13:53.713] [Render thread/DEBUG] [oshi.util.FileUtil/]: Reading file /sys/devices/system/cpu/cpu6/topology/physical_package_id
[07Feb2025 10:13:53.713] [Render thread/DEBUG] [oshi.util.FileUtil/]: Reading file /sys/devices/system/cpu/cpu6/cpu_capacity
[07Feb2025 10:13:53.714] [Render thread/DEBUG] [oshi.util.FileUtil/]: Reading file /sys/devices/system/cpu/cpu6/cache/index2/level
[07Feb2025 10:13:53.714] [Render thread/DEBUG] [oshi.util.FileUtil/]: Reading file /sys/devices/system/cpu/cpu6/cache/index2/level
[07Feb2025 10:13:53.714] [Render thread/DEBUG] [oshi.util.FileUtil/]: Reading file /sys/devices/system/cpu/cpu6/cache/index2/type
[07Feb2025 10:13:53.714] [Render thread/DEBUG] [oshi.util.FileUtil/]: Reading file /sys/devices/system/cpu/cpu6/cache/index2/type
[07Feb2025 10:13:53.714] [Render thread/DEBUG] [oshi.util.FileUtil/]: Reading file /sys/devices/system/cpu/cpu6/cache/index2/ways_of_associativity
[07Feb2025 10:13:53.714] [Render thread/DEBUG] [oshi.util.FileUtil/]: Reading file /sys/devices/system/cpu/cpu6/cache/index2/ways_of_associativity
[07Feb2025 10:13:53.714] [Render thread/DEBUG] [oshi.util.FileUtil/]: Reading file /sys/devices/system/cpu/cpu6/cache/index2/coherency_line_size
[07Feb2025 10:13:53.714] [Render thread/DEBUG] [oshi.util.FileUtil/]: Reading file /sys/devices/system/cpu/cpu6/cache/index2/coherency_line_size
[07Feb2025 10:13:53.714] [Render thread/DEBUG] [oshi.util.FileUtil/]: Reading file /sys/devices/system/cpu/cpu6/cache/index2/size
[07Feb2025 10:13:53.714] [Render thread/DEBUG] [oshi.util.FileUtil/]: Reading file /sys/devices/system/cpu/cpu6/cache/index2/size
[07Feb2025 10:13:53.714] [Render thread/DEBUG] [oshi.util.FileUtil/]: Reading file /sys/devices/system/cpu/cpu6/cache/index0/level
[07Feb2025 10:13:53.714] [Render thread/DEBUG] [oshi.util.FileUtil/]: Reading file /sys/devices/system/cpu/cpu6/cache/index0/level
[07Feb2025 10:13:53.714] [Render thread/DEBUG] [oshi.util.FileUtil/]: Reading file /sys/devices/system/cpu/cpu6/cache/index0/type
[07Feb2025 10:13:53.714] [Render thread/DEBUG] [oshi.util.FileUtil/]: Reading file /sys/devices/system/cpu/cpu6/cache/index0/type
[07Feb2025 10:13:53.714] [Render thread/DEBUG] [oshi.util.FileUtil/]: Reading file /sys/devices/system/cpu/cpu6/cache/index0/ways_of_associativity
[07Feb2025 10:13:53.714] [Render thread/DEBUG] [oshi.util.FileUtil/]: Reading file /sys/devices/system/cpu/cpu6/cache/index0/ways_of_associativity
[07Feb2025 10:13:53.715] [Render thread/DEBUG] [oshi.util.FileUtil/]: Reading file /sys/devices/system/cpu/cpu6/cache/index0/coherency_line_size
[07Feb2025 10:13:53.715] [Render thread/DEBUG] [oshi.util.FileUtil/]: Reading file /sys/devices/system/cpu/cpu6/cache/index0/coherency_line_size
[07Feb2025 10:13:53.715] [Render thread/DEBUG] [oshi.util.FileUtil/]: Reading file /sys/devices/system/cpu/cpu6/cache/index0/size
[07Feb2025 10:13:53.715] [Render thread/DEBUG] [oshi.util.FileUtil/]: Reading file /sys/devices/system/cpu/cpu6/cache/index0/size
[07Feb2025 10:13:53.715] [Render thread/DEBUG] [oshi.util.FileUtil/]: Reading file /sys/devices/system/cpu/cpu6/cache/index3/level
[07Feb2025 10:13:53.715] [Render thread/DEBUG] [oshi.util.FileUtil/]: Reading file /sys/devices/system/cpu/cpu6/cache/index3/level
[07Feb2025 10:13:53.715] [Render thread/DEBUG] [oshi.util.FileUtil/]: Reading file /sys/devices/system/cpu/cpu6/cache/index3/type
[07Feb2025 10:13:53.715] [Render thread/DEBUG] [oshi.util.FileUtil/]: Reading file /sys/devices/system/cpu/cpu6/cache/index3/type
[07Feb2025 10:13:53.715] [Render thread/DEBUG] [oshi.util.FileUtil/]: Reading file /sys/devices/system/cpu/cpu6/cache/index3/ways_of_associativity
[07Feb2025 10:13:53.715] [Render thread/DEBUG] [oshi.util.FileUtil/]: Reading file /sys/devices/system/cpu/cpu6/cache/index3/ways_of_associativity
[07Feb2025 10:13:53.715] [Render thread/DEBUG] [oshi.util.FileUtil/]: Reading file /sys/devices/system/cpu/cpu6/cache/index3/coherency_line_size
[07Feb2025 10:13:53.715] [Render thread/DEBUG] [oshi.util.FileUtil/]: Reading file /sys/devices/system/cpu/cpu6/cache/index3/coherency_line_size
[07Feb2025 10:13:53.715] [Render thread/DEBUG] [oshi.util.FileUtil/]: Reading file /sys/devices/system/cpu/cpu6/cache/index3/size
[07Feb2025 10:13:53.715] [Render thread/DEBUG] [oshi.util.FileUtil/]: Reading file /sys/devices/system/cpu/cpu6/cache/index3/size
[07Feb2025 10:13:53.715] [Render thread/DEBUG] [oshi.util.FileUtil/]: Reading file /sys/devices/system/cpu/cpu6/cache/index1/level
[07Feb2025 10:13:53.715] [Render thread/DEBUG] [oshi.util.FileUtil/]: Reading file /sys/devices/system/cpu/cpu6/cache/index1/level
[07Feb2025 10:13:53.715] [Render thread/DEBUG] [oshi.util.FileUtil/]: Reading file /sys/devices/system/cpu/cpu6/cache/index1/type
[07Feb2025 10:13:53.716] [Render thread/DEBUG] [oshi.util.FileUtil/]: Reading file /sys/devices/system/cpu/cpu6/cache/index1/type
[07Feb2025 10:13:53.716] [Render thread/DEBUG] [oshi.util.FileUtil/]: Reading file /sys/devices/system/cpu/cpu6/cache/index1/ways_of_associativity
[07Feb2025 10:13:53.716] [Render thread/DEBUG] [oshi.util.FileUtil/]: Reading file /sys/devices/system/cpu/cpu6/cache/index1/ways_of_associativity
[07Feb2025 10:13:53.716] [Render thread/DEBUG] [oshi.util.FileUtil/]: Reading file /sys/devices/system/cpu/cpu6/cache/index1/coherency_line_size
[07Feb2025 10:13:53.716] [Render thread/DEBUG] [oshi.util.FileUtil/]: Reading file /sys/devices/system/cpu/cpu6/cache/index1/coherency_line_size
[07Feb2025 10:13:53.716] [Render thread/DEBUG] [oshi.util.FileUtil/]: Reading file /sys/devices/system/cpu/cpu6/cache/index1/size
[07Feb2025 10:13:53.716] [Render thread/DEBUG] [oshi.util.FileUtil/]: Reading file /sys/devices/system/cpu/cpu6/cache/index1/size
[07Feb2025 10:13:53.716] [Render thread/DEBUG] [oshi.util.FileUtil/]: Reading file /sys/devices/system/cpu/cpu7/topology/core_id
[07Feb2025 10:13:53.716] [Render thread/DEBUG] [oshi.util.FileUtil/]: Reading file /sys/devices/system/cpu/cpu7/topology/core_id
[07Feb2025 10:13:53.716] [Render thread/DEBUG] [oshi.util.FileUtil/]: Reading file /sys/devices/system/cpu/cpu7/topology/physical_package_id
[07Feb2025 10:13:53.716] [Render thread/DEBUG] [oshi.util.FileUtil/]: Reading file /sys/devices/system/cpu/cpu7/topology/physical_package_id
[07Feb2025 10:13:53.716] [Render thread/DEBUG] [oshi.util.FileUtil/]: Reading file /sys/devices/system/cpu/cpu7/cpu_capacity
[07Feb2025 10:13:53.717] [Render thread/DEBUG] [oshi.util.FileUtil/]: Reading file /sys/devices/system/cpu/cpu7/cache/index2/level
[07Feb2025 10:13:53.717] [Render thread/DEBUG] [oshi.util.FileUtil/]: Reading file /sys/devices/system/cpu/cpu7/cache/index2/level
[07Feb2025 10:13:53.717] [Render thread/DEBUG] [oshi.util.FileUtil/]: Reading file /sys/devices/system/cpu/cpu7/cache/index2/type
[07Feb2025 10:13:53.717] [Render thread/DEBUG] [oshi.util.FileUtil/]: Reading file /sys/devices/system/cpu/cpu7/cache/index2/type
[07Feb2025 10:13:53.717] [Render thread/DEBUG] [oshi.util.FileUtil/]: Reading file /sys/devices/system/cpu/cpu7/cache/index2/ways_of_associativity
[07Feb2025 10:13:53.717] [Render thread/DEBUG] [oshi.util.FileUtil/]: Reading file /sys/devices/system/cpu/cpu7/cache/index2/ways_of_associativity
[07Feb2025 10:13:53.717] [Render thread/DEBUG] [oshi.util.FileUtil/]: Reading file /sys/devices/system/cpu/cpu7/cache/index2/coherency_line_size
[07Feb2025 10:13:53.717] [Render thread/DEBUG] [oshi.util.FileUtil/]: Reading file /sys/devices/system/cpu/cpu7/cache/index2/coherency_line_size
[07Feb2025 10:13:53.717] [Render thread/DEBUG] [oshi.util.FileUtil/]: Reading file /sys/devices/system/cpu/cpu7/cache/index2/size
[07Feb2025 10:13:53.717] [Render thread/DEBUG] [oshi.util.FileUtil/]: Reading file /sys/devices/system/cpu/cpu7/cache/index2/size
[07Feb2025 10:13:53.717] [Render thread/DEBUG] [oshi.util.FileUtil/]: Reading file /sys/devices/system/cpu/cpu7/cache/index0/level
[07Feb2025 10:13:53.717] [Render thread/DEBUG] [oshi.util.FileUtil/]: Reading file /sys/devices/system/cpu/cpu7/cache/index0/level
[07Feb2025 10:13:53.717] [Render thread/DEBUG] [oshi.util.FileUtil/]: Reading file /sys/devices/system/cpu/cpu7/cache/index0/type
[07Feb2025 10:13:53.717] [Render thread/DEBUG] [oshi.util.FileUtil/]: Reading file /sys/devices/system/cpu/cpu7/cache/index0/type
[07Feb2025 10:13:53.717] [Render thread/DEBUG] [oshi.util.FileUtil/]: Reading file /sys/devices/system/cpu/cpu7/cache/index0/ways_of_associativity
[07Feb2025 10:13:53.717] [Render thread/DEBUG] [oshi.util.FileUtil/]: Reading file /sys/devices/system/cpu/cpu7/cache/index0/ways_of_associativity
[07Feb2025 10:13:53.717] [Render thread/DEBUG] [oshi.util.FileUtil/]: Reading file /sys/devices/system/cpu/cpu7/cache/index0/coherency_line_size
[07Feb2025 10:13:53.717] [Render thread/DEBUG] [oshi.util.FileUtil/]: Reading file /sys/devices/system/cpu/cpu7/cache/index0/coherency_line_size
[07Feb2025 10:13:53.718] [Render thread/DEBUG] [oshi.util.FileUtil/]: Reading file /sys/devices/system/cpu/cpu7/cache/index0/size
[07Feb2025 10:13:53.718] [Render thread/DEBUG] [oshi.util.FileUtil/]: Reading file /sys/devices/system/cpu/cpu7/cache/index0/size
[07Feb2025 10:13:53.718] [Render thread/DEBUG] [oshi.util.FileUtil/]: Reading file /sys/devices/system/cpu/cpu7/cache/index3/level
[07Feb2025 10:13:53.718] [Render thread/DEBUG] [oshi.util.FileUtil/]: Reading file /sys/devices/system/cpu/cpu7/cache/index3/level
[07Feb2025 10:13:53.718] [Render thread/DEBUG] [oshi.util.FileUtil/]: Reading file /sys/devices/system/cpu/cpu7/cache/index3/type
[07Feb2025 10:13:53.718] [Render thread/DEBUG] [oshi.util.FileUtil/]: Reading file /sys/devices/system/cpu/cpu7/cache/index3/type
[07Feb2025 10:13:53.718] [Render thread/DEBUG] [oshi.util.FileUtil/]: Reading file /sys/devices/system/cpu/cpu7/cache/index3/ways_of_associativity
[07Feb2025 10:13:53.718] [Render thread/DEBUG] [oshi.util.FileUtil/]: Reading file /sys/devices/system/cpu/cpu7/cache/index3/ways_of_associativity
[07Feb2025 10:13:53.718] [Render thread/DEBUG] [oshi.util.FileUtil/]: Reading file /sys/devices/system/cpu/cpu7/cache/index3/coherency_line_size
[07Feb2025 10:13:53.718] [Render thread/DEBUG] [oshi.util.FileUtil/]: Reading file /sys/devices/system/cpu/cpu7/cache/index3/coherency_line_size
[07Feb2025 10:13:53.718] [Render thread/DEBUG] [oshi.util.FileUtil/]: Reading file /sys/devices/system/cpu/cpu7/cache/index3/size
[07Feb2025 10:13:53.718] [Render thread/DEBUG] [oshi.util.FileUtil/]: Reading file /sys/devices/system/cpu/cpu7/cache/index3/size
[07Feb2025 10:13:53.718] [Render thread/DEBUG] [oshi.util.FileUtil/]: Reading file /sys/devices/system/cpu/cpu7/cache/index1/level
[07Feb2025 10:13:53.718] [Render thread/DEBUG] [oshi.util.FileUtil/]: Reading file /sys/devices/system/cpu/cpu7/cache/index1/level
[07Feb2025 10:13:53.718] [Render thread/DEBUG] [oshi.util.FileUtil/]: Reading file /sys/devices/system/cpu/cpu7/cache/index1/type
[07Feb2025 10:13:53.718] [Render thread/DEBUG] [oshi.util.FileUtil/]: Reading file /sys/devices/system/cpu/cpu7/cache/index1/type
[07Feb2025 10:13:53.718] [Render thread/DEBUG] [oshi.util.FileUtil/]: Reading file /sys/devices/system/cpu/cpu7/cache/index1/ways_of_associativity
[07Feb2025 10:13:53.718] [Render thread/DEBUG] [oshi.util.FileUtil/]: Reading file /sys/devices/system/cpu/cpu7/cache/index1/ways_of_associativity
[07Feb2025 10:13:53.718] [Render thread/DEBUG] [oshi.util.FileUtil/]: Reading file /sys/devices/system/cpu/cpu7/cache/index1/coherency_line_size
[07Feb2025 10:13:53.719] [Render thread/DEBUG] [oshi.util.FileUtil/]: Reading file /sys/devices/system/cpu/cpu7/cache/index1/coherency_line_size
[07Feb2025 10:13:53.719] [Render thread/DEBUG] [oshi.util.FileUtil/]: Reading file /sys/devices/system/cpu/cpu7/cache/index1/size
[07Feb2025 10:13:53.719] [Render thread/DEBUG] [oshi.util.FileUtil/]: Reading file /sys/devices/system/cpu/cpu7/cache/index1/size
[07Feb2025 10:13:53.719] [Render thread/DEBUG] [oshi.util.FileUtil/]: Reading file /sys/devices/system/cpu/cpu8/topology/core_id
[07Feb2025 10:13:53.719] [Render thread/DEBUG] [oshi.util.FileUtil/]: Reading file /sys/devices/system/cpu/cpu8/topology/core_id
[07Feb2025 10:13:53.719] [Render thread/DEBUG] [oshi.util.FileUtil/]: Reading file /sys/devices/system/cpu/cpu8/topology/physical_package_id
[07Feb2025 10:13:53.719] [Render thread/DEBUG] [oshi.util.FileUtil/]: Reading file /sys/devices/system/cpu/cpu8/topology/physical_package_id
[07Feb2025 10:13:53.720] [Render thread/DEBUG] [oshi.util.FileUtil/]: Reading file /sys/devices/system/cpu/cpu8/cpu_capacity
[07Feb2025 10:13:53.720] [Render thread/DEBUG] [oshi.util.FileUtil/]: Reading file /sys/devices/system/cpu/cpu8/cache/index2/level
[07Feb2025 10:13:53.720] [Render thread/DEBUG] [oshi.util.FileUtil/]: Reading file /sys/devices/system/cpu/cpu8/cache/index2/level
[07Feb2025 10:13:53.720] [Render thread/DEBUG] [oshi.util.FileUtil/]: Reading file /sys/devices/system/cpu/cpu8/cache/index2/type
[07Feb2025 10:13:53.720] [Render thread/DEBUG] [oshi.util.FileUtil/]: Reading file /sys/devices/system/cpu/cpu8/cache/index2/type
[07Feb2025 10:13:53.720] [Render thread/DEBUG] [oshi.util.FileUtil/]: Reading file /sys/devices/system/cpu/cpu8/cache/index2/ways_of_associativity
[07Feb2025 10:13:53.720] [Render thread/DEBUG] [oshi.util.FileUtil/]: Reading file /sys/devices/system/cpu/cpu8/cache/index2/ways_of_associativity
[07Feb2025 10:13:53.720] [Render thread/DEBUG] [oshi.util.FileUtil/]: Reading file /sys/devices/system/cpu/cpu8/cache/index2/coherency_line_size
[07Feb2025 10:13:53.720] [Render thread/DEBUG] [oshi.util.FileUtil/]: Reading file /sys/devices/system/cpu/cpu8/cache/index2/coherency_line_size
[07Feb2025 10:13:53.720] [Render thread/DEBUG] [oshi.util.FileUtil/]: Reading file /sys/devices/system/cpu/cpu8/cache/index2/size
[07Feb2025 10:13:53.720] [Render thread/DEBUG] [oshi.util.FileUtil/]: Reading file /sys/devices/system/cpu/cpu8/cache/index2/size
[07Feb2025 10:13:53.720] [Render thread/DEBUG] [oshi.util.FileUtil/]: Reading file /sys/devices/system/cpu/cpu8/cache/index0/level
[07Feb2025 10:13:53.720] [Render thread/DEBUG] [oshi.util.FileUtil/]: Reading file /sys/devices/system/cpu/cpu8/cache/index0/level
[07Feb2025 10:13:53.720] [Render thread/DEBUG] [oshi.util.FileUtil/]: Reading file /sys/devices/system/cpu/cpu8/cache/index0/type
[07Feb2025 10:13:53.720] [Render thread/DEBUG] [oshi.util.FileUtil/]: Reading file /sys/devices/system/cpu/cpu8/cache/index0/type
[07Feb2025 10:13:53.720] [Render thread/DEBUG] [oshi.util.FileUtil/]: Reading file /sys/devices/system/cpu/cpu8/cache/index0/ways_of_associativity
[07Feb2025 10:13:53.720] [Render thread/DEBUG] [oshi.util.FileUtil/]: Reading file /sys/devices/system/cpu/cpu8/cache/index0/ways_of_associativity
[07Feb2025 10:13:53.720] [Render thread/DEBUG] [oshi.util.FileUtil/]: Reading file /sys/devices/system/cpu/cpu8/cache/index0/coherency_line_size
[07Feb2025 10:13:53.720] [Render thread/DEBUG] [oshi.util.FileUtil/]: Reading file /sys/devices/system/cpu/cpu8/cache/index0/coherency_line_size
[07Feb2025 10:13:53.720] [Render thread/DEBUG] [oshi.util.FileUtil/]: Reading file /sys/devices/system/cpu/cpu8/cache/index0/size
[07Feb2025 10:13:53.720] [Render thread/DEBUG] [oshi.util.FileUtil/]: Reading file /sys/devices/system/cpu/cpu8/cache/index0/size
[07Feb2025 10:13:53.720] [Render thread/DEBUG] [oshi.util.FileUtil/]: Reading file /sys/devices/system/cpu/cpu8/cache/index3/level
[07Feb2025 10:13:53.721] [Render thread/DEBUG] [oshi.util.FileUtil/]: Reading file /sys/devices/system/cpu/cpu8/cache/index3/level
[07Feb2025 10:13:53.721] [Render thread/DEBUG] [oshi.util.FileUtil/]: Reading file /sys/devices/system/cpu/cpu8/cache/index3/type
[07Feb2025 10:13:53.721] [Render thread/DEBUG] [oshi.util.FileUtil/]: Reading file /sys/devices/system/cpu/cpu8/cache/index3/type
[07Feb2025 10:13:53.721] [Render thread/DEBUG] [oshi.util.FileUtil/]: Reading file /sys/devices/system/cpu/cpu8/cache/index3/ways_of_associativity
[07Feb2025 10:13:53.721] [Render thread/DEBUG] [oshi.util.FileUtil/]: Reading file /sys/devices/system/cpu/cpu8/cache/index3/ways_of_associativity
[07Feb2025 10:13:53.721] [Render thread/DEBUG] [oshi.util.FileUtil/]: Reading file /sys/devices/system/cpu/cpu8/cache/index3/coherency_line_size
[07Feb2025 10:13:53.721] [Render thread/DEBUG] [oshi.util.FileUtil/]: Reading file /sys/devices/system/cpu/cpu8/cache/index3/coherency_line_size
[07Feb2025 10:13:53.721] [Render thread/DEBUG] [oshi.util.FileUtil/]: Reading file /sys/devices/system/cpu/cpu8/cache/index3/size
[07Feb2025 10:13:53.721] [Render thread/DEBUG] [oshi.util.FileUtil/]: Reading file /sys/devices/system/cpu/cpu8/cache/index3/size
[07Feb2025 10:13:53.721] [Render thread/DEBUG] [oshi.util.FileUtil/]: Reading file /sys/devices/system/cpu/cpu8/cache/index1/level
[07Feb2025 10:13:53.721] [Render thread/DEBUG] [oshi.util.FileUtil/]: Reading file /sys/devices/system/cpu/cpu8/cache/index1/level
[07Feb2025 10:13:53.721] [Render thread/DEBUG] [oshi.util.FileUtil/]: Reading file /sys/devices/system/cpu/cpu8/cache/index1/type
[07Feb2025 10:13:53.721] [Render thread/DEBUG] [oshi.util.FileUtil/]: Reading file /sys/devices/system/cpu/cpu8/cache/index1/type
[07Feb2025 10:13:53.721] [Render thread/DEBUG] [oshi.util.FileUtil/]: Reading file /sys/devices/system/cpu/cpu8/cache/index1/ways_of_associativity
[07Feb2025 10:13:53.721] [Render thread/DEBUG] [oshi.util.FileUtil/]: Reading file /sys/devices/system/cpu/cpu8/cache/index1/ways_of_associativity
[07Feb2025 10:13:53.721] [Render thread/DEBUG] [oshi.util.FileUtil/]: Reading file /sys/devices/system/cpu/cpu8/cache/index1/coherency_line_size
[07Feb2025 10:13:53.721] [Render thread/DEBUG] [oshi.util.FileUtil/]: Reading file /sys/devices/system/cpu/cpu8/cache/index1/coherency_line_size
[07Feb2025 10:13:53.721] [Render thread/DEBUG] [oshi.util.FileUtil/]: Reading file /sys/devices/system/cpu/cpu8/cache/index1/size
[07Feb2025 10:13:53.721] [Render thread/DEBUG] [oshi.util.FileUtil/]: Reading file /sys/devices/system/cpu/cpu8/cache/index1/size
[07Feb2025 10:13:53.721] [Render thread/DEBUG] [oshi.util.FileUtil/]: Reading file /sys/devices/system/cpu/cpu9/topology/core_id
[07Feb2025 10:13:53.722] [Render thread/DEBUG] [oshi.util.FileUtil/]: Reading file /sys/devices/system/cpu/cpu9/topology/core_id
[07Feb2025 10:13:53.722] [Render thread/DEBUG] [oshi.util.FileUtil/]: Reading file /sys/devices/system/cpu/cpu9/topology/physical_package_id
[07Feb2025 10:13:53.722] [Render thread/DEBUG] [oshi.util.FileUtil/]: Reading file /sys/devices/system/cpu/cpu9/topology/physical_package_id
[07Feb2025 10:13:53.722] [Render thread/DEBUG] [oshi.util.FileUtil/]: Reading file /sys/devices/system/cpu/cpu9/cpu_capacity
[07Feb2025 10:13:53.722] [Render thread/DEBUG] [oshi.util.FileUtil/]: Reading file /sys/devices/system/cpu/cpu9/cache/index2/level
[07Feb2025 10:13:53.722] [Render thread/DEBUG] [oshi.util.FileUtil/]: Reading file /sys/devices/system/cpu/cpu9/cache/index2/level
[07Feb2025 10:13:53.722] [Render thread/DEBUG] [oshi.util.FileUtil/]: Reading file /sys/devices/system/cpu/cpu9/cache/index2/type
[07Feb2025 10:13:53.722] [Render thread/DEBUG] [oshi.util.FileUtil/]: Reading file /sys/devices/system/cpu/cpu9/cache/index2/type
[07Feb2025 10:13:53.722] [Render thread/DEBUG] [oshi.util.FileUtil/]: Reading file /sys/devices/system/cpu/cpu9/cache/index2/ways_of_associativity
[07Feb2025 10:13:53.722] [Render thread/DEBUG] [oshi.util.FileUtil/]: Reading file /sys/devices/system/cpu/cpu9/cache/index2/ways_of_associativity
[07Feb2025 10:13:53.722] [Render thread/DEBUG] [oshi.util.FileUtil/]: Reading file /sys/devices/system/cpu/cpu9/cache/index2/coherency_line_size
[07Feb2025 10:13:53.722] [Render thread/DEBUG] [oshi.util.FileUtil/]: Reading file /sys/devices/system/cpu/cpu9/cache/index2/coherency_line_size
[07Feb2025 10:13:53.722] [Render thread/DEBUG] [oshi.util.FileUtil/]: Reading file /sys/devices/system/cpu/cpu9/cache/index2/size
[07Feb2025 10:13:53.722] [Render thread/DEBUG] [oshi.util.FileUtil/]: Reading file /sys/devices/system/cpu/cpu9/cache/index2/size
[07Feb2025 10:13:53.722] [Render thread/DEBUG] [oshi.util.FileUtil/]: Reading file /sys/devices/system/cpu/cpu9/cache/index0/level
[07Feb2025 10:13:53.722] [Render thread/DEBUG] [oshi.util.FileUtil/]: Reading file /sys/devices/system/cpu/cpu9/cache/index0/level
[07Feb2025 10:13:53.722] [Render thread/DEBUG] [oshi.util.FileUtil/]: Reading file /sys/devices/system/cpu/cpu9/cache/index0/type
[07Feb2025 10:13:53.722] [Render thread/DEBUG] [oshi.util.FileUtil/]: Reading file /sys/devices/system/cpu/cpu9/cache/index0/type
[07Feb2025 10:13:53.722] [Render thread/DEBUG] [oshi.util.FileUtil/]: Reading file /sys/devices/system/cpu/cpu9/cache/index0/ways_of_associativity
[07Feb2025 10:13:53.723] [Render thread/DEBUG] [oshi.util.FileUtil/]: Reading file /sys/devices/system/cpu/cpu9/cache/index0/ways_of_associativity
[07Feb2025 10:13:53.723] [Render thread/DEBUG] [oshi.util.FileUtil/]: Reading file /sys/devices/system/cpu/cpu9/cache/index0/coherency_line_size
[07Feb2025 10:13:53.723] [Render thread/DEBUG] [oshi.util.FileUtil/]: Reading file /sys/devices/system/cpu/cpu9/cache/index0/coherency_line_size
[07Feb2025 10:13:53.723] [Render thread/DEBUG] [oshi.util.FileUtil/]: Reading file /sys/devices/system/cpu/cpu9/cache/index0/size
[07Feb2025 10:13:53.723] [Render thread/DEBUG] [oshi.util.FileUtil/]: Reading file /sys/devices/system/cpu/cpu9/cache/index0/size
[07Feb2025 10:13:53.723] [Render thread/DEBUG] [oshi.util.FileUtil/]: Reading file /sys/devices/system/cpu/cpu9/cache/index3/level
[07Feb2025 10:13:53.723] [Render thread/DEBUG] [oshi.util.FileUtil/]: Reading file /sys/devices/system/cpu/cpu9/cache/index3/level
[07Feb2025 10:13:53.723] [Render thread/DEBUG] [oshi.util.FileUtil/]: Reading file /sys/devices/system/cpu/cpu9/cache/index3/type
[07Feb2025 10:13:53.723] [Render thread/DEBUG] [oshi.util.FileUtil/]: Reading file /sys/devices/system/cpu/cpu9/cache/index3/type
[07Feb2025 10:13:53.723] [Render thread/DEBUG] [oshi.util.FileUtil/]: Reading file /sys/devices/system/cpu/cpu9/cache/index3/ways_of_associativity
[07Feb2025 10:13:53.723] [Render thread/DEBUG] [oshi.util.FileUtil/]: Reading file /sys/devices/system/cpu/cpu9/cache/index3/ways_of_associativity
[07Feb2025 10:13:53.723] [Render thread/DEBUG] [oshi.util.FileUtil/]: Reading file /sys/devices/system/cpu/cpu9/cache/index3/coherency_line_size
[07Feb2025 10:13:53.723] [Render thread/DEBUG] [oshi.util.FileUtil/]: Reading file /sys/devices/system/cpu/cpu9/cache/index3/coherency_line_size
[07Feb2025 10:13:53.723] [Render thread/DEBUG] [oshi.util.FileUtil/]: Reading file /sys/devices/system/cpu/cpu9/cache/index3/size
[07Feb2025 10:13:53.723] [Render thread/DEBUG] [oshi.util.FileUtil/]: Reading file /sys/devices/system/cpu/cpu9/cache/index3/size
[07Feb2025 10:13:53.723] [Render thread/DEBUG] [oshi.util.FileUtil/]: Reading file /sys/devices/system/cpu/cpu9/cache/index1/level
[07Feb2025 10:13:53.723] [Render thread/DEBUG] [oshi.util.FileUtil/]: Reading file /sys/devices/system/cpu/cpu9/cache/index1/level
[07Feb2025 10:13:53.723] [Render thread/DEBUG] [oshi.util.FileUtil/]: Reading file /sys/devices/system/cpu/cpu9/cache/index1/type
[07Feb2025 10:13:53.723] [Render thread/DEBUG] [oshi.util.FileUtil/]: Reading file /sys/devices/system/cpu/cpu9/cache/index1/type
[07Feb2025 10:13:53.724] [Render thread/DEBUG] [oshi.util.FileUtil/]: Reading file /sys/devices/system/cpu/cpu9/cache/index1/ways_of_associativity
[07Feb2025 10:13:53.724] [Render thread/DEBUG] [oshi.util.FileUtil/]: Reading file /sys/devices/system/cpu/cpu9/cache/index1/ways_of_associativity
[07Feb2025 10:13:53.724] [Render thread/DEBUG] [oshi.util.FileUtil/]: Reading file /sys/devices/system/cpu/cpu9/cache/index1/coherency_line_size
[07Feb2025 10:13:53.724] [Render thread/DEBUG] [oshi.util.FileUtil/]: Reading file /sys/devices/system/cpu/cpu9/cache/index1/coherency_line_size
[07Feb2025 10:13:53.724] [Render thread/DEBUG] [oshi.util.FileUtil/]: Reading file /sys/devices/system/cpu/cpu9/cache/index1/size
[07Feb2025 10:13:53.724] [Render thread/DEBUG] [oshi.util.FileUtil/]: Reading file /sys/devices/system/cpu/cpu9/cache/index1/size
[07Feb2025 10:13:53.724] [Render thread/DEBUG] [oshi.util.FileUtil/]: Reading file /proc/cpuinfo
[07Feb2025 10:13:54.346] [Render thread/DEBUG] [oshi.util.FileUtil/]: Reading file /proc/self/auxv
[07Feb2025 10:13:54.379] [Render thread/DEBUG] [net.neoforged.neoforge.common.I18nExtension/CORE]: Loading I18N data entries: 6788
[07Feb2025 10:13:54.389] [Render thread/DEBUG] [net.neoforged.fml.ModWorkManager/LOADING]: Using 24 threads for parallel mod-loading
[07Feb2025 10:13:54.393] [Render thread/DEBUG] [net.neoforged.fml.javafmlmod.FMLModContainer/LOADING]: Creating FMLModContainer instance for com.github.xyroc.dldungeons.DLDungeons
[07Feb2025 10:13:54.394] [Render thread/DEBUG] [net.neoforged.fml.javafmlmod.FMLModContainer/LOADING]: Creating FMLModContainer instance for net.neoforged.neoforge.common.NeoForgeMod
[07Feb2025 10:13:54.403] [modloading-worker-0/DEBUG] [net.neoforged.neoforge.internal.versions.neoforge.NeoForgeVersion/CORE]: NeoForge Version package package net.neoforged.neoforge.internal.versions.neoforge, NeoForge, version 20.4 from cpw.mods.modlauncher.TransformingClassLoader@575e572f
[07Feb2025 10:13:54.404] [modloading-worker-0/DEBUG] [net.neoforged.neoforge.internal.versions.neoforge.NeoForgeVersion/CORE]: Found NeoForge version 20.4.239
[07Feb2025 10:13:54.404] [modloading-worker-0/DEBUG] [net.neoforged.neoforge.internal.versions.neoforge.NeoForgeVersion/CORE]: Found NeoForge spec 20.4
[07Feb2025 10:13:54.404] [modloading-worker-0/DEBUG] [net.neoforged.neoforge.internal.versions.neoforge.NeoForgeVersion/CORE]: Found NeoForge group net.neoforged
[07Feb2025 10:13:54.404] [modloading-worker-0/DEBUG] [net.neoforged.neoforge.internal.versions.neoform.NeoFormVersion/CORE]: NeoForm Version package package net.neoforged.neoforge.internal.versions.neoform from cpw.mods.modlauncher.TransformingClassLoader@575e572f
[07Feb2025 10:13:54.404] [modloading-worker-0/DEBUG] [net.neoforged.neoforge.internal.versions.neoform.NeoFormVersion/CORE]: Found MC version information 1.20.4
[07Feb2025 10:13:54.404] [modloading-worker-0/DEBUG] [net.neoforged.neoforge.internal.versions.neoform.NeoFormVersion/CORE]: Found NeoForm version information 20240627.114801
[07Feb2025 10:13:54.404] [modloading-worker-0/INFO] [net.neoforged.neoforge.common.NeoForgeMod/NEOFORGE-MOD]: NeoForge mod loading, version 20.4.239, for MC 1.20.4 with MCP 20240627.114801
[07Feb2025 10:13:54.404] [modloading-worker-0/DEBUG] [net.neoforged.neoforge.common.NeoForgeMod/NEOFORGE-MOD]: Loading Network data for FML net version: 20.4
[07Feb2025 10:13:54.414] [modloading-worker-0/DEBUG] [net.neoforged.fml.config.ConfigTracker/CONFIG]: Config file neoforge-client.toml for neoforge tracking
[07Feb2025 10:13:54.414] [modloading-worker-0/DEBUG] [net.neoforged.fml.config.ConfigTracker/CONFIG]: Config file dldungeonsjbg-common.toml for dldungeonsjbg tracking
[07Feb2025 10:13:54.414] [modloading-worker-0/DEBUG] [net.neoforged.fml.config.ConfigTracker/CONFIG]: Config file neoforge-server.toml for neoforge tracking
[07Feb2025 10:13:54.414] [modloading-worker-0/DEBUG] [net.neoforged.fml.ModLoadingContext/]: Attempted to register an empty config for type COMMON on mod neoforge
[07Feb2025 10:13:54.415] [modloading-worker-0/ERROR] [net.neoforged.fml.javafmlmod.FMLModContainer/LOADING]: Failed to create mod instance. ModID: dldungeonsjbg, class com.github.xyroc.dldungeons.DLDungeons
java.lang.IllegalStateException: Registry is already frozen (trying to add key ResourceKey[minecraft:worldgen/structure_piece / dldungeonsjbg:dldungeonpiece])
	at net.minecraft.core.MappedRegistry.validateWrite(MappedRegistry.java:128) ~[neoforge-20.4.239.jar%23182!/:?]
	at net.minecraft.core.MappedRegistry.registerMapping(MappedRegistry.java:133) ~[neoforge-20.4.239.jar%23182!/:?]
	at net.minecraft.core.MappedRegistry.register(MappedRegistry.java:180) ~[neoforge-20.4.239.jar%23182!/:?]
	at net.minecraft.core.Registry.register(Registry.java:131) ~[neoforge-20.4.239.jar%23182!/:?]
	at net.minecraft.core.Registry.register(Registry.java:127) ~[neoforge-20.4.239.jar%23182!/:?]
	at com.github.xyroc.dldungeons.init.ModStructurePieceTypes.register(ModStructurePieceTypes.java:20) ~[%23183!/:?]
	at com.github.xyroc.dldungeons.init.ModStructurePieceTypes.init(ModStructurePieceTypes.java:16) ~[%23183!/:?]
	at com.github.xyroc.dldungeons.DLDungeons.<init>(DLDungeons.java:51) ~[%23183!/:?]
	at jdk.internal.reflect.NativeConstructorAccessorImpl.newInstance0(Native Method) ~[?:?]
	at jdk.internal.reflect.NativeConstructorAccessorImpl.newInstance(NativeConstructorAccessorImpl.java:77) ~[?:?]
	at jdk.internal.reflect.DelegatingConstructorAccessorImpl.newInstance(DelegatingConstructorAccessorImpl.java:45) ~[?:?]
	at java.lang.reflect.Constructor.newInstanceWithCaller(Constructor.java:499) ~[?:?]
	at java.lang.reflect.Constructor.newInstance(Constructor.java:480) ~[?:?]
	at net.neoforged.fml.javafmlmod.FMLModContainer.constructMod(FMLModContainer.java:111) ~[loader-2.0.17.jar%23133!/:2.0]
	at net.neoforged.fml.ModContainer.lambda$buildTransitionHandler$10(ModContainer.java:129) ~[loader-2.0.17.jar%23133!/:2.0]
	at java.util.concurrent.CompletableFuture$AsyncRun.run(CompletableFuture.java:1804) ~[?:?]
	at java.util.concurrent.CompletableFuture$AsyncRun.exec(CompletableFuture.java:1796) ~[?:?]
	at java.util.concurrent.ForkJoinTask.doExec(ForkJoinTask.java:373) ~[?:?]
	at java.util.concurrent.ForkJoinPool$WorkQueue.topLevelExec(ForkJoinPool.java:1182) ~[?:?]
	at java.util.concurrent.ForkJoinPool.scan(ForkJoinPool.java:1655) ~[?:?]
	at java.util.concurrent.ForkJoinPool.runWorker(ForkJoinPool.java:1622) ~[?:?]
	at java.util.concurrent.ForkJoinWorkerThread.run(ForkJoinWorkerThread.java:165) ~[?:?]
[07Feb2025 10:13:54.432] [modloading-worker-0/DEBUG] [net.neoforged.fml.javafmlmod.AutomaticEventSubscriber/LOADING]: Attempting to inject @EventBusSubscriber classes into the eventbus for neoforge
[07Feb2025 10:13:54.433] [modloading-worker-0/DEBUG] [net.neoforged.fml.javafmlmod.AutomaticEventSubscriber/LOADING]: Auto-subscribing net.neoforged.neoforge.network.ConfigurationInitialization to MOD
[07Feb2025 10:13:54.434] [modloading-worker-0/DEBUG] [net.neoforged.fml.javafmlmod.AutomaticEventSubscriber/LOADING]: Auto-subscribing net.neoforged.neoforge.network.NetworkInitialization to MOD
[07Feb2025 10:13:54.435] [modloading-worker-0/DEBUG] [net.neoforged.fml.javafmlmod.AutomaticEventSubscriber/LOADING]: Auto-subscribing net.neoforged.neoforge.network.filters.GenericPacketSplitter to MOD
[07Feb2025 10:13:54.501] [modloading-worker-0/DEBUG] [io.netty.buffer.AbstractByteBuf/]: -Dio.netty.buffer.checkAccessible: true
[07Feb2025 10:13:54.501] [modloading-worker-0/DEBUG] [io.netty.buffer.AbstractByteBuf/]: -Dio.netty.buffer.checkBounds: true
[07Feb2025 10:13:54.501] [modloading-worker-0/DEBUG] [io.netty.util.ResourceLeakDetectorFactory/]: Loaded default ResourceLeakDetector: io.netty.util.ResourceLeakDetector@2e802df6
[07Feb2025 10:13:54.505] [modloading-worker-0/DEBUG] [io.netty.util.internal.InternalThreadLocalMap/]: -Dio.netty.threadLocalMap.stringBuilder.initialSize: 1024
[07Feb2025 10:13:54.505] [modloading-worker-0/DEBUG] [io.netty.util.internal.InternalThreadLocalMap/]: -Dio.netty.threadLocalMap.stringBuilder.maxSize: 4096
[07Feb2025 10:13:54.507] [modloading-worker-0/DEBUG] [io.netty.buffer.PooledByteBufAllocator/]: -Dio.netty.allocator.numHeapArenas: 48
[07Feb2025 10:13:54.507] [modloading-worker-0/DEBUG] [io.netty.buffer.PooledByteBufAllocator/]: -Dio.netty.allocator.numDirectArenas: 48
[07Feb2025 10:13:54.507] [modloading-worker-0/DEBUG] [io.netty.buffer.PooledByteBufAllocator/]: -Dio.netty.allocator.pageSize: 8192
[07Feb2025 10:13:54.507] [modloading-worker-0/DEBUG] [io.netty.buffer.PooledByteBufAllocator/]: -Dio.netty.allocator.maxOrder: 9
[07Feb2025 10:13:54.507] [modloading-worker-0/DEBUG] [io.netty.buffer.PooledByteBufAllocator/]: -Dio.netty.allocator.chunkSize: 4194304
[07Feb2025 10:13:54.507] [modloading-worker-0/DEBUG] [io.netty.buffer.PooledByteBufAllocator/]: -Dio.netty.allocator.smallCacheSize: 256
[07Feb2025 10:13:54.507] [modloading-worker-0/DEBUG] [io.netty.buffer.PooledByteBufAllocator/]: -Dio.netty.allocator.normalCacheSize: 64
[07Feb2025 10:13:54.507] [modloading-worker-0/DEBUG] [io.netty.buffer.PooledByteBufAllocator/]: -Dio.netty.allocator.maxCachedBufferCapacity: 32768
[07Feb2025 10:13:54.507] [modloading-worker-0/DEBUG] [io.netty.buffer.PooledByteBufAllocator/]: -Dio.netty.allocator.cacheTrimInterval: 8192
[07Feb2025 10:13:54.507] [modloading-worker-0/DEBUG] [io.netty.buffer.PooledByteBufAllocator/]: -Dio.netty.allocator.cacheTrimIntervalMillis: 0
[07Feb2025 10:13:54.507] [modloading-worker-0/DEBUG] [io.netty.buffer.PooledByteBufAllocator/]: -Dio.netty.allocator.useCacheForAllThreads: false
[07Feb2025 10:13:54.507] [modloading-worker-0/DEBUG] [io.netty.buffer.PooledByteBufAllocator/]: -Dio.netty.allocator.maxCachedByteBuffersPerChunk: 1023
[07Feb2025 10:13:54.514] [modloading-worker-0/DEBUG] [io.netty.buffer.ByteBufUtil/]: -Dio.netty.allocator.type: pooled
[07Feb2025 10:13:54.515] [modloading-worker-0/DEBUG] [io.netty.buffer.ByteBufUtil/]: -Dio.netty.threadLocalDirectBufferSize: 0
[07Feb2025 10:13:54.515] [modloading-worker-0/DEBUG] [io.netty.buffer.ByteBufUtil/]: -Dio.netty.maxThreadLocalCharBufferSize: 16384
[07Feb2025 10:13:54.518] [modloading-worker-0/DEBUG] [net.neoforged.fml.javafmlmod.AutomaticEventSubscriber/LOADING]: Auto-subscribing net.neoforged.neoforge.client.model.data.ModelDataManager to FORGE
[07Feb2025 10:13:54.519] [modloading-worker-0/DEBUG] [net.neoforged.fml.javafmlmod.AutomaticEventSubscriber/LOADING]: Auto-subscribing net.neoforged.neoforge.client.ClientNeoForgeMod to MOD
[07Feb2025 10:13:54.520] [modloading-worker-0/DEBUG] [net.neoforged.fml.javafmlmod.AutomaticEventSubscriber/LOADING]: Auto-subscribing net.neoforged.neoforge.client.BlockEntityRenderBoundsDebugRenderer to FORGE
[07Feb2025 10:13:54.521] [modloading-worker-0/DEBUG] [net.neoforged.fml.javafmlmod.AutomaticEventSubscriber/LOADING]: Auto-subscribing net.neoforged.neoforge.client.ClientHooks$ClientEvents to MOD
[07Feb2025 10:13:54.522] [modloading-worker-0/DEBUG] [net.neoforged.fml.javafmlmod.AutomaticEventSubscriber/LOADING]: Auto-subscribing net.neoforged.neoforge.attachment.AttachmentInternals to FORGE
[07Feb2025 10:13:54.523] [modloading-worker-0/DEBUG] [net.neoforged.fml.javafmlmod.AutomaticEventSubscriber/LOADING]: Auto-subscribing net.neoforged.neoforge.common.DeferredSpawnEggItem$CommonHandler to MOD
[07Feb2025 10:13:54.524] [modloading-worker-0/DEBUG] [net.neoforged.fml.javafmlmod.AutomaticEventSubscriber/LOADING]: Auto-subscribing net.neoforged.neoforge.common.DeferredSpawnEggItem$ColorRegisterHandler to MOD
[07Feb2025 10:13:54.526] [Render thread/FATAL] [net.neoforged.fml.ModLoader/LOADING]: Failed to complete lifecycle event CONSTRUCT, 1 errors found
[07Feb2025 10:13:54.579] [Render thread/ERROR] [net.neoforged.fml.ModLoader/]: Cowardly refusing to send event net.neoforged.neoforge.client.event.sound.SoundEngineLoadEvent to a broken mod state
[07Feb2025 10:13:54.631] [Render thread/ERROR] [net.neoforged.fml.ModLoader/]: Cowardly refusing to send event net.neoforged.neoforge.client.event.RegisterColorHandlersEvent$Block to a broken mod state
[07Feb2025 10:13:54.632] [Render thread/ERROR] [net.neoforged.fml.ModLoader/]: Cowardly refusing to send event net.neoforged.neoforge.client.event.RegisterColorHandlersEvent$Item to a broken mod state
[07Feb2025 10:13:54.663] [Render thread/ERROR] [net.neoforged.fml.ModLoader/]: Cowardly refusing to send event net.neoforged.neoforge.client.event.RegisterRenderBuffersEvent to a broken mod state
[07Feb2025 10:13:54.694] [Render thread/ERROR] [net.neoforged.fml.ModLoader/]: Cowardly refusing to send event net.neoforged.neoforge.client.event.RenderLevelStageEvent$RegisterStageEvent to a broken mod state
[07Feb2025 10:13:54.728] [Render thread/ERROR] [net.neoforged.fml.ModLoader/]: Cowardly refusing to send event net.neoforged.neoforge.client.event.RegisterParticleProvidersEvent to a broken mod state
[07Feb2025 10:13:54.761] [Render thread/ERROR] [net.neoforged.fml.ModLoader/]: Cowardly refusing to send event net.neoforged.neoforge.client.event.RegisterSpriteSourceTypesEvent to a broken mod state
[07Feb2025 10:13:54.778] [Render thread/ERROR] [net.neoforged.fml.ModLoader/]: Cowardly refusing to send event net.neoforged.neoforge.client.event.RegisterMenuScreensEvent to a broken mod state
[07Feb2025 10:13:54.778] [Render thread/ERROR] [net.neoforged.fml.ModLoader/]: Cowardly refusing to send event net.neoforged.neoforge.client.event.RegisterClientReloadListenersEvent to a broken mod state
[07Feb2025 10:13:54.778] [Render thread/ERROR] [net.neoforged.fml.ModLoader/]: Cowardly refusing to send event net.neoforged.neoforge.client.event.EntityRenderersEvent$RegisterLayerDefinitions to a broken mod state
[07Feb2025 10:13:54.778] [Render thread/ERROR] [net.neoforged.fml.ModLoader/]: Cowardly refusing to send event net.neoforged.neoforge.client.event.EntityRenderersEvent$RegisterRenderers to a broken mod state
[07Feb2025 10:13:54.779] [Render thread/ERROR] [net.neoforged.fml.ModLoader/]: Cowardly refusing to send event net.neoforged.neoforge.client.event.RegisterClientTooltipComponentFactoriesEvent to a broken mod state
[07Feb2025 10:13:54.779] [Render thread/ERROR] [net.neoforged.fml.ModLoader/]: Cowardly refusing to send event net.neoforged.neoforge.client.event.RegisterEntitySpectatorShadersEvent to a broken mod state
[07Feb2025 10:13:54.779] [Render thread/ERROR] [net.neoforged.fml.ModLoader/]: Cowardly refusing to send event net.neoforged.neoforge.client.event.RegisterKeyMappingsEvent to a broken mod state
[07Feb2025 10:13:54.780] [Render thread/ERROR] [net.neoforged.fml.ModLoader/]: Cowardly refusing to send event net.neoforged.neoforge.client.event.RegisterRecipeBookCategoriesEvent to a broken mod state
[07Feb2025 10:13:54.783] [Render thread/ERROR] [net.neoforged.fml.ModLoader/]: Cowardly refusing to send event net.neoforged.neoforge.client.event.RegisterGuiOverlaysEvent to a broken mod state
[07Feb2025 10:13:54.785] [Render thread/ERROR] [net.neoforged.fml.ModLoader/]: Cowardly refusing to send event net.neoforged.neoforge.client.event.RegisterDimensionSpecialEffectsEvent to a broken mod state
[07Feb2025 10:13:54.785] [Render thread/ERROR] [net.neoforged.fml.ModLoader/]: Cowardly refusing to send event net.neoforged.neoforge.client.event.RegisterNamedRenderTypesEvent to a broken mod state
[07Feb2025 10:13:54.786] [Render thread/ERROR] [net.neoforged.fml.ModLoader/]: Cowardly refusing to send event net.neoforged.neoforge.client.event.RegisterColorHandlersEvent$ColorResolvers to a broken mod state
[07Feb2025 10:13:54.786] [Render thread/ERROR] [net.neoforged.fml.ModLoader/]: Cowardly refusing to send event net.neoforged.neoforge.client.event.RegisterItemDecorationsEvent to a broken mod state
[07Feb2025 10:13:54.790] [Render thread/ERROR] [net.neoforged.fml.ModLoader/]: Cowardly refusing to send event net.neoforged.neoforge.client.event.RegisterPresetEditorsEvent to a broken mod state
[07Feb2025 10:13:54.850] [Render thread/INFO] [net.minecraft.server.packs.resources.ReloadableResourceManager/]: Reloading ResourceManager: vanilla
[07Feb2025 10:13:54.867] [Render thread/ERROR] [net.neoforged.fml.ModLoader/]: Cowardly refusing to send event net.neoforged.neoforge.client.event.ModelEvent$RegisterGeometryLoaders to a broken mod state
[07Feb2025 10:13:54.888] [Worker-Main-13/INFO] [net.minecraft.client.gui.font.providers.UnihexProvider/]: Found unifont_all_no_pua-15.1.04.hex, loading
[07Feb2025 10:13:55.540] [Worker-Main-11/ERROR] [net.neoforged.fml.ModLoader/]: Cowardly refusing to send event net.neoforged.neoforge.client.event.ModelEvent$RegisterAdditional to a broken mod state
[07Feb2025 10:13:55.864] [Worker-Main-11/ERROR] [net.neoforged.fml.ModLoader/]: Cowardly refusing to send event net.neoforged.neoforge.client.event.ModelEvent$ModifyBakingResult to a broken mod state
[07Feb2025 10:13:55.917] [Render thread/DEBUG] [net.neoforged.neoforge.common.I18nExtension/CORE]: Loading I18N data entries: 6540
[07Feb2025 10:13:55.930] [Render thread/WARN] [net.minecraft.client.sounds.SoundEngine/]: Missing sound for event: minecraft:item.goat_horn.play
[07Feb2025 10:13:55.930] [Render thread/WARN] [net.minecraft.client.sounds.SoundEngine/]: Missing sound for event: minecraft:entity.goat.screaming.horn_break
[07Feb2025 10:13:55.930] [Render thread/WARN] [net.minecraft.client.sounds.SoundEngine/]: Missing sound for event: minecraft:entity.generic.wind_burst
[07Feb2025 10:13:55.944] [Render thread/INFO] [com.mojang.blaze3d.audio.Library/]: OpenAL initialized on device TU106 High Definition Audio Controller Digital Stereo (HDMI)
[07Feb2025 10:13:55.944] [Render thread/INFO] [net.minecraft.client.sounds.SoundEngine/SOUNDS]: Sound engine started
[07Feb2025 10:13:55.944] [Render thread/ERROR] [net.neoforged.fml.ModLoader/]: Cowardly refusing to send event net.neoforged.neoforge.client.event.sound.SoundEngineLoadEvent to a broken mod state
[07Feb2025 10:13:56.056] [Render thread/INFO] [net.minecraft.client.renderer.texture.TextureAtlas/]: Created: 1024x512x4 minecraft:textures/atlas/blocks.png-atlas
[07Feb2025 10:13:56.068] [Render thread/ERROR] [net.neoforged.fml.ModLoader/]: Cowardly refusing to send event net.neoforged.neoforge.client.event.TextureAtlasStitchedEvent to a broken mod state
[07Feb2025 10:13:56.069] [Render thread/INFO] [net.minecraft.client.renderer.texture.TextureAtlas/]: Created: 256x256x4 minecraft:textures/atlas/signs.png-atlas
[07Feb2025 10:13:56.069] [Render thread/ERROR] [net.neoforged.fml.ModLoader/]: Cowardly refusing to send event net.neoforged.neoforge.client.event.TextureAtlasStitchedEvent to a broken mod state
[07Feb2025 10:13:56.069] [Render thread/INFO] [net.minecraft.client.renderer.texture.TextureAtlas/]: Created: 512x512x4 minecraft:textures/atlas/banner_patterns.png-atlas
[07Feb2025 10:13:56.070] [Render thread/ERROR] [net.neoforged.fml.ModLoader/]: Cowardly refusing to send event net.neoforged.neoforge.client.event.TextureAtlasStitchedEvent to a broken mod state
[07Feb2025 10:13:56.070] [Render thread/INFO] [net.minecraft.client.renderer.texture.TextureAtlas/]: Created: 512x512x4 minecraft:textures/atlas/shield_patterns.png-atlas
[07Feb2025 10:13:56.070] [Render thread/ERROR] [net.neoforged.fml.ModLoader/]: Cowardly refusing to send event net.neoforged.neoforge.client.event.TextureAtlasStitchedEvent to a broken mod state
[07Feb2025 10:13:56.070] [Render thread/INFO] [net.minecraft.client.renderer.texture.TextureAtlas/]: Created: 1024x1024x4 minecraft:textures/atlas/armor_trims.png-atlas
[07Feb2025 10:13:56.075] [Render thread/ERROR] [net.neoforged.fml.ModLoader/]: Cowardly refusing to send event net.neoforged.neoforge.client.event.TextureAtlasStitchedEvent to a broken mod state
[07Feb2025 10:13:56.075] [Render thread/INFO] [net.minecraft.client.renderer.texture.TextureAtlas/]: Created: 128x64x4 minecraft:textures/atlas/decorated_pot.png-atlas
[07Feb2025 10:13:56.075] [Render thread/ERROR] [net.neoforged.fml.ModLoader/]: Cowardly refusing to send event net.neoforged.neoforge.client.event.TextureAtlasStitchedEvent to a broken mod state
[07Feb2025 10:13:56.075] [Render thread/INFO] [net.minecraft.client.renderer.texture.TextureAtlas/]: Created: 256x256x4 minecraft:textures/atlas/chest.png-atlas
[07Feb2025 10:13:56.075] [Render thread/ERROR] [net.neoforged.fml.ModLoader/]: Cowardly refusing to send event net.neoforged.neoforge.client.event.TextureAtlasStitchedEvent to a broken mod state
[07Feb2025 10:13:56.075] [Render thread/INFO] [net.minecraft.client.renderer.texture.TextureAtlas/]: Created: 512x256x4 minecraft:textures/atlas/beds.png-atlas
[07Feb2025 10:13:56.076] [Render thread/ERROR] [net.neoforged.fml.ModLoader/]: Cowardly refusing to send event net.neoforged.neoforge.client.event.TextureAtlasStitchedEvent to a broken mod state
[07Feb2025 10:13:56.076] [Render thread/INFO] [net.minecraft.client.renderer.texture.TextureAtlas/]: Created: 512x256x4 minecraft:textures/atlas/shulker_boxes.png-atlas
[07Feb2025 10:13:56.076] [Render thread/ERROR] [net.neoforged.fml.ModLoader/]: Cowardly refusing to send event net.neoforged.neoforge.client.event.TextureAtlasStitchedEvent to a broken mod state
[07Feb2025 10:13:56.076] [Render thread/ERROR] [net.neoforged.fml.ModLoader/]: Cowardly refusing to send event net.neoforged.neoforge.client.event.ModelEvent$BakingCompleted to a broken mod state
[07Feb2025 10:13:56.130] [Render thread/ERROR] [net.neoforged.fml.ModLoader/]: Cowardly refusing to send event net.neoforged.neoforge.client.event.EntityRenderersEvent$CreateSkullModels to a broken mod state
[07Feb2025 10:13:56.131] [Render thread/ERROR] [net.neoforged.fml.ModLoader/]: Cowardly refusing to send event net.neoforged.neoforge.client.event.EntityRenderersEvent$CreateSkullModels to a broken mod state
[07Feb2025 10:13:56.178] [Render thread/ERROR] [net.neoforged.fml.ModLoader/]: Cowardly refusing to send event net.neoforged.neoforge.client.event.EntityRenderersEvent$CreateSkullModels to a broken mod state
[07Feb2025 10:13:56.179] [Render thread/ERROR] [net.neoforged.fml.ModLoader/]: Cowardly refusing to send event net.neoforged.neoforge.client.event.EntityRenderersEvent$CreateSkullModels to a broken mod state
[07Feb2025 10:13:56.179] [Render thread/ERROR] [net.neoforged.fml.ModLoader/]: Cowardly refusing to send event net.neoforged.neoforge.client.event.EntityRenderersEvent$CreateSkullModels to a broken mod state
[07Feb2025 10:13:56.181] [Render thread/ERROR] [net.neoforged.fml.ModLoader/]: Cowardly refusing to send event net.neoforged.neoforge.client.event.EntityRenderersEvent$CreateSkullModels to a broken mod state
[07Feb2025 10:13:56.181] [Render thread/ERROR] [net.neoforged.fml.ModLoader/]: Cowardly refusing to send event net.neoforged.neoforge.client.event.EntityRenderersEvent$CreateSkullModels to a broken mod state
[07Feb2025 10:13:56.182] [Render thread/ERROR] [net.neoforged.fml.ModLoader/]: Cowardly refusing to send event net.neoforged.neoforge.client.event.EntityRenderersEvent$CreateSkullModels to a broken mod state
[07Feb2025 10:13:56.184] [Render thread/ERROR] [net.neoforged.fml.ModLoader/]: Cowardly refusing to send event net.neoforged.neoforge.client.event.EntityRenderersEvent$CreateSkullModels to a broken mod state
[07Feb2025 10:13:56.186] [Render thread/ERROR] [net.neoforged.fml.ModLoader/]: Cowardly refusing to send event net.neoforged.neoforge.client.event.EntityRenderersEvent$CreateSkullModels to a broken mod state
[07Feb2025 10:13:56.187] [Render thread/ERROR] [net.neoforged.fml.ModLoader/]: Cowardly refusing to send event net.neoforged.neoforge.client.event.EntityRenderersEvent$CreateSkullModels to a broken mod state
[07Feb2025 10:13:56.187] [Render thread/ERROR] [net.neoforged.fml.ModLoader/]: Cowardly refusing to send event net.neoforged.neoforge.client.event.EntityRenderersEvent$CreateSkullModels to a broken mod state
[07Feb2025 10:13:56.190] [Render thread/ERROR] [net.neoforged.fml.ModLoader/]: Cowardly refusing to send event net.neoforged.neoforge.client.event.EntityRenderersEvent$CreateSkullModels to a broken mod state
[07Feb2025 10:13:56.190] [Render thread/ERROR] [net.neoforged.fml.ModLoader/]: Cowardly refusing to send event net.neoforged.neoforge.client.event.EntityRenderersEvent$CreateSkullModels to a broken mod state
[07Feb2025 10:13:56.191] [Render thread/ERROR] [net.neoforged.fml.ModLoader/]: Cowardly refusing to send event net.neoforged.neoforge.client.event.EntityRenderersEvent$CreateSkullModels to a broken mod state
[07Feb2025 10:13:56.191] [Render thread/ERROR] [net.neoforged.fml.ModLoader/]: Cowardly refusing to send event net.neoforged.neoforge.client.event.EntityRenderersEvent$CreateSkullModels to a broken mod state
[07Feb2025 10:13:56.192] [Render thread/ERROR] [net.neoforged.fml.ModLoader/]: Cowardly refusing to send event net.neoforged.neoforge.client.event.EntityRenderersEvent$CreateSkullModels to a broken mod state
[07Feb2025 10:13:56.192] [Render thread/ERROR] [net.neoforged.fml.ModLoader/]: Cowardly refusing to send event net.neoforged.neoforge.client.event.EntityRenderersEvent$CreateSkullModels to a broken mod state
[07Feb2025 10:13:56.193] [Render thread/ERROR] [net.neoforged.fml.ModLoader/]: Cowardly refusing to send event net.neoforged.neoforge.client.event.EntityRenderersEvent$CreateSkullModels to a broken mod state
[07Feb2025 10:13:56.196] [Render thread/ERROR] [net.neoforged.fml.ModLoader/]: Cowardly refusing to send event net.neoforged.neoforge.client.event.EntityRenderersEvent$CreateSkullModels to a broken mod state
[07Feb2025 10:13:56.196] [Render thread/ERROR] [net.neoforged.fml.ModLoader/]: Cowardly refusing to send event net.neoforged.neoforge.client.event.EntityRenderersEvent$CreateSkullModels to a broken mod state
[07Feb2025 10:13:56.196] [Render thread/ERROR] [net.neoforged.fml.ModLoader/]: Cowardly refusing to send event net.neoforged.neoforge.client.event.EntityRenderersEvent$AddLayers to a broken mod state
[07Feb2025 10:13:56.217] [Render thread/WARN] [net.minecraft.client.renderer.ShaderInstance/]: Shader rendertype_entity_translucent_emissive could not find sampler named Sampler2 in the specified shader program.
[07Feb2025 10:13:56.238] [Render thread/ERROR] [net.neoforged.fml.ModLoader/]: Cowardly refusing to send event net.neoforged.neoforge.client.event.RegisterShadersEvent to a broken mod state
[07Feb2025 10:13:56.268] [Render thread/INFO] [net.minecraft.client.renderer.texture.TextureAtlas/]: Created: 512x256x0 minecraft:textures/atlas/particles.png-atlas
[07Feb2025 10:13:56.269] [Render thread/ERROR] [net.neoforged.fml.ModLoader/]: Cowardly refusing to send event net.neoforged.neoforge.client.event.TextureAtlasStitchedEvent to a broken mod state
[07Feb2025 10:13:56.270] [Render thread/INFO] [net.minecraft.client.renderer.texture.TextureAtlas/]: Created: 256x256x0 minecraft:textures/atlas/paintings.png-atlas
[07Feb2025 10:13:56.270] [Render thread/ERROR] [net.neoforged.fml.ModLoader/]: Cowardly refusing to send event net.neoforged.neoforge.client.event.TextureAtlasStitchedEvent to a broken mod state
[07Feb2025 10:13:56.270] [Render thread/INFO] [net.minecraft.client.renderer.texture.TextureAtlas/]: Created: 128x128x0 minecraft:textures/atlas/mob_effects.png-atlas
[07Feb2025 10:13:56.270] [Render thread/ERROR] [net.neoforged.fml.ModLoader/]: Cowardly refusing to send event net.neoforged.neoforge.client.event.TextureAtlasStitchedEvent to a broken mod state
[07Feb2025 10:13:56.270] [Render thread/INFO] [net.minecraft.client.renderer.texture.TextureAtlas/]: Created: 1024x512x0 minecraft:textures/atlas/gui.png-atlas
[07Feb2025 10:13:56.272] [Render thread/ERROR] [net.neoforged.fml.ModLoader/]: Cowardly refusing to send event net.neoforged.neoforge.client.event.TextureAtlasStitchedEvent to a broken mod state
[07Feb2025 10:13:56.286] [Render thread/DEBUG] [net.neoforged.neoforge.common.I18nExtension/CORE]: Loading I18N data entries: 6788
[07Feb2025 10:13:56.289] [Render thread/DEBUG] [oshi.util.FileUtil/]: Reading file /sys/devices/system/cpu/cpu0/topology/core_id
[07Feb2025 10:13:56.289] [Render thread/DEBUG] [oshi.util.FileUtil/]: Reading file /sys/devices/system/cpu/cpu0/topology/core_id
[07Feb2025 10:13:56.289] [Render thread/DEBUG] [oshi.util.FileUtil/]: Reading file /sys/devices/system/cpu/cpu0/topology/physical_package_id
[07Feb2025 10:13:56.289] [Render thread/DEBUG] [oshi.util.FileUtil/]: Reading file /sys/devices/system/cpu/cpu0/topology/physical_package_id
[07Feb2025 10:13:56.289] [Render thread/DEBUG] [oshi.util.FileUtil/]: Reading file /sys/devices/system/cpu/cpu0/cpu_capacity
[07Feb2025 10:13:56.289] [Render thread/DEBUG] [oshi.util.FileUtil/]: Reading file /sys/devices/system/cpu/cpu0/cache/index2/level
[07Feb2025 10:13:56.289] [Render thread/DEBUG] [oshi.util.FileUtil/]: Reading file /sys/devices/system/cpu/cpu0/cache/index2/level
[07Feb2025 10:13:56.289] [Render thread/DEBUG] [oshi.util.FileUtil/]: Reading file /sys/devices/system/cpu/cpu0/cache/index2/type
[07Feb2025 10:13:56.289] [Render thread/DEBUG] [oshi.util.FileUtil/]: Reading file /sys/devices/system/cpu/cpu0/cache/index2/type
[07Feb2025 10:13:56.289] [Render thread/DEBUG] [oshi.util.FileUtil/]: Reading file /sys/devices/system/cpu/cpu0/cache/index2/ways_of_associativity
[07Feb2025 10:13:56.289] [Render thread/DEBUG] [oshi.util.FileUtil/]: Reading file /sys/devices/system/cpu/cpu0/cache/index2/ways_of_associativity
[07Feb2025 10:13:56.289] [Render thread/DEBUG] [oshi.util.FileUtil/]: Reading file /sys/devices/system/cpu/cpu0/cache/index2/coherency_line_size
[07Feb2025 10:13:56.289] [Render thread/DEBUG] [oshi.util.FileUtil/]: Reading file /sys/devices/system/cpu/cpu0/cache/index2/coherency_line_size
[07Feb2025 10:13:56.290] [Render thread/DEBUG] [oshi.util.FileUtil/]: Reading file /sys/devices/system/cpu/cpu0/cache/index2/size
[07Feb2025 10:13:56.290] [Render thread/DEBUG] [oshi.util.FileUtil/]: Reading file /sys/devices/system/cpu/cpu0/cache/index2/size
[07Feb2025 10:13:56.290] [Render thread/DEBUG] [oshi.util.FileUtil/]: Reading file /sys/devices/system/cpu/cpu0/cache/index0/level
[07Feb2025 10:13:56.290] [Render thread/DEBUG] [oshi.util.FileUtil/]: Reading file /sys/devices/system/cpu/cpu0/cache/index0/level
[07Feb2025 10:13:56.290] [Render thread/DEBUG] [oshi.util.FileUtil/]: Reading file /sys/devices/system/cpu/cpu0/cache/index0/type
[07Feb2025 10:13:56.290] [Render thread/DEBUG] [oshi.util.FileUtil/]: Reading file /sys/devices/system/cpu/cpu0/cache/index0/type
[07Feb2025 10:13:56.290] [Render thread/DEBUG] [oshi.util.FileUtil/]: Reading file /sys/devices/system/cpu/cpu0/cache/index0/ways_of_associativity
[07Feb2025 10:13:56.290] [Render thread/DEBUG] [oshi.util.FileUtil/]: Reading file /sys/devices/system/cpu/cpu0/cache/index0/ways_of_associativity
[07Feb2025 10:13:56.290] [Render thread/DEBUG] [oshi.util.FileUtil/]: Reading file /sys/devices/system/cpu/cpu0/cache/index0/coherency_line_size
[07Feb2025 10:13:56.290] [Render thread/DEBUG] [oshi.util.FileUtil/]: Reading file /sys/devices/system/cpu/cpu0/cache/index0/coherency_line_size
[07Feb2025 10:13:56.290] [Render thread/DEBUG] [oshi.util.FileUtil/]: Reading file /sys/devices/system/cpu/cpu0/cache/index0/size
[07Feb2025 10:13:56.290] [Render thread/DEBUG] [oshi.util.FileUtil/]: Reading file /sys/devices/system/cpu/cpu0/cache/index0/size
[07Feb2025 10:13:56.290] [Render thread/DEBUG] [oshi.util.FileUtil/]: Reading file /sys/devices/system/cpu/cpu0/cache/index3/level
[07Feb2025 10:13:56.290] [Render thread/DEBUG] [oshi.util.FileUtil/]: Reading file /sys/devices/system/cpu/cpu0/cache/index3/level
[07Feb2025 10:13:56.290] [Render thread/DEBUG] [oshi.util.FileUtil/]: Reading file /sys/devices/system/cpu/cpu0/cache/index3/type
[07Feb2025 10:13:56.290] [Render thread/DEBUG] [oshi.util.FileUtil/]: Reading file /sys/devices/system/cpu/cpu0/cache/index3/type
[07Feb2025 10:13:56.290] [Render thread/DEBUG] [oshi.util.FileUtil/]: Reading file /sys/devices/system/cpu/cpu0/cache/index3/ways_of_associativity
[07Feb2025 10:13:56.290] [Render thread/DEBUG] [oshi.util.FileUtil/]: Reading file /sys/devices/system/cpu/cpu0/cache/index3/ways_of_associativity
[07Feb2025 10:13:56.290] [Render thread/DEBUG] [oshi.util.FileUtil/]: Reading file /sys/devices/system/cpu/cpu0/cache/index3/coherency_line_size
[07Feb2025 10:13:56.290] [Render thread/DEBUG] [oshi.util.FileUtil/]: Reading file /sys/devices/system/cpu/cpu0/cache/index3/coherency_line_size
[07Feb2025 10:13:56.290] [Render thread/DEBUG] [oshi.util.FileUtil/]: Reading file /sys/devices/system/cpu/cpu0/cache/index3/size
[07Feb2025 10:13:56.290] [Render thread/DEBUG] [oshi.util.FileUtil/]: Reading file /sys/devices/system/cpu/cpu0/cache/index3/size
[07Feb2025 10:13:56.290] [Render thread/DEBUG] [oshi.util.FileUtil/]: Reading file /sys/devices/system/cpu/cpu0/cache/index1/level
[07Feb2025 10:13:56.290] [Render thread/DEBUG] [oshi.util.FileUtil/]: Reading file /sys/devices/system/cpu/cpu0/cache/index1/level
[07Feb2025 10:13:56.290] [Render thread/DEBUG] [oshi.util.FileUtil/]: Reading file /sys/devices/system/cpu/cpu0/cache/index1/type
[07Feb2025 10:13:56.290] [Render thread/DEBUG] [oshi.util.FileUtil/]: Reading file /sys/devices/system/cpu/cpu0/cache/index1/type
[07Feb2025 10:13:56.290] [Render thread/DEBUG] [oshi.util.FileUtil/]: Reading file /sys/devices/system/cpu/cpu0/cache/index1/ways_of_associativity
[07Feb2025 10:13:56.290] [Render thread/DEBUG] [oshi.util.FileUtil/]: Reading file /sys/devices/system/cpu/cpu0/cache/index1/ways_of_associativity
[07Feb2025 10:13:56.290] [Render thread/DEBUG] [oshi.util.FileUtil/]: Reading file /sys/devices/system/cpu/cpu0/cache/index1/coherency_line_size
[07Feb2025 10:13:56.290] [Render thread/DEBUG] [oshi.util.FileUtil/]: Reading file /sys/devices/system/cpu/cpu0/cache/index1/coherency_line_size
[07Feb2025 10:13:56.290] [Render thread/DEBUG] [oshi.util.FileUtil/]: Reading file /sys/devices/system/cpu/cpu0/cache/index1/size
[07Feb2025 10:13:56.290] [Render thread/DEBUG] [oshi.util.FileUtil/]: Reading file /sys/devices/system/cpu/cpu0/cache/index1/size
[07Feb2025 10:13:56.291] [Render thread/DEBUG] [oshi.util.FileUtil/]: Reading file /sys/devices/system/cpu/cpu1/topology/core_id
[07Feb2025 10:13:56.291] [Render thread/DEBUG] [oshi.util.FileUtil/]: Reading file /sys/devices/system/cpu/cpu1/topology/core_id
[07Feb2025 10:13:56.291] [Render thread/DEBUG] [oshi.util.FileUtil/]: Reading file /sys/devices/system/cpu/cpu1/topology/physical_package_id
[07Feb2025 10:13:56.291] [Render thread/DEBUG] [oshi.util.FileUtil/]: Reading file /sys/devices/system/cpu/cpu1/topology/physical_package_id
[07Feb2025 10:13:56.291] [Render thread/DEBUG] [oshi.util.FileUtil/]: Reading file /sys/devices/system/cpu/cpu1/cpu_capacity
[07Feb2025 10:13:56.291] [Render thread/DEBUG] [oshi.util.FileUtil/]: Reading file /sys/devices/system/cpu/cpu1/cache/index2/level
[07Feb2025 10:13:56.291] [Render thread/DEBUG] [oshi.util.FileUtil/]: Reading file /sys/devices/system/cpu/cpu1/cache/index2/level
[07Feb2025 10:13:56.291] [Render thread/DEBUG] [oshi.util.FileUtil/]: Reading file /sys/devices/system/cpu/cpu1/cache/index2/type
[07Feb2025 10:13:56.291] [Render thread/DEBUG] [oshi.util.FileUtil/]: Reading file /sys/devices/system/cpu/cpu1/cache/index2/type
[07Feb2025 10:13:56.291] [Render thread/DEBUG] [oshi.util.FileUtil/]: Reading file /sys/devices/system/cpu/cpu1/cache/index2/ways_of_associativity
[07Feb2025 10:13:56.291] [Render thread/DEBUG] [oshi.util.FileUtil/]: Reading file /sys/devices/system/cpu/cpu1/cache/index2/ways_of_associativity
[07Feb2025 10:13:56.291] [Render thread/DEBUG] [oshi.util.FileUtil/]: Reading file /sys/devices/system/cpu/cpu1/cache/index2/coherency_line_size
[07Feb2025 10:13:56.291] [Render thread/DEBUG] [oshi.util.FileUtil/]: Reading file /sys/devices/system/cpu/cpu1/cache/index2/coherency_line_size
[07Feb2025 10:13:56.291] [Render thread/DEBUG] [oshi.util.FileUtil/]: Reading file /sys/devices/system/cpu/cpu1/cache/index2/size
[07Feb2025 10:13:56.291] [Render thread/DEBUG] [oshi.util.FileUtil/]: Reading file /sys/devices/system/cpu/cpu1/cache/index2/size
[07Feb2025 10:13:56.291] [Render thread/DEBUG] [oshi.util.FileUtil/]: Reading file /sys/devices/system/cpu/cpu1/cache/index0/level
[07Feb2025 10:13:56.291] [Render thread/DEBUG] [oshi.util.FileUtil/]: Reading file /sys/devices/system/cpu/cpu1/cache/index0/level
[07Feb2025 10:13:56.291] [Render thread/DEBUG] [oshi.util.FileUtil/]: Reading file /sys/devices/system/cpu/cpu1/cache/index0/type
[07Feb2025 10:13:56.291] [Render thread/DEBUG] [oshi.util.FileUtil/]: Reading file /sys/devices/system/cpu/cpu1/cache/index0/type
[07Feb2025 10:13:56.291] [Render thread/DEBUG] [oshi.util.FileUtil/]: Reading file /sys/devices/system/cpu/cpu1/cache/index0/ways_of_associativity
[07Feb2025 10:13:56.291] [Render thread/DEBUG] [oshi.util.FileUtil/]: Reading file /sys/devices/system/cpu/cpu1/cache/index0/ways_of_associativity
[07Feb2025 10:13:56.291] [Render thread/DEBUG] [oshi.util.FileUtil/]: Reading file /sys/devices/system/cpu/cpu1/cache/index0/coherency_line_size
[07Feb2025 10:13:56.291] [Render thread/DEBUG] [oshi.util.FileUtil/]: Reading file /sys/devices/system/cpu/cpu1/cache/index0/coherency_line_size
[07Feb2025 10:13:56.291] [Render thread/DEBUG] [oshi.util.FileUtil/]: Reading file /sys/devices/system/cpu/cpu1/cache/index0/size
[07Feb2025 10:13:56.291] [Render thread/DEBUG] [oshi.util.FileUtil/]: Reading file /sys/devices/system/cpu/cpu1/cache/index0/size
[07Feb2025 10:13:56.291] [Render thread/DEBUG] [oshi.util.FileUtil/]: Reading file /sys/devices/system/cpu/cpu1/cache/index3/level
[07Feb2025 10:13:56.291] [Render thread/DEBUG] [oshi.util.FileUtil/]: Reading file /sys/devices/system/cpu/cpu1/cache/index3/level
[07Feb2025 10:13:56.292] [Render thread/DEBUG] [oshi.util.FileUtil/]: Reading file /sys/devices/system/cpu/cpu1/cache/index3/type
[07Feb2025 10:13:56.292] [Render thread/DEBUG] [oshi.util.FileUtil/]: Reading file /sys/devices/system/cpu/cpu1/cache/index3/type
[07Feb2025 10:13:56.292] [Render thread/DEBUG] [oshi.util.FileUtil/]: Reading file /sys/devices/system/cpu/cpu1/cache/index3/ways_of_associativity
[07Feb2025 10:13:56.292] [Render thread/DEBUG] [oshi.util.FileUtil/]: Reading file /sys/devices/system/cpu/cpu1/cache/index3/ways_of_associativity
[07Feb2025 10:13:56.292] [Render thread/DEBUG] [oshi.util.FileUtil/]: Reading file /sys/devices/system/cpu/cpu1/cache/index3/coherency_line_size
[07Feb2025 10:13:56.292] [Render thread/DEBUG] [oshi.util.FileUtil/]: Reading file /sys/devices/system/cpu/cpu1/cache/index3/coherency_line_size
[07Feb2025 10:13:56.292] [Render thread/DEBUG] [oshi.util.FileUtil/]: Reading file /sys/devices/system/cpu/cpu1/cache/index3/size
[07Feb2025 10:13:56.292] [Render thread/DEBUG] [oshi.util.FileUtil/]: Reading file /sys/devices/system/cpu/cpu1/cache/index3/size
[07Feb2025 10:13:56.292] [Render thread/DEBUG] [oshi.util.FileUtil/]: Reading file /sys/devices/system/cpu/cpu1/cache/index1/level
[07Feb2025 10:13:56.292] [Render thread/DEBUG] [oshi.util.FileUtil/]: Reading file /sys/devices/system/cpu/cpu1/cache/index1/level
[07Feb2025 10:13:56.292] [Render thread/DEBUG] [oshi.util.FileUtil/]: Reading file /sys/devices/system/cpu/cpu1/cache/index1/type
[07Feb2025 10:13:56.292] [Render thread/DEBUG] [oshi.util.FileUtil/]: Reading file /sys/devices/system/cpu/cpu1/cache/index1/type
[07Feb2025 10:13:56.292] [Render thread/DEBUG] [oshi.util.FileUtil/]: Reading file /sys/devices/system/cpu/cpu1/cache/index1/ways_of_associativity
[07Feb2025 10:13:56.292] [Render thread/DEBUG] [oshi.util.FileUtil/]: Reading file /sys/devices/system/cpu/cpu1/cache/index1/ways_of_associativity
[07Feb2025 10:13:56.292] [Render thread/DEBUG] [oshi.util.FileUtil/]: Reading file /sys/devices/system/cpu/cpu1/cache/index1/coherency_line_size
[07Feb2025 10:13:56.292] [Render thread/DEBUG] [oshi.util.FileUtil/]: Reading file /sys/devices/system/cpu/cpu1/cache/index1/coherency_line_size
[07Feb2025 10:13:56.292] [Render thread/DEBUG] [oshi.util.FileUtil/]: Reading file /sys/devices/system/cpu/cpu1/cache/index1/size
[07Feb2025 10:13:56.292] [Render thread/DEBUG] [oshi.util.FileUtil/]: Reading file /sys/devices/system/cpu/cpu1/cache/index1/size
[07Feb2025 10:13:56.292] [Render thread/DEBUG] [oshi.util.FileUtil/]: Reading file /sys/devices/system/cpu/cpu10/topology/core_id
[07Feb2025 10:13:56.292] [Render thread/DEBUG] [oshi.util.FileUtil/]: Reading file /sys/devices/system/cpu/cpu10/topology/core_id
[07Feb2025 10:13:56.292] [Render thread/DEBUG] [oshi.util.FileUtil/]: Reading file /sys/devices/system/cpu/cpu10/topology/physical_package_id
[07Feb2025 10:13:56.292] [Render thread/DEBUG] [oshi.util.FileUtil/]: Reading file /sys/devices/system/cpu/cpu10/topology/physical_package_id
[07Feb2025 10:13:56.292] [Render thread/DEBUG] [oshi.util.FileUtil/]: Reading file /sys/devices/system/cpu/cpu10/cpu_capacity
[07Feb2025 10:13:56.292] [Render thread/DEBUG] [oshi.util.FileUtil/]: Reading file /sys/devices/system/cpu/cpu10/cache/index2/level
[07Feb2025 10:13:56.292] [Render thread/DEBUG] [oshi.util.FileUtil/]: Reading file /sys/devices/system/cpu/cpu10/cache/index2/level
[07Feb2025 10:13:56.292] [Render thread/DEBUG] [oshi.util.FileUtil/]: Reading file /sys/devices/system/cpu/cpu10/cache/index2/type
[07Feb2025 10:13:56.292] [Render thread/DEBUG] [oshi.util.FileUtil/]: Reading file /sys/devices/system/cpu/cpu10/cache/index2/type
[07Feb2025 10:13:56.292] [Render thread/DEBUG] [oshi.util.FileUtil/]: Reading file /sys/devices/system/cpu/cpu10/cache/index2/ways_of_associativity
[07Feb2025 10:13:56.293] [Render thread/DEBUG] [oshi.util.FileUtil/]: Reading file /sys/devices/system/cpu/cpu10/cache/index2/ways_of_associativity
[07Feb2025 10:13:56.293] [Render thread/DEBUG] [oshi.util.FileUtil/]: Reading file /sys/devices/system/cpu/cpu10/cache/index2/coherency_line_size
[07Feb2025 10:13:56.293] [Render thread/DEBUG] [oshi.util.FileUtil/]: Reading file /sys/devices/system/cpu/cpu10/cache/index2/coherency_line_size
[07Feb2025 10:13:56.293] [Render thread/DEBUG] [oshi.util.FileUtil/]: Reading file /sys/devices/system/cpu/cpu10/cache/index2/size
[07Feb2025 10:13:56.293] [Render thread/DEBUG] [oshi.util.FileUtil/]: Reading file /sys/devices/system/cpu/cpu10/cache/index2/size
[07Feb2025 10:13:56.293] [Render thread/DEBUG] [oshi.util.FileUtil/]: Reading file /sys/devices/system/cpu/cpu10/cache/index0/level
[07Feb2025 10:13:56.293] [Render thread/DEBUG] [oshi.util.FileUtil/]: Reading file /sys/devices/system/cpu/cpu10/cache/index0/level
[07Feb2025 10:13:56.293] [Render thread/DEBUG] [oshi.util.FileUtil/]: Reading file /sys/devices/system/cpu/cpu10/cache/index0/type
[07Feb2025 10:13:56.293] [Render thread/DEBUG] [oshi.util.FileUtil/]: Reading file /sys/devices/system/cpu/cpu10/cache/index0/type
[07Feb2025 10:13:56.293] [Render thread/DEBUG] [oshi.util.FileUtil/]: Reading file /sys/devices/system/cpu/cpu10/cache/index0/ways_of_associativity
[07Feb2025 10:13:56.293] [Render thread/DEBUG] [oshi.util.FileUtil/]: Reading file /sys/devices/system/cpu/cpu10/cache/index0/ways_of_associativity
[07Feb2025 10:13:56.293] [Render thread/DEBUG] [oshi.util.FileUtil/]: Reading file /sys/devices/system/cpu/cpu10/cache/index0/coherency_line_size
[07Feb2025 10:13:56.293] [Render thread/DEBUG] [oshi.util.FileUtil/]: Reading file /sys/devices/system/cpu/cpu10/cache/index0/coherency_line_size
[07Feb2025 10:13:56.293] [Render thread/DEBUG] [oshi.util.FileUtil/]: Reading file /sys/devices/system/cpu/cpu10/cache/index0/size
[07Feb2025 10:13:56.293] [Render thread/DEBUG] [oshi.util.FileUtil/]: Reading file /sys/devices/system/cpu/cpu10/cache/index0/size
[07Feb2025 10:13:56.293] [Render thread/DEBUG] [oshi.util.FileUtil/]: Reading file /sys/devices/system/cpu/cpu10/cache/index3/level
[07Feb2025 10:13:56.293] [Render thread/DEBUG] [oshi.util.FileUtil/]: Reading file /sys/devices/system/cpu/cpu10/cache/index3/level
[07Feb2025 10:13:56.293] [Render thread/DEBUG] [oshi.util.FileUtil/]: Reading file /sys/devices/system/cpu/cpu10/cache/index3/type
[07Feb2025 10:13:56.293] [Render thread/DEBUG] [oshi.util.FileUtil/]: Reading file /sys/devices/system/cpu/cpu10/cache/index3/type
[07Feb2025 10:13:56.293] [Render thread/DEBUG] [oshi.util.FileUtil/]: Reading file /sys/devices/system/cpu/cpu10/cache/index3/ways_of_associativity
[07Feb2025 10:13:56.293] [Render thread/DEBUG] [oshi.util.FileUtil/]: Reading file /sys/devices/system/cpu/cpu10/cache/index3/ways_of_associativity
[07Feb2025 10:13:56.293] [Render thread/DEBUG] [oshi.util.FileUtil/]: Reading file /sys/devices/system/cpu/cpu10/cache/index3/coherency_line_size
[07Feb2025 10:13:56.293] [Render thread/DEBUG] [oshi.util.FileUtil/]: Reading file /sys/devices/system/cpu/cpu10/cache/index3/coherency_line_size
[07Feb2025 10:13:56.293] [Render thread/DEBUG] [oshi.util.FileUtil/]: Reading file /sys/devices/system/cpu/cpu10/cache/index3/size
[07Feb2025 10:13:56.293] [Render thread/DEBUG] [oshi.util.FileUtil/]: Reading file /sys/devices/system/cpu/cpu10/cache/index3/size
[07Feb2025 10:13:56.293] [Render thread/DEBUG] [oshi.util.FileUtil/]: Reading file /sys/devices/system/cpu/cpu10/cache/index1/level
[07Feb2025 10:13:56.293] [Render thread/DEBUG] [oshi.util.FileUtil/]: Reading file /sys/devices/system/cpu/cpu10/cache/index1/level
[07Feb2025 10:13:56.293] [Render thread/DEBUG] [oshi.util.FileUtil/]: Reading file /sys/devices/system/cpu/cpu10/cache/index1/type
[07Feb2025 10:13:56.293] [Render thread/DEBUG] [oshi.util.FileUtil/]: Reading file /sys/devices/system/cpu/cpu10/cache/index1/type
[07Feb2025 10:13:56.293] [Render thread/DEBUG] [oshi.util.FileUtil/]: Reading file /sys/devices/system/cpu/cpu10/cache/index1/ways_of_associativity
[07Feb2025 10:13:56.293] [Render thread/DEBUG] [oshi.util.FileUtil/]: Reading file /sys/devices/system/cpu/cpu10/cache/index1/ways_of_associativity
[07Feb2025 10:13:56.293] [Render thread/DEBUG] [oshi.util.FileUtil/]: Reading file /sys/devices/system/cpu/cpu10/cache/index1/coherency_line_size
[07Feb2025 10:13:56.293] [Render thread/DEBUG] [oshi.util.FileUtil/]: Reading file /sys/devices/system/cpu/cpu10/cache/index1/coherency_line_size
[07Feb2025 10:13:56.294] [Render thread/DEBUG] [oshi.util.FileUtil/]: Reading file /sys/devices/system/cpu/cpu10/cache/index1/size
[07Feb2025 10:13:56.294] [Render thread/DEBUG] [oshi.util.FileUtil/]: Reading file /sys/devices/system/cpu/cpu10/cache/index1/size
[07Feb2025 10:13:56.294] [Render thread/DEBUG] [oshi.util.FileUtil/]: Reading file /sys/devices/system/cpu/cpu11/topology/core_id
[07Feb2025 10:13:56.294] [Render thread/DEBUG] [oshi.util.FileUtil/]: Reading file /sys/devices/system/cpu/cpu11/topology/core_id
[07Feb2025 10:13:56.294] [Render thread/DEBUG] [oshi.util.FileUtil/]: Reading file /sys/devices/system/cpu/cpu11/topology/physical_package_id
[07Feb2025 10:13:56.294] [Render thread/DEBUG] [oshi.util.FileUtil/]: Reading file /sys/devices/system/cpu/cpu11/topology/physical_package_id
[07Feb2025 10:13:56.294] [Render thread/DEBUG] [oshi.util.FileUtil/]: Reading file /sys/devices/system/cpu/cpu11/cpu_capacity
[07Feb2025 10:13:56.294] [Render thread/DEBUG] [oshi.util.FileUtil/]: Reading file /sys/devices/system/cpu/cpu11/cache/index2/level
[07Feb2025 10:13:56.294] [Render thread/DEBUG] [oshi.util.FileUtil/]: Reading file /sys/devices/system/cpu/cpu11/cache/index2/level
[07Feb2025 10:13:56.294] [Render thread/DEBUG] [oshi.util.FileUtil/]: Reading file /sys/devices/system/cpu/cpu11/cache/index2/type
[07Feb2025 10:13:56.294] [Render thread/DEBUG] [oshi.util.FileUtil/]: Reading file /sys/devices/system/cpu/cpu11/cache/index2/type
[07Feb2025 10:13:56.294] [Render thread/DEBUG] [oshi.util.FileUtil/]: Reading file /sys/devices/system/cpu/cpu11/cache/index2/ways_of_associativity
[07Feb2025 10:13:56.294] [Render thread/DEBUG] [oshi.util.FileUtil/]: Reading file /sys/devices/system/cpu/cpu11/cache/index2/ways_of_associativity
[07Feb2025 10:13:56.294] [Render thread/DEBUG] [oshi.util.FileUtil/]: Reading file /sys/devices/system/cpu/cpu11/cache/index2/coherency_line_size
[07Feb2025 10:13:56.294] [Render thread/DEBUG] [oshi.util.FileUtil/]: Reading file /sys/devices/system/cpu/cpu11/cache/index2/coherency_line_size
[07Feb2025 10:13:56.294] [Render thread/DEBUG] [oshi.util.FileUtil/]: Reading file /sys/devices/system/cpu/cpu11/cache/index2/size
[07Feb2025 10:13:56.294] [Render thread/DEBUG] [oshi.util.FileUtil/]: Reading file /sys/devices/system/cpu/cpu11/cache/index2/size
[07Feb2025 10:13:56.294] [Render thread/DEBUG] [oshi.util.FileUtil/]: Reading file /sys/devices/system/cpu/cpu11/cache/index0/level
[07Feb2025 10:13:56.294] [Render thread/DEBUG] [oshi.util.FileUtil/]: Reading file /sys/devices/system/cpu/cpu11/cache/index0/level
[07Feb2025 10:13:56.294] [Render thread/DEBUG] [oshi.util.FileUtil/]: Reading file /sys/devices/system/cpu/cpu11/cache/index0/type
[07Feb2025 10:13:56.294] [Render thread/DEBUG] [oshi.util.FileUtil/]: Reading file /sys/devices/system/cpu/cpu11/cache/index0/type
[07Feb2025 10:13:56.294] [Render thread/DEBUG] [oshi.util.FileUtil/]: Reading file /sys/devices/system/cpu/cpu11/cache/index0/ways_of_associativity
[07Feb2025 10:13:56.294] [Render thread/DEBUG] [oshi.util.FileUtil/]: Reading file /sys/devices/system/cpu/cpu11/cache/index0/ways_of_associativity
[07Feb2025 10:13:56.294] [Render thread/DEBUG] [oshi.util.FileUtil/]: Reading file /sys/devices/system/cpu/cpu11/cache/index0/coherency_line_size
[07Feb2025 10:13:56.294] [Render thread/DEBUG] [oshi.util.FileUtil/]: Reading file /sys/devices/system/cpu/cpu11/cache/index0/coherency_line_size
[07Feb2025 10:13:56.294] [Render thread/DEBUG] [oshi.util.FileUtil/]: Reading file /sys/devices/system/cpu/cpu11/cache/index0/size
[07Feb2025 10:13:56.295] [Render thread/DEBUG] [oshi.util.FileUtil/]: Reading file /sys/devices/system/cpu/cpu11/cache/index0/size
[07Feb2025 10:13:56.295] [Render thread/DEBUG] [oshi.util.FileUtil/]: Reading file /sys/devices/system/cpu/cpu11/cache/index3/level
[07Feb2025 10:13:56.295] [Render thread/DEBUG] [oshi.util.FileUtil/]: Reading file /sys/devices/system/cpu/cpu11/cache/index3/level
[07Feb2025 10:13:56.295] [Render thread/DEBUG] [oshi.util.FileUtil/]: Reading file /sys/devices/system/cpu/cpu11/cache/index3/type
[07Feb2025 10:13:56.295] [Render thread/DEBUG] [oshi.util.FileUtil/]: Reading file /sys/devices/system/cpu/cpu11/cache/index3/type
[07Feb2025 10:13:56.295] [Render thread/DEBUG] [oshi.util.FileUtil/]: Reading file /sys/devices/system/cpu/cpu11/cache/index3/ways_of_associativity
[07Feb2025 10:13:56.295] [Render thread/DEBUG] [oshi.util.FileUtil/]: Reading file /sys/devices/system/cpu/cpu11/cache/index3/ways_of_associativity
[07Feb2025 10:13:56.295] [Render thread/DEBUG] [oshi.util.FileUtil/]: Reading file /sys/devices/system/cpu/cpu11/cache/index3/coherency_line_size
[07Feb2025 10:13:56.295] [Render thread/DEBUG] [oshi.util.FileUtil/]: Reading file /sys/devices/system/cpu/cpu11/cache/index3/coherency_line_size
[07Feb2025 10:13:56.295] [Render thread/DEBUG] [oshi.util.FileUtil/]: Reading file /sys/devices/system/cpu/cpu11/cache/index3/size
[07Feb2025 10:13:56.295] [Render thread/DEBUG] [oshi.util.FileUtil/]: Reading file /sys/devices/system/cpu/cpu11/cache/index3/size
[07Feb2025 10:13:56.295] [Render thread/DEBUG] [oshi.util.FileUtil/]: Reading file /sys/devices/system/cpu/cpu11/cache/index1/level
[07Feb2025 10:13:56.295] [Render thread/DEBUG] [oshi.util.FileUtil/]: Reading file /sys/devices/system/cpu/cpu11/cache/index1/level
[07Feb2025 10:13:56.295] [Render thread/DEBUG] [oshi.util.FileUtil/]: Reading file /sys/devices/system/cpu/cpu11/cache/index1/type
[07Feb2025 10:13:56.295] [Render thread/DEBUG] [oshi.util.FileUtil/]: Reading file /sys/devices/system/cpu/cpu11/cache/index1/type
[07Feb2025 10:13:56.295] [Render thread/DEBUG] [oshi.util.FileUtil/]: Reading file /sys/devices/system/cpu/cpu11/cache/index1/ways_of_associativity
[07Feb2025 10:13:56.295] [Render thread/DEBUG] [oshi.util.FileUtil/]: Reading file /sys/devices/system/cpu/cpu11/cache/index1/ways_of_associativity
[07Feb2025 10:13:56.295] [Render thread/DEBUG] [oshi.util.FileUtil/]: Reading file /sys/devices/system/cpu/cpu11/cache/index1/coherency_line_size
[07Feb2025 10:13:56.295] [Render thread/DEBUG] [oshi.util.FileUtil/]: Reading file /sys/devices/system/cpu/cpu11/cache/index1/coherency_line_size
[07Feb2025 10:13:56.295] [Render thread/DEBUG] [oshi.util.FileUtil/]: Reading file /sys/devices/system/cpu/cpu11/cache/index1/size
[07Feb2025 10:13:56.295] [Render thread/DEBUG] [oshi.util.FileUtil/]: Reading file /sys/devices/system/cpu/cpu11/cache/index1/size
[07Feb2025 10:13:56.295] [Render thread/DEBUG] [oshi.util.FileUtil/]: Reading file /sys/devices/system/cpu/cpu12/topology/core_id
[07Feb2025 10:13:56.295] [Render thread/DEBUG] [oshi.util.FileUtil/]: Reading file /sys/devices/system/cpu/cpu12/topology/core_id
[07Feb2025 10:13:56.295] [Render thread/DEBUG] [oshi.util.FileUtil/]: Reading file /sys/devices/system/cpu/cpu12/topology/physical_package_id
[07Feb2025 10:13:56.295] [Render thread/DEBUG] [oshi.util.FileUtil/]: Reading file /sys/devices/system/cpu/cpu12/topology/physical_package_id
[07Feb2025 10:13:56.295] [Render thread/DEBUG] [oshi.util.FileUtil/]: Reading file /sys/devices/system/cpu/cpu12/cpu_capacity
[07Feb2025 10:13:56.296] [Render thread/DEBUG] [oshi.util.FileUtil/]: Reading file /sys/devices/system/cpu/cpu12/cache/index2/level
[07Feb2025 10:13:56.296] [Render thread/DEBUG] [oshi.util.FileUtil/]: Reading file /sys/devices/system/cpu/cpu12/cache/index2/level
[07Feb2025 10:13:56.296] [Render thread/DEBUG] [oshi.util.FileUtil/]: Reading file /sys/devices/system/cpu/cpu12/cache/index2/type
[07Feb2025 10:13:56.296] [Render thread/DEBUG] [oshi.util.FileUtil/]: Reading file /sys/devices/system/cpu/cpu12/cache/index2/type
[07Feb2025 10:13:56.296] [Render thread/DEBUG] [oshi.util.FileUtil/]: Reading file /sys/devices/system/cpu/cpu12/cache/index2/ways_of_associativity
[07Feb2025 10:13:56.296] [Render thread/DEBUG] [oshi.util.FileUtil/]: Reading file /sys/devices/system/cpu/cpu12/cache/index2/ways_of_associativity
[07Feb2025 10:13:56.296] [Render thread/DEBUG] [oshi.util.FileUtil/]: Reading file /sys/devices/system/cpu/cpu12/cache/index2/coherency_line_size
[07Feb2025 10:13:56.296] [Render thread/DEBUG] [oshi.util.FileUtil/]: Reading file /sys/devices/system/cpu/cpu12/cache/index2/coherency_line_size
[07Feb2025 10:13:56.296] [Render thread/DEBUG] [oshi.util.FileUtil/]: Reading file /sys/devices/system/cpu/cpu12/cache/index2/size
[07Feb2025 10:13:56.296] [Render thread/DEBUG] [oshi.util.FileUtil/]: Reading file /sys/devices/system/cpu/cpu12/cache/index2/size
[07Feb2025 10:13:56.296] [Render thread/DEBUG] [oshi.util.FileUtil/]: Reading file /sys/devices/system/cpu/cpu12/cache/index0/level
[07Feb2025 10:13:56.296] [Render thread/DEBUG] [oshi.util.FileUtil/]: Reading file /sys/devices/system/cpu/cpu12/cache/index0/level
[07Feb2025 10:13:56.296] [Render thread/DEBUG] [oshi.util.FileUtil/]: Reading file /sys/devices/system/cpu/cpu12/cache/index0/type
[07Feb2025 10:13:56.296] [Render thread/DEBUG] [oshi.util.FileUtil/]: Reading file /sys/devices/system/cpu/cpu12/cache/index0/type
[07Feb2025 10:13:56.296] [Render thread/DEBUG] [oshi.util.FileUtil/]: Reading file /sys/devices/system/cpu/cpu12/cache/index0/ways_of_associativity
[07Feb2025 10:13:56.296] [Render thread/DEBUG] [oshi.util.FileUtil/]: Reading file /sys/devices/system/cpu/cpu12/cache/index0/ways_of_associativity
[07Feb2025 10:13:56.296] [Render thread/DEBUG] [oshi.util.FileUtil/]: Reading file /sys/devices/system/cpu/cpu12/cache/index0/coherency_line_size
[07Feb2025 10:13:56.296] [Render thread/DEBUG] [oshi.util.FileUtil/]: Reading file /sys/devices/system/cpu/cpu12/cache/index0/coherency_line_size
[07Feb2025 10:13:56.296] [Render thread/DEBUG] [oshi.util.FileUtil/]: Reading file /sys/devices/system/cpu/cpu12/cache/index0/size
[07Feb2025 10:13:56.296] [Render thread/DEBUG] [oshi.util.FileUtil/]: Reading file /sys/devices/system/cpu/cpu12/cache/index0/size
[07Feb2025 10:13:56.296] [Render thread/DEBUG] [oshi.util.FileUtil/]: Reading file /sys/devices/system/cpu/cpu12/cache/index3/level
[07Feb2025 10:13:56.296] [Render thread/DEBUG] [oshi.util.FileUtil/]: Reading file /sys/devices/system/cpu/cpu12/cache/index3/level
[07Feb2025 10:13:56.296] [Render thread/DEBUG] [oshi.util.FileUtil/]: Reading file /sys/devices/system/cpu/cpu12/cache/index3/type
[07Feb2025 10:13:56.296] [Render thread/DEBUG] [oshi.util.FileUtil/]: Reading file /sys/devices/system/cpu/cpu12/cache/index3/type
[07Feb2025 10:13:56.296] [Render thread/DEBUG] [oshi.util.FileUtil/]: Reading file /sys/devices/system/cpu/cpu12/cache/index3/ways_of_associativity
[07Feb2025 10:13:56.296] [Render thread/DEBUG] [oshi.util.FileUtil/]: Reading file /sys/devices/system/cpu/cpu12/cache/index3/ways_of_associativity
[07Feb2025 10:13:56.296] [Render thread/DEBUG] [oshi.util.FileUtil/]: Reading file /sys/devices/system/cpu/cpu12/cache/index3/coherency_line_size
[07Feb2025 10:13:56.296] [Render thread/DEBUG] [oshi.util.FileUtil/]: Reading file /sys/devices/system/cpu/cpu12/cache/index3/coherency_line_size
[07Feb2025 10:13:56.297] [Render thread/DEBUG] [oshi.util.FileUtil/]: Reading file /sys/devices/system/cpu/cpu12/cache/index3/size
[07Feb2025 10:13:56.297] [Render thread/DEBUG] [oshi.util.FileUtil/]: Reading file /sys/devices/system/cpu/cpu12/cache/index3/size
[07Feb2025 10:13:56.297] [Render thread/DEBUG] [oshi.util.FileUtil/]: Reading file /sys/devices/system/cpu/cpu12/cache/index1/level
[07Feb2025 10:13:56.297] [Render thread/DEBUG] [oshi.util.FileUtil/]: Reading file /sys/devices/system/cpu/cpu12/cache/index1/level
[07Feb2025 10:13:56.297] [Render thread/DEBUG] [oshi.util.FileUtil/]: Reading file /sys/devices/system/cpu/cpu12/cache/index1/type
[07Feb2025 10:13:56.297] [Render thread/DEBUG] [oshi.util.FileUtil/]: Reading file /sys/devices/system/cpu/cpu12/cache/index1/type
[07Feb2025 10:13:56.297] [Render thread/DEBUG] [oshi.util.FileUtil/]: Reading file /sys/devices/system/cpu/cpu12/cache/index1/ways_of_associativity
[07Feb2025 10:13:56.297] [Render thread/DEBUG] [oshi.util.FileUtil/]: Reading file /sys/devices/system/cpu/cpu12/cache/index1/ways_of_associativity
[07Feb2025 10:13:56.297] [Render thread/DEBUG] [oshi.util.FileUtil/]: Reading file /sys/devices/system/cpu/cpu12/cache/index1/coherency_line_size
[07Feb2025 10:13:56.297] [Render thread/DEBUG] [oshi.util.FileUtil/]: Reading file /sys/devices/system/cpu/cpu12/cache/index1/coherency_line_size
[07Feb2025 10:13:56.297] [Render thread/DEBUG] [oshi.util.FileUtil/]: Reading file /sys/devices/system/cpu/cpu12/cache/index1/size
[07Feb2025 10:13:56.297] [Render thread/DEBUG] [oshi.util.FileUtil/]: Reading file /sys/devices/system/cpu/cpu12/cache/index1/size
[07Feb2025 10:13:56.297] [Render thread/DEBUG] [oshi.util.FileUtil/]: Reading file /sys/devices/system/cpu/cpu13/topology/core_id
[07Feb2025 10:13:56.297] [Render thread/DEBUG] [oshi.util.FileUtil/]: Reading file /sys/devices/system/cpu/cpu13/topology/core_id
[07Feb2025 10:13:56.297] [Render thread/DEBUG] [oshi.util.FileUtil/]: Reading file /sys/devices/system/cpu/cpu13/topology/physical_package_id
[07Feb2025 10:13:56.297] [Render thread/DEBUG] [oshi.util.FileUtil/]: Reading file /sys/devices/system/cpu/cpu13/topology/physical_package_id
[07Feb2025 10:13:56.297] [Render thread/DEBUG] [oshi.util.FileUtil/]: Reading file /sys/devices/system/cpu/cpu13/cpu_capacity
[07Feb2025 10:13:56.297] [Render thread/DEBUG] [oshi.util.FileUtil/]: Reading file /sys/devices/system/cpu/cpu13/cache/index2/level
[07Feb2025 10:13:56.297] [Render thread/DEBUG] [oshi.util.FileUtil/]: Reading file /sys/devices/system/cpu/cpu13/cache/index2/level
[07Feb2025 10:13:56.297] [Render thread/DEBUG] [oshi.util.FileUtil/]: Reading file /sys/devices/system/cpu/cpu13/cache/index2/type
[07Feb2025 10:13:56.297] [Render thread/DEBUG] [oshi.util.FileUtil/]: Reading file /sys/devices/system/cpu/cpu13/cache/index2/type
[07Feb2025 10:13:56.297] [Render thread/DEBUG] [oshi.util.FileUtil/]: Reading file /sys/devices/system/cpu/cpu13/cache/index2/ways_of_associativity
[07Feb2025 10:13:56.297] [Render thread/DEBUG] [oshi.util.FileUtil/]: Reading file /sys/devices/system/cpu/cpu13/cache/index2/ways_of_associativity
[07Feb2025 10:13:56.297] [Render thread/DEBUG] [oshi.util.FileUtil/]: Reading file /sys/devices/system/cpu/cpu13/cache/index2/coherency_line_size
[07Feb2025 10:13:56.297] [Render thread/DEBUG] [oshi.util.FileUtil/]: Reading file /sys/devices/system/cpu/cpu13/cache/index2/coherency_line_size
[07Feb2025 10:13:56.298] [Render thread/DEBUG] [oshi.util.FileUtil/]: Reading file /sys/devices/system/cpu/cpu13/cache/index2/size
[07Feb2025 10:13:56.298] [Render thread/DEBUG] [oshi.util.FileUtil/]: Reading file /sys/devices/system/cpu/cpu13/cache/index2/size
[07Feb2025 10:13:56.298] [Render thread/DEBUG] [oshi.util.FileUtil/]: Reading file /sys/devices/system/cpu/cpu13/cache/index0/level
[07Feb2025 10:13:56.298] [Render thread/DEBUG] [oshi.util.FileUtil/]: Reading file /sys/devices/system/cpu/cpu13/cache/index0/level
[07Feb2025 10:13:56.298] [Render thread/DEBUG] [oshi.util.FileUtil/]: Reading file /sys/devices/system/cpu/cpu13/cache/index0/type
[07Feb2025 10:13:56.298] [Render thread/DEBUG] [oshi.util.FileUtil/]: Reading file /sys/devices/system/cpu/cpu13/cache/index0/type
[07Feb2025 10:13:56.298] [Render thread/DEBUG] [oshi.util.FileUtil/]: Reading file /sys/devices/system/cpu/cpu13/cache/index0/ways_of_associativity
[07Feb2025 10:13:56.298] [Render thread/DEBUG] [oshi.util.FileUtil/]: Reading file /sys/devices/system/cpu/cpu13/cache/index0/ways_of_associativity
[07Feb2025 10:13:56.298] [Render thread/DEBUG] [oshi.util.FileUtil/]: Reading file /sys/devices/system/cpu/cpu13/cache/index0/coherency_line_size
[07Feb2025 10:13:56.298] [Render thread/DEBUG] [oshi.util.FileUtil/]: Reading file /sys/devices/system/cpu/cpu13/cache/index0/coherency_line_size
[07Feb2025 10:13:56.298] [Render thread/DEBUG] [oshi.util.FileUtil/]: Reading file /sys/devices/system/cpu/cpu13/cache/index0/size
[07Feb2025 10:13:56.298] [Render thread/DEBUG] [oshi.util.FileUtil/]: Reading file /sys/devices/system/cpu/cpu13/cache/index0/size
[07Feb2025 10:13:56.298] [Render thread/DEBUG] [oshi.util.FileUtil/]: Reading file /sys/devices/system/cpu/cpu13/cache/index3/level
[07Feb2025 10:13:56.298] [Render thread/DEBUG] [oshi.util.FileUtil/]: Reading file /sys/devices/system/cpu/cpu13/cache/index3/level
[07Feb2025 10:13:56.298] [Render thread/DEBUG] [oshi.util.FileUtil/]: Reading file /sys/devices/system/cpu/cpu13/cache/index3/type
[07Feb2025 10:13:56.298] [Render thread/DEBUG] [oshi.util.FileUtil/]: Reading file /sys/devices/system/cpu/cpu13/cache/index3/type
[07Feb2025 10:13:56.298] [Render thread/DEBUG] [oshi.util.FileUtil/]: Reading file /sys/devices/system/cpu/cpu13/cache/index3/ways_of_associativity
[07Feb2025 10:13:56.298] [Render thread/DEBUG] [oshi.util.FileUtil/]: Reading file /sys/devices/system/cpu/cpu13/cache/index3/ways_of_associativity
[07Feb2025 10:13:56.298] [Render thread/DEBUG] [oshi.util.FileUtil/]: Reading file /sys/devices/system/cpu/cpu13/cache/index3/coherency_line_size
[07Feb2025 10:13:56.298] [Render thread/DEBUG] [oshi.util.FileUtil/]: Reading file /sys/devices/system/cpu/cpu13/cache/index3/coherency_line_size
[07Feb2025 10:13:56.298] [Render thread/DEBUG] [oshi.util.FileUtil/]: Reading file /sys/devices/system/cpu/cpu13/cache/index3/size
[07Feb2025 10:13:56.298] [Render thread/DEBUG] [oshi.util.FileUtil/]: Reading file /sys/devices/system/cpu/cpu13/cache/index3/size
[07Feb2025 10:13:56.298] [Render thread/DEBUG] [oshi.util.FileUtil/]: Reading file /sys/devices/system/cpu/cpu13/cache/index1/level
[07Feb2025 10:13:56.298] [Render thread/DEBUG] [oshi.util.FileUtil/]: Reading file /sys/devices/system/cpu/cpu13/cache/index1/level
[07Feb2025 10:13:56.298] [Render thread/DEBUG] [oshi.util.FileUtil/]: Reading file /sys/devices/system/cpu/cpu13/cache/index1/type
[07Feb2025 10:13:56.298] [Render thread/DEBUG] [oshi.util.FileUtil/]: Reading file /sys/devices/system/cpu/cpu13/cache/index1/type
[07Feb2025 10:13:56.298] [Render thread/DEBUG] [oshi.util.FileUtil/]: Reading file /sys/devices/system/cpu/cpu13/cache/index1/ways_of_associativity
[07Feb2025 10:13:56.298] [Render thread/DEBUG] [oshi.util.FileUtil/]: Reading file /sys/devices/system/cpu/cpu13/cache/index1/ways_of_associativity
[07Feb2025 10:13:56.298] [Render thread/DEBUG] [oshi.util.FileUtil/]: Reading file /sys/devices/system/cpu/cpu13/cache/index1/coherency_line_size
[07Feb2025 10:13:56.299] [Render thread/DEBUG] [oshi.util.FileUtil/]: Reading file /sys/devices/system/cpu/cpu13/cache/index1/coherency_line_size
[07Feb2025 10:13:56.299] [Render thread/DEBUG] [oshi.util.FileUtil/]: Reading file /sys/devices/system/cpu/cpu13/cache/index1/size
[07Feb2025 10:13:56.299] [Render thread/DEBUG] [oshi.util.FileUtil/]: Reading file /sys/devices/system/cpu/cpu13/cache/index1/size
[07Feb2025 10:13:56.299] [Render thread/DEBUG] [oshi.util.FileUtil/]: Reading file /sys/devices/system/cpu/cpu14/topology/core_id
[07Feb2025 10:13:56.299] [Render thread/DEBUG] [oshi.util.FileUtil/]: Reading file /sys/devices/system/cpu/cpu14/topology/core_id
[07Feb2025 10:13:56.299] [Render thread/DEBUG] [oshi.util.FileUtil/]: Reading file /sys/devices/system/cpu/cpu14/topology/physical_package_id
[07Feb2025 10:13:56.299] [Render thread/DEBUG] [oshi.util.FileUtil/]: Reading file /sys/devices/system/cpu/cpu14/topology/physical_package_id
[07Feb2025 10:13:56.299] [Render thread/DEBUG] [oshi.util.FileUtil/]: Reading file /sys/devices/system/cpu/cpu14/cpu_capacity
[07Feb2025 10:13:56.299] [Render thread/DEBUG] [oshi.util.FileUtil/]: Reading file /sys/devices/system/cpu/cpu14/cache/index2/level
[07Feb2025 10:13:56.299] [Render thread/DEBUG] [oshi.util.FileUtil/]: Reading file /sys/devices/system/cpu/cpu14/cache/index2/level
[07Feb2025 10:13:56.299] [Render thread/DEBUG] [oshi.util.FileUtil/]: Reading file /sys/devices/system/cpu/cpu14/cache/index2/type
[07Feb2025 10:13:56.299] [Render thread/DEBUG] [oshi.util.FileUtil/]: Reading file /sys/devices/system/cpu/cpu14/cache/index2/type
[07Feb2025 10:13:56.299] [Render thread/DEBUG] [oshi.util.FileUtil/]: Reading file /sys/devices/system/cpu/cpu14/cache/index2/ways_of_associativity
[07Feb2025 10:13:56.299] [Render thread/DEBUG] [oshi.util.FileUtil/]: Reading file /sys/devices/system/cpu/cpu14/cache/index2/ways_of_associativity
[07Feb2025 10:13:56.299] [Render thread/DEBUG] [oshi.util.FileUtil/]: Reading file /sys/devices/system/cpu/cpu14/cache/index2/coherency_line_size
[07Feb2025 10:13:56.299] [Render thread/DEBUG] [oshi.util.FileUtil/]: Reading file /sys/devices/system/cpu/cpu14/cache/index2/coherency_line_size
[07Feb2025 10:13:56.299] [Render thread/DEBUG] [oshi.util.FileUtil/]: Reading file /sys/devices/system/cpu/cpu14/cache/index2/size
[07Feb2025 10:13:56.299] [Render thread/DEBUG] [oshi.util.FileUtil/]: Reading file /sys/devices/system/cpu/cpu14/cache/index2/size
[07Feb2025 10:13:56.299] [Render thread/DEBUG] [oshi.util.FileUtil/]: Reading file /sys/devices/system/cpu/cpu14/cache/index0/level
[07Feb2025 10:13:56.299] [Render thread/DEBUG] [oshi.util.FileUtil/]: Reading file /sys/devices/system/cpu/cpu14/cache/index0/level
[07Feb2025 10:13:56.299] [Render thread/DEBUG] [oshi.util.FileUtil/]: Reading file /sys/devices/system/cpu/cpu14/cache/index0/type
[07Feb2025 10:13:56.299] [Render thread/DEBUG] [oshi.util.FileUtil/]: Reading file /sys/devices/system/cpu/cpu14/cache/index0/type
[07Feb2025 10:13:56.300] [Render thread/DEBUG] [oshi.util.FileUtil/]: Reading file /sys/devices/system/cpu/cpu14/cache/index0/ways_of_associativity
[07Feb2025 10:13:56.300] [Render thread/DEBUG] [oshi.util.FileUtil/]: Reading file /sys/devices/system/cpu/cpu14/cache/index0/ways_of_associativity
[07Feb2025 10:13:56.300] [Render thread/DEBUG] [oshi.util.FileUtil/]: Reading file /sys/devices/system/cpu/cpu14/cache/index0/coherency_line_size
[07Feb2025 10:13:56.300] [Render thread/DEBUG] [oshi.util.FileUtil/]: Reading file /sys/devices/system/cpu/cpu14/cache/index0/coherency_line_size
[07Feb2025 10:13:56.300] [Render thread/DEBUG] [oshi.util.FileUtil/]: Reading file /sys/devices/system/cpu/cpu14/cache/index0/size
[07Feb2025 10:13:56.300] [Render thread/DEBUG] [oshi.util.FileUtil/]: Reading file /sys/devices/system/cpu/cpu14/cache/index0/size
[07Feb2025 10:13:56.300] [Render thread/DEBUG] [oshi.util.FileUtil/]: Reading file /sys/devices/system/cpu/cpu14/cache/index3/level
[07Feb2025 10:13:56.300] [Render thread/DEBUG] [oshi.util.FileUtil/]: Reading file /sys/devices/system/cpu/cpu14/cache/index3/level
[07Feb2025 10:13:56.300] [Render thread/DEBUG] [oshi.util.FileUtil/]: Reading file /sys/devices/system/cpu/cpu14/cache/index3/type
[07Feb2025 10:13:56.300] [Render thread/DEBUG] [oshi.util.FileUtil/]: Reading file /sys/devices/system/cpu/cpu14/cache/index3/type
[07Feb2025 10:13:56.300] [Render thread/DEBUG] [oshi.util.FileUtil/]: Reading file /sys/devices/system/cpu/cpu14/cache/index3/ways_of_associativity
[07Feb2025 10:13:56.300] [Render thread/DEBUG] [oshi.util.FileUtil/]: Reading file /sys/devices/system/cpu/cpu14/cache/index3/ways_of_associativity
[07Feb2025 10:13:56.300] [Render thread/DEBUG] [oshi.util.FileUtil/]: Reading file /sys/devices/system/cpu/cpu14/cache/index3/coherency_line_size
[07Feb2025 10:13:56.300] [Render thread/DEBUG] [oshi.util.FileUtil/]: Reading file /sys/devices/system/cpu/cpu14/cache/index3/coherency_line_size
[07Feb2025 10:13:56.300] [Render thread/DEBUG] [oshi.util.FileUtil/]: Reading file /sys/devices/system/cpu/cpu14/cache/index3/size
[07Feb2025 10:13:56.300] [Render thread/DEBUG] [oshi.util.FileUtil/]: Reading file /sys/devices/system/cpu/cpu14/cache/index3/size
[07Feb2025 10:13:56.300] [Render thread/DEBUG] [oshi.util.FileUtil/]: Reading file /sys/devices/system/cpu/cpu14/cache/index1/level
[07Feb2025 10:13:56.300] [Render thread/DEBUG] [oshi.util.FileUtil/]: Reading file /sys/devices/system/cpu/cpu14/cache/index1/level
[07Feb2025 10:13:56.300] [Render thread/DEBUG] [oshi.util.FileUtil/]: Reading file /sys/devices/system/cpu/cpu14/cache/index1/type
[07Feb2025 10:13:56.300] [Render thread/DEBUG] [oshi.util.FileUtil/]: Reading file /sys/devices/system/cpu/cpu14/cache/index1/type
[07Feb2025 10:13:56.300] [Render thread/DEBUG] [oshi.util.FileUtil/]: Reading file /sys/devices/system/cpu/cpu14/cache/index1/ways_of_associativity
[07Feb2025 10:13:56.300] [Render thread/DEBUG] [oshi.util.FileUtil/]: Reading file /sys/devices/system/cpu/cpu14/cache/index1/ways_of_associativity
[07Feb2025 10:13:56.300] [Render thread/DEBUG] [oshi.util.FileUtil/]: Reading file /sys/devices/system/cpu/cpu14/cache/index1/coherency_line_size
[07Feb2025 10:13:56.300] [Render thread/DEBUG] [oshi.util.FileUtil/]: Reading file /sys/devices/system/cpu/cpu14/cache/index1/coherency_line_size
[07Feb2025 10:13:56.300] [Render thread/DEBUG] [oshi.util.FileUtil/]: Reading file /sys/devices/system/cpu/cpu14/cache/index1/size
[07Feb2025 10:13:56.300] [Render thread/DEBUG] [oshi.util.FileUtil/]: Reading file /sys/devices/system/cpu/cpu14/cache/index1/size
[07Feb2025 10:13:56.301] [Render thread/DEBUG] [oshi.util.FileUtil/]: Reading file /sys/devices/system/cpu/cpu15/topology/core_id
[07Feb2025 10:13:56.301] [Render thread/DEBUG] [oshi.util.FileUtil/]: Reading file /sys/devices/system/cpu/cpu15/topology/core_id
[07Feb2025 10:13:56.301] [Render thread/DEBUG] [oshi.util.FileUtil/]: Reading file /sys/devices/system/cpu/cpu15/topology/physical_package_id
[07Feb2025 10:13:56.301] [Render thread/DEBUG] [oshi.util.FileUtil/]: Reading file /sys/devices/system/cpu/cpu15/topology/physical_package_id
[07Feb2025 10:13:56.301] [Render thread/DEBUG] [oshi.util.FileUtil/]: Reading file /sys/devices/system/cpu/cpu15/cpu_capacity
[07Feb2025 10:13:56.301] [Render thread/DEBUG] [oshi.util.FileUtil/]: Reading file /sys/devices/system/cpu/cpu15/cache/index2/level
[07Feb2025 10:13:56.301] [Render thread/DEBUG] [oshi.util.FileUtil/]: Reading file /sys/devices/system/cpu/cpu15/cache/index2/level
[07Feb2025 10:13:56.301] [Render thread/DEBUG] [oshi.util.FileUtil/]: Reading file /sys/devices/system/cpu/cpu15/cache/index2/type
[07Feb2025 10:13:56.301] [Render thread/DEBUG] [oshi.util.FileUtil/]: Reading file /sys/devices/system/cpu/cpu15/cache/index2/type
[07Feb2025 10:13:56.301] [Render thread/DEBUG] [oshi.util.FileUtil/]: Reading file /sys/devices/system/cpu/cpu15/cache/index2/ways_of_associativity
[07Feb2025 10:13:56.301] [Render thread/DEBUG] [oshi.util.FileUtil/]: Reading file /sys/devices/system/cpu/cpu15/cache/index2/ways_of_associativity
[07Feb2025 10:13:56.301] [Render thread/DEBUG] [oshi.util.FileUtil/]: Reading file /sys/devices/system/cpu/cpu15/cache/index2/coherency_line_size
[07Feb2025 10:13:56.301] [Render thread/DEBUG] [oshi.util.FileUtil/]: Reading file /sys/devices/system/cpu/cpu15/cache/index2/coherency_line_size
[07Feb2025 10:13:56.301] [Render thread/DEBUG] [oshi.util.FileUtil/]: Reading file /sys/devices/system/cpu/cpu15/cache/index2/size
[07Feb2025 10:13:56.301] [Render thread/DEBUG] [oshi.util.FileUtil/]: Reading file /sys/devices/system/cpu/cpu15/cache/index2/size
[07Feb2025 10:13:56.301] [Render thread/DEBUG] [oshi.util.FileUtil/]: Reading file /sys/devices/system/cpu/cpu15/cache/index0/level
[07Feb2025 10:13:56.301] [Render thread/DEBUG] [oshi.util.FileUtil/]: Reading file /sys/devices/system/cpu/cpu15/cache/index0/level
[07Feb2025 10:13:56.301] [Render thread/DEBUG] [oshi.util.FileUtil/]: Reading file /sys/devices/system/cpu/cpu15/cache/index0/type
[07Feb2025 10:13:56.301] [Render thread/DEBUG] [oshi.util.FileUtil/]: Reading file /sys/devices/system/cpu/cpu15/cache/index0/type
[07Feb2025 10:13:56.301] [Render thread/DEBUG] [oshi.util.FileUtil/]: Reading file /sys/devices/system/cpu/cpu15/cache/index0/ways_of_associativity
[07Feb2025 10:13:56.301] [Render thread/DEBUG] [oshi.util.FileUtil/]: Reading file /sys/devices/system/cpu/cpu15/cache/index0/ways_of_associativity
[07Feb2025 10:13:56.301] [Render thread/DEBUG] [oshi.util.FileUtil/]: Reading file /sys/devices/system/cpu/cpu15/cache/index0/coherency_line_size
[07Feb2025 10:13:56.301] [Render thread/DEBUG] [oshi.util.FileUtil/]: Reading file /sys/devices/system/cpu/cpu15/cache/index0/coherency_line_size
[07Feb2025 10:13:56.301] [Render thread/DEBUG] [oshi.util.FileUtil/]: Reading file /sys/devices/system/cpu/cpu15/cache/index0/size
[07Feb2025 10:13:56.301] [Render thread/DEBUG] [oshi.util.FileUtil/]: Reading file /sys/devices/system/cpu/cpu15/cache/index0/size
[07Feb2025 10:13:56.301] [Render thread/DEBUG] [oshi.util.FileUtil/]: Reading file /sys/devices/system/cpu/cpu15/cache/index3/level
[07Feb2025 10:13:56.302] [Render thread/DEBUG] [oshi.util.FileUtil/]: Reading file /sys/devices/system/cpu/cpu15/cache/index3/level
[07Feb2025 10:13:56.302] [Render thread/DEBUG] [oshi.util.FileUtil/]: Reading file /sys/devices/system/cpu/cpu15/cache/index3/type
[07Feb2025 10:13:56.302] [Render thread/DEBUG] [oshi.util.FileUtil/]: Reading file /sys/devices/system/cpu/cpu15/cache/index3/type
[07Feb2025 10:13:56.302] [Render thread/DEBUG] [oshi.util.FileUtil/]: Reading file /sys/devices/system/cpu/cpu15/cache/index3/ways_of_associativity
[07Feb2025 10:13:56.302] [Render thread/DEBUG] [oshi.util.FileUtil/]: Reading file /sys/devices/system/cpu/cpu15/cache/index3/ways_of_associativity
[07Feb2025 10:13:56.302] [Render thread/DEBUG] [oshi.util.FileUtil/]: Reading file /sys/devices/system/cpu/cpu15/cache/index3/coherency_line_size
[07Feb2025 10:13:56.302] [Render thread/DEBUG] [oshi.util.FileUtil/]: Reading file /sys/devices/system/cpu/cpu15/cache/index3/coherency_line_size
[07Feb2025 10:13:56.302] [Render thread/DEBUG] [oshi.util.FileUtil/]: Reading file /sys/devices/system/cpu/cpu15/cache/index3/size
[07Feb2025 10:13:56.302] [Render thread/DEBUG] [oshi.util.FileUtil/]: Reading file /sys/devices/system/cpu/cpu15/cache/index3/size
[07Feb2025 10:13:56.302] [Render thread/DEBUG] [oshi.util.FileUtil/]: Reading file /sys/devices/system/cpu/cpu15/cache/index1/level
[07Feb2025 10:13:56.302] [Render thread/DEBUG] [oshi.util.FileUtil/]: Reading file /sys/devices/system/cpu/cpu15/cache/index1/level
[07Feb2025 10:13:56.302] [Render thread/DEBUG] [oshi.util.FileUtil/]: Reading file /sys/devices/system/cpu/cpu15/cache/index1/type
[07Feb2025 10:13:56.302] [Render thread/DEBUG] [oshi.util.FileUtil/]: Reading file /sys/devices/system/cpu/cpu15/cache/index1/type
[07Feb2025 10:13:56.302] [Render thread/DEBUG] [oshi.util.FileUtil/]: Reading file /sys/devices/system/cpu/cpu15/cache/index1/ways_of_associativity
[07Feb2025 10:13:56.302] [Render thread/DEBUG] [oshi.util.FileUtil/]: Reading file /sys/devices/system/cpu/cpu15/cache/index1/ways_of_associativity
[07Feb2025 10:13:56.302] [Render thread/DEBUG] [oshi.util.FileUtil/]: Reading file /sys/devices/system/cpu/cpu15/cache/index1/coherency_line_size
[07Feb2025 10:13:56.302] [Render thread/DEBUG] [oshi.util.FileUtil/]: Reading file /sys/devices/system/cpu/cpu15/cache/index1/coherency_line_size
[07Feb2025 10:13:56.302] [Render thread/DEBUG] [oshi.util.FileUtil/]: Reading file /sys/devices/system/cpu/cpu15/cache/index1/size
[07Feb2025 10:13:56.302] [Render thread/DEBUG] [oshi.util.FileUtil/]: Reading file /sys/devices/system/cpu/cpu15/cache/index1/size
[07Feb2025 10:13:56.302] [Render thread/DEBUG] [oshi.util.FileUtil/]: Reading file /sys/devices/system/cpu/cpu16/topology/core_id
[07Feb2025 10:13:56.302] [Render thread/DEBUG] [oshi.util.FileUtil/]: Reading file /sys/devices/system/cpu/cpu16/topology/core_id
[07Feb2025 10:13:56.302] [Render thread/DEBUG] [oshi.util.FileUtil/]: Reading file /sys/devices/system/cpu/cpu16/topology/physical_package_id
[07Feb2025 10:13:56.302] [Render thread/DEBUG] [oshi.util.FileUtil/]: Reading file /sys/devices/system/cpu/cpu16/topology/physical_package_id
[07Feb2025 10:13:56.302] [Render thread/DEBUG] [oshi.util.FileUtil/]: Reading file /sys/devices/system/cpu/cpu16/cpu_capacity
[07Feb2025 10:13:56.303] [Render thread/DEBUG] [oshi.util.FileUtil/]: Reading file /sys/devices/system/cpu/cpu16/cache/index2/level
[07Feb2025 10:13:56.303] [Render thread/DEBUG] [oshi.util.FileUtil/]: Reading file /sys/devices/system/cpu/cpu16/cache/index2/level
[07Feb2025 10:13:56.303] [Render thread/DEBUG] [oshi.util.FileUtil/]: Reading file /sys/devices/system/cpu/cpu16/cache/index2/type
[07Feb2025 10:13:56.303] [Render thread/DEBUG] [oshi.util.FileUtil/]: Reading file /sys/devices/system/cpu/cpu16/cache/index2/type
[07Feb2025 10:13:56.303] [Render thread/DEBUG] [oshi.util.FileUtil/]: Reading file /sys/devices/system/cpu/cpu16/cache/index2/ways_of_associativity
[07Feb2025 10:13:56.303] [Render thread/DEBUG] [oshi.util.FileUtil/]: Reading file /sys/devices/system/cpu/cpu16/cache/index2/ways_of_associativity
[07Feb2025 10:13:56.303] [Render thread/DEBUG] [oshi.util.FileUtil/]: Reading file /sys/devices/system/cpu/cpu16/cache/index2/coherency_line_size
[07Feb2025 10:13:56.303] [Render thread/DEBUG] [oshi.util.FileUtil/]: Reading file /sys/devices/system/cpu/cpu16/cache/index2/coherency_line_size
[07Feb2025 10:13:56.303] [Render thread/DEBUG] [oshi.util.FileUtil/]: Reading file /sys/devices/system/cpu/cpu16/cache/index2/size
[07Feb2025 10:13:56.303] [Render thread/DEBUG] [oshi.util.FileUtil/]: Reading file /sys/devices/system/cpu/cpu16/cache/index2/size
[07Feb2025 10:13:56.303] [Render thread/DEBUG] [oshi.util.FileUtil/]: Reading file /sys/devices/system/cpu/cpu16/cache/index0/level
[07Feb2025 10:13:56.303] [Render thread/DEBUG] [oshi.util.FileUtil/]: Reading file /sys/devices/system/cpu/cpu16/cache/index0/level
[07Feb2025 10:13:56.303] [Render thread/DEBUG] [oshi.util.FileUtil/]: Reading file /sys/devices/system/cpu/cpu16/cache/index0/type
[07Feb2025 10:13:56.303] [Render thread/DEBUG] [oshi.util.FileUtil/]: Reading file /sys/devices/system/cpu/cpu16/cache/index0/type
[07Feb2025 10:13:56.303] [Render thread/DEBUG] [oshi.util.FileUtil/]: Reading file /sys/devices/system/cpu/cpu16/cache/index0/ways_of_associativity
[07Feb2025 10:13:56.303] [Render thread/DEBUG] [oshi.util.FileUtil/]: Reading file /sys/devices/system/cpu/cpu16/cache/index0/ways_of_associativity
[07Feb2025 10:13:56.303] [Render thread/DEBUG] [oshi.util.FileUtil/]: Reading file /sys/devices/system/cpu/cpu16/cache/index0/coherency_line_size
[07Feb2025 10:13:56.303] [Render thread/DEBUG] [oshi.util.FileUtil/]: Reading file /sys/devices/system/cpu/cpu16/cache/index0/coherency_line_size
[07Feb2025 10:13:56.303] [Render thread/DEBUG] [oshi.util.FileUtil/]: Reading file /sys/devices/system/cpu/cpu16/cache/index0/size
[07Feb2025 10:13:56.303] [Render thread/DEBUG] [oshi.util.FileUtil/]: Reading file /sys/devices/system/cpu/cpu16/cache/index0/size
[07Feb2025 10:13:56.303] [Render thread/DEBUG] [oshi.util.FileUtil/]: Reading file /sys/devices/system/cpu/cpu16/cache/index3/level
[07Feb2025 10:13:56.303] [Render thread/DEBUG] [oshi.util.FileUtil/]: Reading file /sys/devices/system/cpu/cpu16/cache/index3/level
[07Feb2025 10:13:56.303] [Render thread/DEBUG] [oshi.util.FileUtil/]: Reading file /sys/devices/system/cpu/cpu16/cache/index3/type
[07Feb2025 10:13:56.303] [Render thread/DEBUG] [oshi.util.FileUtil/]: Reading file /sys/devices/system/cpu/cpu16/cache/index3/type
[07Feb2025 10:13:56.303] [Render thread/DEBUG] [oshi.util.FileUtil/]: Reading file /sys/devices/system/cpu/cpu16/cache/index3/ways_of_associativity
[07Feb2025 10:13:56.303] [Render thread/DEBUG] [oshi.util.FileUtil/]: Reading file /sys/devices/system/cpu/cpu16/cache/index3/ways_of_associativity
[07Feb2025 10:13:56.303] [Render thread/DEBUG] [oshi.util.FileUtil/]: Reading file /sys/devices/system/cpu/cpu16/cache/index3/coherency_line_size
[07Feb2025 10:13:56.303] [Render thread/DEBUG] [oshi.util.FileUtil/]: Reading file /sys/devices/system/cpu/cpu16/cache/index3/coherency_line_size
[07Feb2025 10:13:56.303] [Render thread/DEBUG] [oshi.util.FileUtil/]: Reading file /sys/devices/system/cpu/cpu16/cache/index3/size
[07Feb2025 10:13:56.304] [Render thread/DEBUG] [oshi.util.FileUtil/]: Reading file /sys/devices/system/cpu/cpu16/cache/index3/size
[07Feb2025 10:13:56.304] [Render thread/DEBUG] [oshi.util.FileUtil/]: Reading file /sys/devices/system/cpu/cpu16/cache/index1/level
[07Feb2025 10:13:56.304] [Render thread/DEBUG] [oshi.util.FileUtil/]: Reading file /sys/devices/system/cpu/cpu16/cache/index1/level
[07Feb2025 10:13:56.304] [Render thread/DEBUG] [oshi.util.FileUtil/]: Reading file /sys/devices/system/cpu/cpu16/cache/index1/type
[07Feb2025 10:13:56.304] [Render thread/DEBUG] [oshi.util.FileUtil/]: Reading file /sys/devices/system/cpu/cpu16/cache/index1/type
[07Feb2025 10:13:56.304] [Render thread/DEBUG] [oshi.util.FileUtil/]: Reading file /sys/devices/system/cpu/cpu16/cache/index1/ways_of_associativity
[07Feb2025 10:13:56.304] [Render thread/DEBUG] [oshi.util.FileUtil/]: Reading file /sys/devices/system/cpu/cpu16/cache/index1/ways_of_associativity
[07Feb2025 10:13:56.304] [Render thread/DEBUG] [oshi.util.FileUtil/]: Reading file /sys/devices/system/cpu/cpu16/cache/index1/coherency_line_size
[07Feb2025 10:13:56.304] [Render thread/DEBUG] [oshi.util.FileUtil/]: Reading file /sys/devices/system/cpu/cpu16/cache/index1/coherency_line_size
[07Feb2025 10:13:56.304] [Render thread/DEBUG] [oshi.util.FileUtil/]: Reading file /sys/devices/system/cpu/cpu16/cache/index1/size
[07Feb2025 10:13:56.304] [Render thread/DEBUG] [oshi.util.FileUtil/]: Reading file /sys/devices/system/cpu/cpu16/cache/index1/size
[07Feb2025 10:13:56.304] [Render thread/DEBUG] [oshi.util.FileUtil/]: Reading file /sys/devices/system/cpu/cpu17/topology/core_id
[07Feb2025 10:13:56.304] [Render thread/DEBUG] [oshi.util.FileUtil/]: Reading file /sys/devices/system/cpu/cpu17/topology/core_id
[07Feb2025 10:13:56.304] [Render thread/DEBUG] [oshi.util.FileUtil/]: Reading file /sys/devices/system/cpu/cpu17/topology/physical_package_id
[07Feb2025 10:13:56.304] [Render thread/DEBUG] [oshi.util.FileUtil/]: Reading file /sys/devices/system/cpu/cpu17/topology/physical_package_id
[07Feb2025 10:13:56.304] [Render thread/DEBUG] [oshi.util.FileUtil/]: Reading file /sys/devices/system/cpu/cpu17/cpu_capacity
[07Feb2025 10:13:56.304] [Render thread/DEBUG] [oshi.util.FileUtil/]: Reading file /sys/devices/system/cpu/cpu17/cache/index2/level
[07Feb2025 10:13:56.304] [Render thread/DEBUG] [oshi.util.FileUtil/]: Reading file /sys/devices/system/cpu/cpu17/cache/index2/level
[07Feb2025 10:13:56.304] [Render thread/DEBUG] [oshi.util.FileUtil/]: Reading file /sys/devices/system/cpu/cpu17/cache/index2/type
[07Feb2025 10:13:56.304] [Render thread/DEBUG] [oshi.util.FileUtil/]: Reading file /sys/devices/system/cpu/cpu17/cache/index2/type
[07Feb2025 10:13:56.304] [Render thread/DEBUG] [oshi.util.FileUtil/]: Reading file /sys/devices/system/cpu/cpu17/cache/index2/ways_of_associativity
[07Feb2025 10:13:56.304] [Render thread/DEBUG] [oshi.util.FileUtil/]: Reading file /sys/devices/system/cpu/cpu17/cache/index2/ways_of_associativity
[07Feb2025 10:13:56.304] [Render thread/DEBUG] [oshi.util.FileUtil/]: Reading file /sys/devices/system/cpu/cpu17/cache/index2/coherency_line_size
[07Feb2025 10:13:56.304] [Render thread/DEBUG] [oshi.util.FileUtil/]: Reading file /sys/devices/system/cpu/cpu17/cache/index2/coherency_line_size
[07Feb2025 10:13:56.305] [Render thread/DEBUG] [oshi.util.FileUtil/]: Reading file /sys/devices/system/cpu/cpu17/cache/index2/size
[07Feb2025 10:13:56.305] [Render thread/DEBUG] [oshi.util.FileUtil/]: Reading file /sys/devices/system/cpu/cpu17/cache/index2/size
[07Feb2025 10:13:56.305] [Render thread/DEBUG] [oshi.util.FileUtil/]: Reading file /sys/devices/system/cpu/cpu17/cache/index0/level
[07Feb2025 10:13:56.305] [Render thread/DEBUG] [oshi.util.FileUtil/]: Reading file /sys/devices/system/cpu/cpu17/cache/index0/level
[07Feb2025 10:13:56.305] [Render thread/DEBUG] [oshi.util.FileUtil/]: Reading file /sys/devices/system/cpu/cpu17/cache/index0/type
[07Feb2025 10:13:56.305] [Render thread/DEBUG] [oshi.util.FileUtil/]: Reading file /sys/devices/system/cpu/cpu17/cache/index0/type
[07Feb2025 10:13:56.305] [Render thread/DEBUG] [oshi.util.FileUtil/]: Reading file /sys/devices/system/cpu/cpu17/cache/index0/ways_of_associativity
[07Feb2025 10:13:56.305] [Render thread/DEBUG] [oshi.util.FileUtil/]: Reading file /sys/devices/system/cpu/cpu17/cache/index0/ways_of_associativity
[07Feb2025 10:13:56.305] [Render thread/DEBUG] [oshi.util.FileUtil/]: Reading file /sys/devices/system/cpu/cpu17/cache/index0/coherency_line_size
[07Feb2025 10:13:56.305] [Render thread/DEBUG] [oshi.util.FileUtil/]: Reading file /sys/devices/system/cpu/cpu17/cache/index0/coherency_line_size
[07Feb2025 10:13:56.305] [Render thread/DEBUG] [oshi.util.FileUtil/]: Reading file /sys/devices/system/cpu/cpu17/cache/index0/size
[07Feb2025 10:13:56.305] [Render thread/DEBUG] [oshi.util.FileUtil/]: Reading file /sys/devices/system/cpu/cpu17/cache/index0/size
[07Feb2025 10:13:56.305] [Render thread/DEBUG] [oshi.util.FileUtil/]: Reading file /sys/devices/system/cpu/cpu17/cache/index3/level
[07Feb2025 10:13:56.305] [Render thread/DEBUG] [oshi.util.FileUtil/]: Reading file /sys/devices/system/cpu/cpu17/cache/index3/level
[07Feb2025 10:13:56.305] [Render thread/DEBUG] [oshi.util.FileUtil/]: Reading file /sys/devices/system/cpu/cpu17/cache/index3/type
[07Feb2025 10:13:56.305] [Render thread/DEBUG] [oshi.util.FileUtil/]: Reading file /sys/devices/system/cpu/cpu17/cache/index3/type
[07Feb2025 10:13:56.305] [Render thread/DEBUG] [oshi.util.FileUtil/]: Reading file /sys/devices/system/cpu/cpu17/cache/index3/ways_of_associativity
[07Feb2025 10:13:56.305] [Render thread/DEBUG] [oshi.util.FileUtil/]: Reading file /sys/devices/system/cpu/cpu17/cache/index3/ways_of_associativity
[07Feb2025 10:13:56.305] [Render thread/DEBUG] [oshi.util.FileUtil/]: Reading file /sys/devices/system/cpu/cpu17/cache/index3/coherency_line_size
[07Feb2025 10:13:56.305] [Render thread/DEBUG] [oshi.util.FileUtil/]: Reading file /sys/devices/system/cpu/cpu17/cache/index3/coherency_line_size
[07Feb2025 10:13:56.305] [Render thread/DEBUG] [oshi.util.FileUtil/]: Reading file /sys/devices/system/cpu/cpu17/cache/index3/size
[07Feb2025 10:13:56.305] [Render thread/DEBUG] [oshi.util.FileUtil/]: Reading file /sys/devices/system/cpu/cpu17/cache/index3/size
[07Feb2025 10:13:56.305] [Render thread/DEBUG] [oshi.util.FileUtil/]: Reading file /sys/devices/system/cpu/cpu17/cache/index1/level
[07Feb2025 10:13:56.305] [Render thread/DEBUG] [oshi.util.FileUtil/]: Reading file /sys/devices/system/cpu/cpu17/cache/index1/level
[07Feb2025 10:13:56.305] [Render thread/DEBUG] [oshi.util.FileUtil/]: Reading file /sys/devices/system/cpu/cpu17/cache/index1/type
[07Feb2025 10:13:56.305] [Render thread/DEBUG] [oshi.util.FileUtil/]: Reading file /sys/devices/system/cpu/cpu17/cache/index1/type
[07Feb2025 10:13:56.305] [Render thread/DEBUG] [oshi.util.FileUtil/]: Reading file /sys/devices/system/cpu/cpu17/cache/index1/ways_of_associativity
[07Feb2025 10:13:56.305] [Render thread/DEBUG] [oshi.util.FileUtil/]: Reading file /sys/devices/system/cpu/cpu17/cache/index1/ways_of_associativity
[07Feb2025 10:13:56.305] [Render thread/DEBUG] [oshi.util.FileUtil/]: Reading file /sys/devices/system/cpu/cpu17/cache/index1/coherency_line_size
[07Feb2025 10:13:56.306] [Render thread/DEBUG] [oshi.util.FileUtil/]: Reading file /sys/devices/system/cpu/cpu17/cache/index1/coherency_line_size
[07Feb2025 10:13:56.306] [Render thread/DEBUG] [oshi.util.FileUtil/]: Reading file /sys/devices/system/cpu/cpu17/cache/index1/size
[07Feb2025 10:13:56.306] [Render thread/DEBUG] [oshi.util.FileUtil/]: Reading file /sys/devices/system/cpu/cpu17/cache/index1/size
[07Feb2025 10:13:56.306] [Render thread/DEBUG] [oshi.util.FileUtil/]: Reading file /sys/devices/system/cpu/cpu18/topology/core_id
[07Feb2025 10:13:56.306] [Render thread/DEBUG] [oshi.util.FileUtil/]: Reading file /sys/devices/system/cpu/cpu18/topology/core_id
[07Feb2025 10:13:56.306] [Render thread/DEBUG] [oshi.util.FileUtil/]: Reading file /sys/devices/system/cpu/cpu18/topology/physical_package_id
[07Feb2025 10:13:56.306] [Render thread/DEBUG] [oshi.util.FileUtil/]: Reading file /sys/devices/system/cpu/cpu18/topology/physical_package_id
[07Feb2025 10:13:56.306] [Render thread/DEBUG] [oshi.util.FileUtil/]: Reading file /sys/devices/system/cpu/cpu18/cpu_capacity
[07Feb2025 10:13:56.306] [Render thread/DEBUG] [oshi.util.FileUtil/]: Reading file /sys/devices/system/cpu/cpu18/cache/index2/level
[07Feb2025 10:13:56.306] [Render thread/DEBUG] [oshi.util.FileUtil/]: Reading file /sys/devices/system/cpu/cpu18/cache/index2/level
[07Feb2025 10:13:56.306] [Render thread/DEBUG] [oshi.util.FileUtil/]: Reading file /sys/devices/system/cpu/cpu18/cache/index2/type
[07Feb2025 10:13:56.306] [Render thread/DEBUG] [oshi.util.FileUtil/]: Reading file /sys/devices/system/cpu/cpu18/cache/index2/type
[07Feb2025 10:13:56.306] [Render thread/DEBUG] [oshi.util.FileUtil/]: Reading file /sys/devices/system/cpu/cpu18/cache/index2/ways_of_associativity
[07Feb2025 10:13:56.306] [Render thread/DEBUG] [oshi.util.FileUtil/]: Reading file /sys/devices/system/cpu/cpu18/cache/index2/ways_of_associativity
[07Feb2025 10:13:56.306] [Render thread/DEBUG] [oshi.util.FileUtil/]: Reading file /sys/devices/system/cpu/cpu18/cache/index2/coherency_line_size
[07Feb2025 10:13:56.306] [Render thread/DEBUG] [oshi.util.FileUtil/]: Reading file /sys/devices/system/cpu/cpu18/cache/index2/coherency_line_size
[07Feb2025 10:13:56.306] [Render thread/DEBUG] [oshi.util.FileUtil/]: Reading file /sys/devices/system/cpu/cpu18/cache/index2/size
[07Feb2025 10:13:56.306] [Render thread/DEBUG] [oshi.util.FileUtil/]: Reading file /sys/devices/system/cpu/cpu18/cache/index2/size
[07Feb2025 10:13:56.306] [Render thread/DEBUG] [oshi.util.FileUtil/]: Reading file /sys/devices/system/cpu/cpu18/cache/index0/level
[07Feb2025 10:13:56.306] [Render thread/DEBUG] [oshi.util.FileUtil/]: Reading file /sys/devices/system/cpu/cpu18/cache/index0/level
[07Feb2025 10:13:56.306] [Render thread/DEBUG] [oshi.util.FileUtil/]: Reading file /sys/devices/system/cpu/cpu18/cache/index0/type
[07Feb2025 10:13:56.306] [Render thread/DEBUG] [oshi.util.FileUtil/]: Reading file /sys/devices/system/cpu/cpu18/cache/index0/type
[07Feb2025 10:13:56.306] [Render thread/DEBUG] [oshi.util.FileUtil/]: Reading file /sys/devices/system/cpu/cpu18/cache/index0/ways_of_associativity
[07Feb2025 10:13:56.306] [Render thread/DEBUG] [oshi.util.FileUtil/]: Reading file /sys/devices/system/cpu/cpu18/cache/index0/ways_of_associativity
[07Feb2025 10:13:56.307] [Render thread/DEBUG] [oshi.util.FileUtil/]: Reading file /sys/devices/system/cpu/cpu18/cache/index0/coherency_line_size
[07Feb2025 10:13:56.307] [Render thread/DEBUG] [oshi.util.FileUtil/]: Reading file /sys/devices/system/cpu/cpu18/cache/index0/coherency_line_size
[07Feb2025 10:13:56.307] [Render thread/DEBUG] [oshi.util.FileUtil/]: Reading file /sys/devices/system/cpu/cpu18/cache/index0/size
[07Feb2025 10:13:56.307] [Render thread/DEBUG] [oshi.util.FileUtil/]: Reading file /sys/devices/system/cpu/cpu18/cache/index0/size
[07Feb2025 10:13:56.307] [Render thread/DEBUG] [oshi.util.FileUtil/]: Reading file /sys/devices/system/cpu/cpu18/cache/index3/level
[07Feb2025 10:13:56.307] [Render thread/DEBUG] [oshi.util.FileUtil/]: Reading file /sys/devices/system/cpu/cpu18/cache/index3/level
[07Feb2025 10:13:56.307] [Render thread/DEBUG] [oshi.util.FileUtil/]: Reading file /sys/devices/system/cpu/cpu18/cache/index3/type
[07Feb2025 10:13:56.307] [Render thread/DEBUG] [oshi.util.FileUtil/]: Reading file /sys/devices/system/cpu/cpu18/cache/index3/type
[07Feb2025 10:13:56.307] [Render thread/DEBUG] [oshi.util.FileUtil/]: Reading file /sys/devices/system/cpu/cpu18/cache/index3/ways_of_associativity
[07Feb2025 10:13:56.307] [Render thread/DEBUG] [oshi.util.FileUtil/]: Reading file /sys/devices/system/cpu/cpu18/cache/index3/ways_of_associativity
[07Feb2025 10:13:56.307] [Render thread/DEBUG] [oshi.util.FileUtil/]: Reading file /sys/devices/system/cpu/cpu18/cache/index3/coherency_line_size
[07Feb2025 10:13:56.307] [Render thread/DEBUG] [oshi.util.FileUtil/]: Reading file /sys/devices/system/cpu/cpu18/cache/index3/coherency_line_size
[07Feb2025 10:13:56.307] [Render thread/DEBUG] [oshi.util.FileUtil/]: Reading file /sys/devices/system/cpu/cpu18/cache/index3/size
[07Feb2025 10:13:56.307] [Render thread/DEBUG] [oshi.util.FileUtil/]: Reading file /sys/devices/system/cpu/cpu18/cache/index3/size
[07Feb2025 10:13:56.307] [Render thread/DEBUG] [oshi.util.FileUtil/]: Reading file /sys/devices/system/cpu/cpu18/cache/index1/level
[07Feb2025 10:13:56.307] [Render thread/DEBUG] [oshi.util.FileUtil/]: Reading file /sys/devices/system/cpu/cpu18/cache/index1/level
[07Feb2025 10:13:56.307] [Render thread/DEBUG] [oshi.util.FileUtil/]: Reading file /sys/devices/system/cpu/cpu18/cache/index1/type
[07Feb2025 10:13:56.307] [Render thread/DEBUG] [oshi.util.FileUtil/]: Reading file /sys/devices/system/cpu/cpu18/cache/index1/type
[07Feb2025 10:13:56.307] [Render thread/DEBUG] [oshi.util.FileUtil/]: Reading file /sys/devices/system/cpu/cpu18/cache/index1/ways_of_associativity
[07Feb2025 10:13:56.307] [Render thread/DEBUG] [oshi.util.FileUtil/]: Reading file /sys/devices/system/cpu/cpu18/cache/index1/ways_of_associativity
[07Feb2025 10:13:56.307] [Render thread/DEBUG] [oshi.util.FileUtil/]: Reading file /sys/devices/system/cpu/cpu18/cache/index1/coherency_line_size
[07Feb2025 10:13:56.307] [Render thread/DEBUG] [oshi.util.FileUtil/]: Reading file /sys/devices/system/cpu/cpu18/cache/index1/coherency_line_size
[07Feb2025 10:13:56.307] [Render thread/DEBUG] [oshi.util.FileUtil/]: Reading file /sys/devices/system/cpu/cpu18/cache/index1/size
[07Feb2025 10:13:56.307] [Render thread/DEBUG] [oshi.util.FileUtil/]: Reading file /sys/devices/system/cpu/cpu18/cache/index1/size
[07Feb2025 10:13:56.307] [Render thread/DEBUG] [oshi.util.FileUtil/]: Reading file /sys/devices/system/cpu/cpu19/topology/core_id
[07Feb2025 10:13:56.308] [Render thread/DEBUG] [oshi.util.FileUtil/]: Reading file /sys/devices/system/cpu/cpu19/topology/core_id
[07Feb2025 10:13:56.308] [Render thread/DEBUG] [oshi.util.FileUtil/]: Reading file /sys/devices/system/cpu/cpu19/topology/physical_package_id
[07Feb2025 10:13:56.308] [Render thread/DEBUG] [oshi.util.FileUtil/]: Reading file /sys/devices/system/cpu/cpu19/topology/physical_package_id
[07Feb2025 10:13:56.308] [Render thread/DEBUG] [oshi.util.FileUtil/]: Reading file /sys/devices/system/cpu/cpu19/cpu_capacity
[07Feb2025 10:13:56.308] [Render thread/DEBUG] [oshi.util.FileUtil/]: Reading file /sys/devices/system/cpu/cpu19/cache/index2/level
[07Feb2025 10:13:56.308] [Render thread/DEBUG] [oshi.util.FileUtil/]: Reading file /sys/devices/system/cpu/cpu19/cache/index2/level
[07Feb2025 10:13:56.308] [Render thread/DEBUG] [oshi.util.FileUtil/]: Reading file /sys/devices/system/cpu/cpu19/cache/index2/type
[07Feb2025 10:13:56.308] [Render thread/DEBUG] [oshi.util.FileUtil/]: Reading file /sys/devices/system/cpu/cpu19/cache/index2/type
[07Feb2025 10:13:56.308] [Render thread/DEBUG] [oshi.util.FileUtil/]: Reading file /sys/devices/system/cpu/cpu19/cache/index2/ways_of_associativity
[07Feb2025 10:13:56.308] [Render thread/DEBUG] [oshi.util.FileUtil/]: Reading file /sys/devices/system/cpu/cpu19/cache/index2/ways_of_associativity
[07Feb2025 10:13:56.308] [Render thread/DEBUG] [oshi.util.FileUtil/]: Reading file /sys/devices/system/cpu/cpu19/cache/index2/coherency_line_size
[07Feb2025 10:13:56.308] [Render thread/DEBUG] [oshi.util.FileUtil/]: Reading file /sys/devices/system/cpu/cpu19/cache/index2/coherency_line_size
[07Feb2025 10:13:56.308] [Render thread/DEBUG] [oshi.util.FileUtil/]: Reading file /sys/devices/system/cpu/cpu19/cache/index2/size
[07Feb2025 10:13:56.308] [Render thread/DEBUG] [oshi.util.FileUtil/]: Reading file /sys/devices/system/cpu/cpu19/cache/index2/size
[07Feb2025 10:13:56.308] [Render thread/DEBUG] [oshi.util.FileUtil/]: Reading file /sys/devices/system/cpu/cpu19/cache/index0/level
[07Feb2025 10:13:56.308] [Render thread/DEBUG] [oshi.util.FileUtil/]: Reading file /sys/devices/system/cpu/cpu19/cache/index0/level
[07Feb2025 10:13:56.308] [Render thread/DEBUG] [oshi.util.FileUtil/]: Reading file /sys/devices/system/cpu/cpu19/cache/index0/type
[07Feb2025 10:13:56.308] [Render thread/DEBUG] [oshi.util.FileUtil/]: Reading file /sys/devices/system/cpu/cpu19/cache/index0/type
[07Feb2025 10:13:56.308] [Render thread/DEBUG] [oshi.util.FileUtil/]: Reading file /sys/devices/system/cpu/cpu19/cache/index0/ways_of_associativity
[07Feb2025 10:13:56.308] [Render thread/DEBUG] [oshi.util.FileUtil/]: Reading file /sys/devices/system/cpu/cpu19/cache/index0/ways_of_associativity
[07Feb2025 10:13:56.308] [Render thread/DEBUG] [oshi.util.FileUtil/]: Reading file /sys/devices/system/cpu/cpu19/cache/index0/coherency_line_size
[07Feb2025 10:13:56.308] [Render thread/DEBUG] [oshi.util.FileUtil/]: Reading file /sys/devices/system/cpu/cpu19/cache/index0/coherency_line_size
[07Feb2025 10:13:56.308] [Render thread/DEBUG] [oshi.util.FileUtil/]: Reading file /sys/devices/system/cpu/cpu19/cache/index0/size
[07Feb2025 10:13:56.308] [Render thread/DEBUG] [oshi.util.FileUtil/]: Reading file /sys/devices/system/cpu/cpu19/cache/index0/size
[07Feb2025 10:13:56.308] [Render thread/DEBUG] [oshi.util.FileUtil/]: Reading file /sys/devices/system/cpu/cpu19/cache/index3/level
[07Feb2025 10:13:56.308] [Render thread/DEBUG] [oshi.util.FileUtil/]: Reading file /sys/devices/system/cpu/cpu19/cache/index3/level
[07Feb2025 10:13:56.308] [Render thread/DEBUG] [oshi.util.FileUtil/]: Reading file /sys/devices/system/cpu/cpu19/cache/index3/type
[07Feb2025 10:13:56.308] [Render thread/DEBUG] [oshi.util.FileUtil/]: Reading file /sys/devices/system/cpu/cpu19/cache/index3/type
[07Feb2025 10:13:56.309] [Render thread/DEBUG] [oshi.util.FileUtil/]: Reading file /sys/devices/system/cpu/cpu19/cache/index3/ways_of_associativity
[07Feb2025 10:13:56.309] [Render thread/DEBUG] [oshi.util.FileUtil/]: Reading file /sys/devices/system/cpu/cpu19/cache/index3/ways_of_associativity
[07Feb2025 10:13:56.309] [Render thread/DEBUG] [oshi.util.FileUtil/]: Reading file /sys/devices/system/cpu/cpu19/cache/index3/coherency_line_size
[07Feb2025 10:13:56.309] [Render thread/DEBUG] [oshi.util.FileUtil/]: Reading file /sys/devices/system/cpu/cpu19/cache/index3/coherency_line_size
[07Feb2025 10:13:56.309] [Render thread/DEBUG] [oshi.util.FileUtil/]: Reading file /sys/devices/system/cpu/cpu19/cache/index3/size
[07Feb2025 10:13:56.309] [Render thread/DEBUG] [oshi.util.FileUtil/]: Reading file /sys/devices/system/cpu/cpu19/cache/index3/size
[07Feb2025 10:13:56.309] [Render thread/DEBUG] [oshi.util.FileUtil/]: Reading file /sys/devices/system/cpu/cpu19/cache/index1/level
[07Feb2025 10:13:56.309] [Render thread/DEBUG] [oshi.util.FileUtil/]: Reading file /sys/devices/system/cpu/cpu19/cache/index1/level
[07Feb2025 10:13:56.309] [Render thread/DEBUG] [oshi.util.FileUtil/]: Reading file /sys/devices/system/cpu/cpu19/cache/index1/type
[07Feb2025 10:13:56.309] [Render thread/DEBUG] [oshi.util.FileUtil/]: Reading file /sys/devices/system/cpu/cpu19/cache/index1/type
[07Feb2025 10:13:56.309] [Render thread/DEBUG] [oshi.util.FileUtil/]: Reading file /sys/devices/system/cpu/cpu19/cache/index1/ways_of_associativity
[07Feb2025 10:13:56.309] [Render thread/DEBUG] [oshi.util.FileUtil/]: Reading file /sys/devices/system/cpu/cpu19/cache/index1/ways_of_associativity
[07Feb2025 10:13:56.309] [Render thread/DEBUG] [oshi.util.FileUtil/]: Reading file /sys/devices/system/cpu/cpu19/cache/index1/coherency_line_size
[07Feb2025 10:13:56.309] [Render thread/DEBUG] [oshi.util.FileUtil/]: Reading file /sys/devices/system/cpu/cpu19/cache/index1/coherency_line_size
[07Feb2025 10:13:56.309] [Render thread/DEBUG] [oshi.util.FileUtil/]: Reading file /sys/devices/system/cpu/cpu19/cache/index1/size
[07Feb2025 10:13:56.309] [Render thread/DEBUG] [oshi.util.FileUtil/]: Reading file /sys/devices/system/cpu/cpu19/cache/index1/size
[07Feb2025 10:13:56.309] [Render thread/DEBUG] [oshi.util.FileUtil/]: Reading file /sys/devices/system/cpu/cpu2/topology/core_id
[07Feb2025 10:13:56.309] [Render thread/DEBUG] [oshi.util.FileUtil/]: Reading file /sys/devices/system/cpu/cpu2/topology/core_id
[07Feb2025 10:13:56.309] [Render thread/DEBUG] [oshi.util.FileUtil/]: Reading file /sys/devices/system/cpu/cpu2/topology/physical_package_id
[07Feb2025 10:13:56.309] [Render thread/DEBUG] [oshi.util.FileUtil/]: Reading file /sys/devices/system/cpu/cpu2/topology/physical_package_id
[07Feb2025 10:13:56.309] [Render thread/DEBUG] [oshi.util.FileUtil/]: Reading file /sys/devices/system/cpu/cpu2/cpu_capacity
[07Feb2025 10:13:56.309] [Render thread/DEBUG] [oshi.util.FileUtil/]: Reading file /sys/devices/system/cpu/cpu2/cache/index2/level
[07Feb2025 10:13:56.309] [Render thread/DEBUG] [oshi.util.FileUtil/]: Reading file /sys/devices/system/cpu/cpu2/cache/index2/level
[07Feb2025 10:13:56.309] [Render thread/DEBUG] [oshi.util.FileUtil/]: Reading file /sys/devices/system/cpu/cpu2/cache/index2/type
[07Feb2025 10:13:56.309] [Render thread/DEBUG] [oshi.util.FileUtil/]: Reading file /sys/devices/system/cpu/cpu2/cache/index2/type
[07Feb2025 10:13:56.310] [Render thread/DEBUG] [oshi.util.FileUtil/]: Reading file /sys/devices/system/cpu/cpu2/cache/index2/ways_of_associativity
[07Feb2025 10:13:56.310] [Render thread/DEBUG] [oshi.util.FileUtil/]: Reading file /sys/devices/system/cpu/cpu2/cache/index2/ways_of_associativity
[07Feb2025 10:13:56.310] [Render thread/DEBUG] [oshi.util.FileUtil/]: Reading file /sys/devices/system/cpu/cpu2/cache/index2/coherency_line_size
[07Feb2025 10:13:56.310] [Render thread/DEBUG] [oshi.util.FileUtil/]: Reading file /sys/devices/system/cpu/cpu2/cache/index2/coherency_line_size
[07Feb2025 10:13:56.310] [Render thread/DEBUG] [oshi.util.FileUtil/]: Reading file /sys/devices/system/cpu/cpu2/cache/index2/size
[07Feb2025 10:13:56.310] [Render thread/DEBUG] [oshi.util.FileUtil/]: Reading file /sys/devices/system/cpu/cpu2/cache/index2/size
[07Feb2025 10:13:56.310] [Render thread/DEBUG] [oshi.util.FileUtil/]: Reading file /sys/devices/system/cpu/cpu2/cache/index0/level
[07Feb2025 10:13:56.310] [Render thread/DEBUG] [oshi.util.FileUtil/]: Reading file /sys/devices/system/cpu/cpu2/cache/index0/level
[07Feb2025 10:13:56.310] [Render thread/DEBUG] [oshi.util.FileUtil/]: Reading file /sys/devices/system/cpu/cpu2/cache/index0/type
[07Feb2025 10:13:56.310] [Render thread/DEBUG] [oshi.util.FileUtil/]: Reading file /sys/devices/system/cpu/cpu2/cache/index0/type
[07Feb2025 10:13:56.310] [Render thread/DEBUG] [oshi.util.FileUtil/]: Reading file /sys/devices/system/cpu/cpu2/cache/index0/ways_of_associativity
[07Feb2025 10:13:56.310] [Render thread/DEBUG] [oshi.util.FileUtil/]: Reading file /sys/devices/system/cpu/cpu2/cache/index0/ways_of_associativity
[07Feb2025 10:13:56.310] [Render thread/DEBUG] [oshi.util.FileUtil/]: Reading file /sys/devices/system/cpu/cpu2/cache/index0/coherency_line_size
[07Feb2025 10:13:56.310] [Render thread/DEBUG] [oshi.util.FileUtil/]: Reading file /sys/devices/system/cpu/cpu2/cache/index0/coherency_line_size
[07Feb2025 10:13:56.310] [Render thread/DEBUG] [oshi.util.FileUtil/]: Reading file /sys/devices/system/cpu/cpu2/cache/index0/size
[07Feb2025 10:13:56.310] [Render thread/DEBUG] [oshi.util.FileUtil/]: Reading file /sys/devices/system/cpu/cpu2/cache/index0/size
[07Feb2025 10:13:56.310] [Render thread/DEBUG] [oshi.util.FileUtil/]: Reading file /sys/devices/system/cpu/cpu2/cache/index3/level
[07Feb2025 10:13:56.310] [Render thread/DEBUG] [oshi.util.FileUtil/]: Reading file /sys/devices/system/cpu/cpu2/cache/index3/level
[07Feb2025 10:13:56.310] [Render thread/DEBUG] [oshi.util.FileUtil/]: Reading file /sys/devices/system/cpu/cpu2/cache/index3/type
[07Feb2025 10:13:56.310] [Render thread/DEBUG] [oshi.util.FileUtil/]: Reading file /sys/devices/system/cpu/cpu2/cache/index3/type
[07Feb2025 10:13:56.310] [Render thread/DEBUG] [oshi.util.FileUtil/]: Reading file /sys/devices/system/cpu/cpu2/cache/index3/ways_of_associativity
[07Feb2025 10:13:56.310] [Render thread/DEBUG] [oshi.util.FileUtil/]: Reading file /sys/devices/system/cpu/cpu2/cache/index3/ways_of_associativity
[07Feb2025 10:13:56.310] [Render thread/DEBUG] [oshi.util.FileUtil/]: Reading file /sys/devices/system/cpu/cpu2/cache/index3/coherency_line_size
[07Feb2025 10:13:56.310] [Render thread/DEBUG] [oshi.util.FileUtil/]: Reading file /sys/devices/system/cpu/cpu2/cache/index3/coherency_line_size
[07Feb2025 10:13:56.310] [Render thread/DEBUG] [oshi.util.FileUtil/]: Reading file /sys/devices/system/cpu/cpu2/cache/index3/size
[07Feb2025 10:13:56.310] [Render thread/DEBUG] [oshi.util.FileUtil/]: Reading file /sys/devices/system/cpu/cpu2/cache/index3/size
[07Feb2025 10:13:56.310] [Render thread/DEBUG] [oshi.util.FileUtil/]: Reading file /sys/devices/system/cpu/cpu2/cache/index1/level
[07Feb2025 10:13:56.311] [Render thread/DEBUG] [oshi.util.FileUtil/]: Reading file /sys/devices/system/cpu/cpu2/cache/index1/level
[07Feb2025 10:13:56.311] [Render thread/DEBUG] [oshi.util.FileUtil/]: Reading file /sys/devices/system/cpu/cpu2/cache/index1/type
[07Feb2025 10:13:56.311] [Render thread/DEBUG] [oshi.util.FileUtil/]: Reading file /sys/devices/system/cpu/cpu2/cache/index1/type
[07Feb2025 10:13:56.311] [Render thread/DEBUG] [oshi.util.FileUtil/]: Reading file /sys/devices/system/cpu/cpu2/cache/index1/ways_of_associativity
[07Feb2025 10:13:56.311] [Render thread/DEBUG] [oshi.util.FileUtil/]: Reading file /sys/devices/system/cpu/cpu2/cache/index1/ways_of_associativity
[07Feb2025 10:13:56.311] [Render thread/DEBUG] [oshi.util.FileUtil/]: Reading file /sys/devices/system/cpu/cpu2/cache/index1/coherency_line_size
[07Feb2025 10:13:56.311] [Render thread/DEBUG] [oshi.util.FileUtil/]: Reading file /sys/devices/system/cpu/cpu2/cache/index1/coherency_line_size
[07Feb2025 10:13:56.311] [Render thread/DEBUG] [oshi.util.FileUtil/]: Reading file /sys/devices/system/cpu/cpu2/cache/index1/size
[07Feb2025 10:13:56.311] [Render thread/DEBUG] [oshi.util.FileUtil/]: Reading file /sys/devices/system/cpu/cpu2/cache/index1/size
[07Feb2025 10:13:56.311] [Render thread/DEBUG] [oshi.util.FileUtil/]: Reading file /sys/devices/system/cpu/cpu20/topology/core_id
[07Feb2025 10:13:56.311] [Render thread/DEBUG] [oshi.util.FileUtil/]: Reading file /sys/devices/system/cpu/cpu20/topology/core_id
[07Feb2025 10:13:56.311] [Render thread/DEBUG] [oshi.util.FileUtil/]: Reading file /sys/devices/system/cpu/cpu20/topology/physical_package_id
[07Feb2025 10:13:56.311] [Render thread/DEBUG] [oshi.util.FileUtil/]: Reading file /sys/devices/system/cpu/cpu20/topology/physical_package_id
[07Feb2025 10:13:56.311] [Render thread/DEBUG] [oshi.util.FileUtil/]: Reading file /sys/devices/system/cpu/cpu20/cpu_capacity
[07Feb2025 10:13:56.311] [Render thread/DEBUG] [oshi.util.FileUtil/]: Reading file /sys/devices/system/cpu/cpu20/cache/index2/level
[07Feb2025 10:13:56.311] [Render thread/DEBUG] [oshi.util.FileUtil/]: Reading file /sys/devices/system/cpu/cpu20/cache/index2/level
[07Feb2025 10:13:56.311] [Render thread/DEBUG] [oshi.util.FileUtil/]: Reading file /sys/devices/system/cpu/cpu20/cache/index2/type
[07Feb2025 10:13:56.311] [Render thread/DEBUG] [oshi.util.FileUtil/]: Reading file /sys/devices/system/cpu/cpu20/cache/index2/type
[07Feb2025 10:13:56.311] [Render thread/DEBUG] [oshi.util.FileUtil/]: Reading file /sys/devices/system/cpu/cpu20/cache/index2/ways_of_associativity
[07Feb2025 10:13:56.311] [Render thread/DEBUG] [oshi.util.FileUtil/]: Reading file /sys/devices/system/cpu/cpu20/cache/index2/ways_of_associativity
[07Feb2025 10:13:56.311] [Render thread/DEBUG] [oshi.util.FileUtil/]: Reading file /sys/devices/system/cpu/cpu20/cache/index2/coherency_line_size
[07Feb2025 10:13:56.311] [Render thread/DEBUG] [oshi.util.FileUtil/]: Reading file /sys/devices/system/cpu/cpu20/cache/index2/coherency_line_size
[07Feb2025 10:13:56.311] [Render thread/DEBUG] [oshi.util.FileUtil/]: Reading file /sys/devices/system/cpu/cpu20/cache/index2/size
[07Feb2025 10:13:56.312] [Render thread/DEBUG] [oshi.util.FileUtil/]: Reading file /sys/devices/system/cpu/cpu20/cache/index2/size
[07Feb2025 10:13:56.312] [Render thread/DEBUG] [oshi.util.FileUtil/]: Reading file /sys/devices/system/cpu/cpu20/cache/index0/level
[07Feb2025 10:13:56.312] [Render thread/DEBUG] [oshi.util.FileUtil/]: Reading file /sys/devices/system/cpu/cpu20/cache/index0/level
[07Feb2025 10:13:56.312] [Render thread/DEBUG] [oshi.util.FileUtil/]: Reading file /sys/devices/system/cpu/cpu20/cache/index0/type
[07Feb2025 10:13:56.312] [Render thread/DEBUG] [oshi.util.FileUtil/]: Reading file /sys/devices/system/cpu/cpu20/cache/index0/type
[07Feb2025 10:13:56.312] [Render thread/DEBUG] [oshi.util.FileUtil/]: Reading file /sys/devices/system/cpu/cpu20/cache/index0/ways_of_associativity
[07Feb2025 10:13:56.312] [Render thread/DEBUG] [oshi.util.FileUtil/]: Reading file /sys/devices/system/cpu/cpu20/cache/index0/ways_of_associativity
[07Feb2025 10:13:56.312] [Render thread/DEBUG] [oshi.util.FileUtil/]: Reading file /sys/devices/system/cpu/cpu20/cache/index0/coherency_line_size
[07Feb2025 10:13:56.312] [Render thread/DEBUG] [oshi.util.FileUtil/]: Reading file /sys/devices/system/cpu/cpu20/cache/index0/coherency_line_size
[07Feb2025 10:13:56.312] [Render thread/DEBUG] [oshi.util.FileUtil/]: Reading file /sys/devices/system/cpu/cpu20/cache/index0/size
[07Feb2025 10:13:56.312] [Render thread/DEBUG] [oshi.util.FileUtil/]: Reading file /sys/devices/system/cpu/cpu20/cache/index0/size
[07Feb2025 10:13:56.312] [Render thread/DEBUG] [oshi.util.FileUtil/]: Reading file /sys/devices/system/cpu/cpu20/cache/index3/level
[07Feb2025 10:13:56.312] [Render thread/DEBUG] [oshi.util.FileUtil/]: Reading file /sys/devices/system/cpu/cpu20/cache/index3/level
[07Feb2025 10:13:56.312] [Render thread/DEBUG] [oshi.util.FileUtil/]: Reading file /sys/devices/system/cpu/cpu20/cache/index3/type
[07Feb2025 10:13:56.312] [Render thread/DEBUG] [oshi.util.FileUtil/]: Reading file /sys/devices/system/cpu/cpu20/cache/index3/type
[07Feb2025 10:13:56.312] [Render thread/DEBUG] [oshi.util.FileUtil/]: Reading file /sys/devices/system/cpu/cpu20/cache/index3/ways_of_associativity
[07Feb2025 10:13:56.312] [Render thread/DEBUG] [oshi.util.FileUtil/]: Reading file /sys/devices/system/cpu/cpu20/cache/index3/ways_of_associativity
[07Feb2025 10:13:56.312] [Render thread/DEBUG] [oshi.util.FileUtil/]: Reading file /sys/devices/system/cpu/cpu20/cache/index3/coherency_line_size
[07Feb2025 10:13:56.312] [Render thread/DEBUG] [oshi.util.FileUtil/]: Reading file /sys/devices/system/cpu/cpu20/cache/index3/coherency_line_size
[07Feb2025 10:13:56.312] [Render thread/DEBUG] [oshi.util.FileUtil/]: Reading file /sys/devices/system/cpu/cpu20/cache/index3/size
[07Feb2025 10:13:56.312] [Render thread/DEBUG] [oshi.util.FileUtil/]: Reading file /sys/devices/system/cpu/cpu20/cache/index3/size
[07Feb2025 10:13:56.312] [Render thread/DEBUG] [oshi.util.FileUtil/]: Reading file /sys/devices/system/cpu/cpu20/cache/index1/level
[07Feb2025 10:13:56.312] [Render thread/DEBUG] [oshi.util.FileUtil/]: Reading file /sys/devices/system/cpu/cpu20/cache/index1/level
[07Feb2025 10:13:56.312] [Render thread/DEBUG] [oshi.util.FileUtil/]: Reading file /sys/devices/system/cpu/cpu20/cache/index1/type
[07Feb2025 10:13:56.312] [Render thread/DEBUG] [oshi.util.FileUtil/]: Reading file /sys/devices/system/cpu/cpu20/cache/index1/type
[07Feb2025 10:13:56.312] [Render thread/DEBUG] [oshi.util.FileUtil/]: Reading file /sys/devices/system/cpu/cpu20/cache/index1/ways_of_associativity
[07Feb2025 10:13:56.312] [Render thread/DEBUG] [oshi.util.FileUtil/]: Reading file /sys/devices/system/cpu/cpu20/cache/index1/ways_of_associativity
[07Feb2025 10:13:56.312] [Render thread/DEBUG] [oshi.util.FileUtil/]: Reading file /sys/devices/system/cpu/cpu20/cache/index1/coherency_line_size
[07Feb2025 10:13:56.312] [Render thread/DEBUG] [oshi.util.FileUtil/]: Reading file /sys/devices/system/cpu/cpu20/cache/index1/coherency_line_size
[07Feb2025 10:13:56.313] [Render thread/DEBUG] [oshi.util.FileUtil/]: Reading file /sys/devices/system/cpu/cpu20/cache/index1/size
[07Feb2025 10:13:56.313] [Render thread/DEBUG] [oshi.util.FileUtil/]: Reading file /sys/devices/system/cpu/cpu20/cache/index1/size
[07Feb2025 10:13:56.313] [Render thread/DEBUG] [oshi.util.FileUtil/]: Reading file /sys/devices/system/cpu/cpu21/topology/core_id
[07Feb2025 10:13:56.313] [Render thread/DEBUG] [oshi.util.FileUtil/]: Reading file /sys/devices/system/cpu/cpu21/topology/core_id
[07Feb2025 10:13:56.313] [Render thread/DEBUG] [oshi.util.FileUtil/]: Reading file /sys/devices/system/cpu/cpu21/topology/physical_package_id
[07Feb2025 10:13:56.313] [Render thread/DEBUG] [oshi.util.FileUtil/]: Reading file /sys/devices/system/cpu/cpu21/topology/physical_package_id
[07Feb2025 10:13:56.313] [Render thread/DEBUG] [oshi.util.FileUtil/]: Reading file /sys/devices/system/cpu/cpu21/cpu_capacity
[07Feb2025 10:13:56.313] [Render thread/DEBUG] [oshi.util.FileUtil/]: Reading file /sys/devices/system/cpu/cpu21/cache/index2/level
[07Feb2025 10:13:56.313] [Render thread/DEBUG] [oshi.util.FileUtil/]: Reading file /sys/devices/system/cpu/cpu21/cache/index2/level
[07Feb2025 10:13:56.313] [Render thread/DEBUG] [oshi.util.FileUtil/]: Reading file /sys/devices/system/cpu/cpu21/cache/index2/type
[07Feb2025 10:13:56.313] [Render thread/DEBUG] [oshi.util.FileUtil/]: Reading file /sys/devices/system/cpu/cpu21/cache/index2/type
[07Feb2025 10:13:56.313] [Render thread/DEBUG] [oshi.util.FileUtil/]: Reading file /sys/devices/system/cpu/cpu21/cache/index2/ways_of_associativity
[07Feb2025 10:13:56.313] [Render thread/DEBUG] [oshi.util.FileUtil/]: Reading file /sys/devices/system/cpu/cpu21/cache/index2/ways_of_associativity
[07Feb2025 10:13:56.313] [Render thread/DEBUG] [oshi.util.FileUtil/]: Reading file /sys/devices/system/cpu/cpu21/cache/index2/coherency_line_size
[07Feb2025 10:13:56.313] [Render thread/DEBUG] [oshi.util.FileUtil/]: Reading file /sys/devices/system/cpu/cpu21/cache/index2/coherency_line_size
[07Feb2025 10:13:56.313] [Render thread/DEBUG] [oshi.util.FileUtil/]: Reading file /sys/devices/system/cpu/cpu21/cache/index2/size
[07Feb2025 10:13:56.313] [Render thread/DEBUG] [oshi.util.FileUtil/]: Reading file /sys/devices/system/cpu/cpu21/cache/index2/size
[07Feb2025 10:13:56.313] [Render thread/DEBUG] [oshi.util.FileUtil/]: Reading file /sys/devices/system/cpu/cpu21/cache/index0/level
[07Feb2025 10:13:56.313] [Render thread/DEBUG] [oshi.util.FileUtil/]: Reading file /sys/devices/system/cpu/cpu21/cache/index0/level
[07Feb2025 10:13:56.313] [Render thread/DEBUG] [oshi.util.FileUtil/]: Reading file /sys/devices/system/cpu/cpu21/cache/index0/type
[07Feb2025 10:13:56.313] [Render thread/DEBUG] [oshi.util.FileUtil/]: Reading file /sys/devices/system/cpu/cpu21/cache/index0/type
[07Feb2025 10:13:56.313] [Render thread/DEBUG] [oshi.util.FileUtil/]: Reading file /sys/devices/system/cpu/cpu21/cache/index0/ways_of_associativity
[07Feb2025 10:13:56.313] [Render thread/DEBUG] [oshi.util.FileUtil/]: Reading file /sys/devices/system/cpu/cpu21/cache/index0/ways_of_associativity
[07Feb2025 10:13:56.314] [Render thread/DEBUG] [oshi.util.FileUtil/]: Reading file /sys/devices/system/cpu/cpu21/cache/index0/coherency_line_size
[07Feb2025 10:13:56.314] [Render thread/DEBUG] [oshi.util.FileUtil/]: Reading file /sys/devices/system/cpu/cpu21/cache/index0/coherency_line_size
[07Feb2025 10:13:56.314] [Render thread/DEBUG] [oshi.util.FileUtil/]: Reading file /sys/devices/system/cpu/cpu21/cache/index0/size
[07Feb2025 10:13:56.314] [Render thread/DEBUG] [oshi.util.FileUtil/]: Reading file /sys/devices/system/cpu/cpu21/cache/index0/size
[07Feb2025 10:13:56.314] [Render thread/DEBUG] [oshi.util.FileUtil/]: Reading file /sys/devices/system/cpu/cpu21/cache/index3/level
[07Feb2025 10:13:56.314] [Render thread/DEBUG] [oshi.util.FileUtil/]: Reading file /sys/devices/system/cpu/cpu21/cache/index3/level
[07Feb2025 10:13:56.314] [Render thread/DEBUG] [oshi.util.FileUtil/]: Reading file /sys/devices/system/cpu/cpu21/cache/index3/type
[07Feb2025 10:13:56.314] [Render thread/DEBUG] [oshi.util.FileUtil/]: Reading file /sys/devices/system/cpu/cpu21/cache/index3/type
[07Feb2025 10:13:56.314] [Render thread/DEBUG] [oshi.util.FileUtil/]: Reading file /sys/devices/system/cpu/cpu21/cache/index3/ways_of_associativity
[07Feb2025 10:13:56.314] [Render thread/DEBUG] [oshi.util.FileUtil/]: Reading file /sys/devices/system/cpu/cpu21/cache/index3/ways_of_associativity
[07Feb2025 10:13:56.314] [Render thread/DEBUG] [oshi.util.FileUtil/]: Reading file /sys/devices/system/cpu/cpu21/cache/index3/coherency_line_size
[07Feb2025 10:13:56.314] [Render thread/DEBUG] [oshi.util.FileUtil/]: Reading file /sys/devices/system/cpu/cpu21/cache/index3/coherency_line_size
[07Feb2025 10:13:56.314] [Render thread/DEBUG] [oshi.util.FileUtil/]: Reading file /sys/devices/system/cpu/cpu21/cache/index3/size
[07Feb2025 10:13:56.314] [Render thread/DEBUG] [oshi.util.FileUtil/]: Reading file /sys/devices/system/cpu/cpu21/cache/index3/size
[07Feb2025 10:13:56.314] [Render thread/DEBUG] [oshi.util.FileUtil/]: Reading file /sys/devices/system/cpu/cpu21/cache/index1/level
[07Feb2025 10:13:56.314] [Render thread/DEBUG] [oshi.util.FileUtil/]: Reading file /sys/devices/system/cpu/cpu21/cache/index1/level
[07Feb2025 10:13:56.314] [Render thread/DEBUG] [oshi.util.FileUtil/]: Reading file /sys/devices/system/cpu/cpu21/cache/index1/type
[07Feb2025 10:13:56.314] [Render thread/DEBUG] [oshi.util.FileUtil/]: Reading file /sys/devices/system/cpu/cpu21/cache/index1/type
[07Feb2025 10:13:56.314] [Render thread/DEBUG] [oshi.util.FileUtil/]: Reading file /sys/devices/system/cpu/cpu21/cache/index1/ways_of_associativity
[07Feb2025 10:13:56.314] [Render thread/DEBUG] [oshi.util.FileUtil/]: Reading file /sys/devices/system/cpu/cpu21/cache/index1/ways_of_associativity
[07Feb2025 10:13:56.314] [Render thread/DEBUG] [oshi.util.FileUtil/]: Reading file /sys/devices/system/cpu/cpu21/cache/index1/coherency_line_size
[07Feb2025 10:13:56.314] [Render thread/DEBUG] [oshi.util.FileUtil/]: Reading file /sys/devices/system/cpu/cpu21/cache/index1/coherency_line_size
[07Feb2025 10:13:56.314] [Render thread/DEBUG] [oshi.util.FileUtil/]: Reading file /sys/devices/system/cpu/cpu21/cache/index1/size
[07Feb2025 10:13:56.314] [Render thread/DEBUG] [oshi.util.FileUtil/]: Reading file /sys/devices/system/cpu/cpu21/cache/index1/size
[07Feb2025 10:13:56.314] [Render thread/DEBUG] [oshi.util.FileUtil/]: Reading file /sys/devices/system/cpu/cpu22/topology/core_id
[07Feb2025 10:13:56.315] [Render thread/DEBUG] [oshi.util.FileUtil/]: Reading file /sys/devices/system/cpu/cpu22/topology/core_id
[07Feb2025 10:13:56.315] [Render thread/DEBUG] [oshi.util.FileUtil/]: Reading file /sys/devices/system/cpu/cpu22/topology/physical_package_id
[07Feb2025 10:13:56.315] [Render thread/DEBUG] [oshi.util.FileUtil/]: Reading file /sys/devices/system/cpu/cpu22/topology/physical_package_id
[07Feb2025 10:13:56.315] [Render thread/DEBUG] [oshi.util.FileUtil/]: Reading file /sys/devices/system/cpu/cpu22/cpu_capacity
[07Feb2025 10:13:56.315] [Render thread/DEBUG] [oshi.util.FileUtil/]: Reading file /sys/devices/system/cpu/cpu22/cache/index2/level
[07Feb2025 10:13:56.315] [Render thread/DEBUG] [oshi.util.FileUtil/]: Reading file /sys/devices/system/cpu/cpu22/cache/index2/level
[07Feb2025 10:13:56.315] [Render thread/DEBUG] [oshi.util.FileUtil/]: Reading file /sys/devices/system/cpu/cpu22/cache/index2/type
[07Feb2025 10:13:56.315] [Render thread/DEBUG] [oshi.util.FileUtil/]: Reading file /sys/devices/system/cpu/cpu22/cache/index2/type
[07Feb2025 10:13:56.315] [Render thread/DEBUG] [oshi.util.FileUtil/]: Reading file /sys/devices/system/cpu/cpu22/cache/index2/ways_of_associativity
[07Feb2025 10:13:56.315] [Render thread/DEBUG] [oshi.util.FileUtil/]: Reading file /sys/devices/system/cpu/cpu22/cache/index2/ways_of_associativity
[07Feb2025 10:13:56.315] [Render thread/DEBUG] [oshi.util.FileUtil/]: Reading file /sys/devices/system/cpu/cpu22/cache/index2/coherency_line_size
[07Feb2025 10:13:56.315] [Render thread/DEBUG] [oshi.util.FileUtil/]: Reading file /sys/devices/system/cpu/cpu22/cache/index2/coherency_line_size
[07Feb2025 10:13:56.315] [Render thread/DEBUG] [oshi.util.FileUtil/]: Reading file /sys/devices/system/cpu/cpu22/cache/index2/size
[07Feb2025 10:13:56.315] [Render thread/DEBUG] [oshi.util.FileUtil/]: Reading file /sys/devices/system/cpu/cpu22/cache/index2/size
[07Feb2025 10:13:56.315] [Render thread/DEBUG] [oshi.util.FileUtil/]: Reading file /sys/devices/system/cpu/cpu22/cache/index0/level
[07Feb2025 10:13:56.315] [Render thread/DEBUG] [oshi.util.FileUtil/]: Reading file /sys/devices/system/cpu/cpu22/cache/index0/level
[07Feb2025 10:13:56.315] [Render thread/DEBUG] [oshi.util.FileUtil/]: Reading file /sys/devices/system/cpu/cpu22/cache/index0/type
[07Feb2025 10:13:56.315] [Render thread/DEBUG] [oshi.util.FileUtil/]: Reading file /sys/devices/system/cpu/cpu22/cache/index0/type
[07Feb2025 10:13:56.315] [Render thread/DEBUG] [oshi.util.FileUtil/]: Reading file /sys/devices/system/cpu/cpu22/cache/index0/ways_of_associativity
[07Feb2025 10:13:56.315] [Render thread/DEBUG] [oshi.util.FileUtil/]: Reading file /sys/devices/system/cpu/cpu22/cache/index0/ways_of_associativity
[07Feb2025 10:13:56.315] [Render thread/DEBUG] [oshi.util.FileUtil/]: Reading file /sys/devices/system/cpu/cpu22/cache/index0/coherency_line_size
[07Feb2025 10:13:56.315] [Render thread/DEBUG] [oshi.util.FileUtil/]: Reading file /sys/devices/system/cpu/cpu22/cache/index0/coherency_line_size
[07Feb2025 10:13:56.315] [Render thread/DEBUG] [oshi.util.FileUtil/]: Reading file /sys/devices/system/cpu/cpu22/cache/index0/size
[07Feb2025 10:13:56.315] [Render thread/DEBUG] [oshi.util.FileUtil/]: Reading file /sys/devices/system/cpu/cpu22/cache/index0/size
[07Feb2025 10:13:56.315] [Render thread/DEBUG] [oshi.util.FileUtil/]: Reading file /sys/devices/system/cpu/cpu22/cache/index3/level
[07Feb2025 10:13:56.315] [Render thread/DEBUG] [oshi.util.FileUtil/]: Reading file /sys/devices/system/cpu/cpu22/cache/index3/level
[07Feb2025 10:13:56.315] [Render thread/DEBUG] [oshi.util.FileUtil/]: Reading file /sys/devices/system/cpu/cpu22/cache/index3/type
[07Feb2025 10:13:56.315] [Render thread/DEBUG] [oshi.util.FileUtil/]: Reading file /sys/devices/system/cpu/cpu22/cache/index3/type
[07Feb2025 10:13:56.316] [Render thread/DEBUG] [oshi.util.FileUtil/]: Reading file /sys/devices/system/cpu/cpu22/cache/index3/ways_of_associativity
[07Feb2025 10:13:56.316] [Render thread/DEBUG] [oshi.util.FileUtil/]: Reading file /sys/devices/system/cpu/cpu22/cache/index3/ways_of_associativity
[07Feb2025 10:13:56.316] [Render thread/DEBUG] [oshi.util.FileUtil/]: Reading file /sys/devices/system/cpu/cpu22/cache/index3/coherency_line_size
[07Feb2025 10:13:56.316] [Render thread/DEBUG] [oshi.util.FileUtil/]: Reading file /sys/devices/system/cpu/cpu22/cache/index3/coherency_line_size
[07Feb2025 10:13:56.316] [Render thread/DEBUG] [oshi.util.FileUtil/]: Reading file /sys/devices/system/cpu/cpu22/cache/index3/size
[07Feb2025 10:13:56.316] [Render thread/DEBUG] [oshi.util.FileUtil/]: Reading file /sys/devices/system/cpu/cpu22/cache/index3/size
[07Feb2025 10:13:56.316] [Render thread/DEBUG] [oshi.util.FileUtil/]: Reading file /sys/devices/system/cpu/cpu22/cache/index1/level
[07Feb2025 10:13:56.316] [Render thread/DEBUG] [oshi.util.FileUtil/]: Reading file /sys/devices/system/cpu/cpu22/cache/index1/level
[07Feb2025 10:13:56.316] [Render thread/DEBUG] [oshi.util.FileUtil/]: Reading file /sys/devices/system/cpu/cpu22/cache/index1/type
[07Feb2025 10:13:56.316] [Render thread/DEBUG] [oshi.util.FileUtil/]: Reading file /sys/devices/system/cpu/cpu22/cache/index1/type
[07Feb2025 10:13:56.316] [Render thread/DEBUG] [oshi.util.FileUtil/]: Reading file /sys/devices/system/cpu/cpu22/cache/index1/ways_of_associativity
[07Feb2025 10:13:56.316] [Render thread/DEBUG] [oshi.util.FileUtil/]: Reading file /sys/devices/system/cpu/cpu22/cache/index1/ways_of_associativity
[07Feb2025 10:13:56.316] [Render thread/DEBUG] [oshi.util.FileUtil/]: Reading file /sys/devices/system/cpu/cpu22/cache/index1/coherency_line_size
[07Feb2025 10:13:56.316] [Render thread/DEBUG] [oshi.util.FileUtil/]: Reading file /sys/devices/system/cpu/cpu22/cache/index1/coherency_line_size
[07Feb2025 10:13:56.316] [Render thread/DEBUG] [oshi.util.FileUtil/]: Reading file /sys/devices/system/cpu/cpu22/cache/index1/size
[07Feb2025 10:13:56.316] [Render thread/DEBUG] [oshi.util.FileUtil/]: Reading file /sys/devices/system/cpu/cpu22/cache/index1/size
[07Feb2025 10:13:56.316] [Render thread/DEBUG] [oshi.util.FileUtil/]: Reading file /sys/devices/system/cpu/cpu23/topology/core_id
[07Feb2025 10:13:56.316] [Render thread/DEBUG] [oshi.util.FileUtil/]: Reading file /sys/devices/system/cpu/cpu23/topology/core_id
[07Feb2025 10:13:56.316] [Render thread/DEBUG] [oshi.util.FileUtil/]: Reading file /sys/devices/system/cpu/cpu23/topology/physical_package_id
[07Feb2025 10:13:56.317] [Render thread/DEBUG] [oshi.util.FileUtil/]: Reading file /sys/devices/system/cpu/cpu23/topology/physical_package_id
[07Feb2025 10:13:56.317] [Render thread/DEBUG] [oshi.util.FileUtil/]: Reading file /sys/devices/system/cpu/cpu23/cpu_capacity
[07Feb2025 10:13:56.317] [Render thread/DEBUG] [oshi.util.FileUtil/]: Reading file /sys/devices/system/cpu/cpu23/cache/index2/level
[07Feb2025 10:13:56.317] [Render thread/DEBUG] [oshi.util.FileUtil/]: Reading file /sys/devices/system/cpu/cpu23/cache/index2/level
[07Feb2025 10:13:56.317] [Render thread/DEBUG] [oshi.util.FileUtil/]: Reading file /sys/devices/system/cpu/cpu23/cache/index2/type
[07Feb2025 10:13:56.317] [Render thread/DEBUG] [oshi.util.FileUtil/]: Reading file /sys/devices/system/cpu/cpu23/cache/index2/type
[07Feb2025 10:13:56.317] [Render thread/DEBUG] [oshi.util.FileUtil/]: Reading file /sys/devices/system/cpu/cpu23/cache/index2/ways_of_associativity
[07Feb2025 10:13:56.317] [Render thread/DEBUG] [oshi.util.FileUtil/]: Reading file /sys/devices/system/cpu/cpu23/cache/index2/ways_of_associativity
[07Feb2025 10:13:56.317] [Render thread/DEBUG] [oshi.util.FileUtil/]: Reading file /sys/devices/system/cpu/cpu23/cache/index2/coherency_line_size
[07Feb2025 10:13:56.317] [Render thread/DEBUG] [oshi.util.FileUtil/]: Reading file /sys/devices/system/cpu/cpu23/cache/index2/coherency_line_size
[07Feb2025 10:13:56.317] [Render thread/DEBUG] [oshi.util.FileUtil/]: Reading file /sys/devices/system/cpu/cpu23/cache/index2/size
[07Feb2025 10:13:56.317] [Render thread/DEBUG] [oshi.util.FileUtil/]: Reading file /sys/devices/system/cpu/cpu23/cache/index2/size
[07Feb2025 10:13:56.317] [Render thread/DEBUG] [oshi.util.FileUtil/]: Reading file /sys/devices/system/cpu/cpu23/cache/index0/level
[07Feb2025 10:13:56.317] [Render thread/DEBUG] [oshi.util.FileUtil/]: Reading file /sys/devices/system/cpu/cpu23/cache/index0/level
[07Feb2025 10:13:56.317] [Render thread/DEBUG] [oshi.util.FileUtil/]: Reading file /sys/devices/system/cpu/cpu23/cache/index0/type
[07Feb2025 10:13:56.317] [Render thread/DEBUG] [oshi.util.FileUtil/]: Reading file /sys/devices/system/cpu/cpu23/cache/index0/type
[07Feb2025 10:13:56.317] [Render thread/DEBUG] [oshi.util.FileUtil/]: Reading file /sys/devices/system/cpu/cpu23/cache/index0/ways_of_associativity
[07Feb2025 10:13:56.317] [Render thread/DEBUG] [oshi.util.FileUtil/]: Reading file /sys/devices/system/cpu/cpu23/cache/index0/ways_of_associativity
[07Feb2025 10:13:56.317] [Render thread/DEBUG] [oshi.util.FileUtil/]: Reading file /sys/devices/system/cpu/cpu23/cache/index0/coherency_line_size
[07Feb2025 10:13:56.317] [Render thread/DEBUG] [oshi.util.FileUtil/]: Reading file /sys/devices/system/cpu/cpu23/cache/index0/coherency_line_size
[07Feb2025 10:13:56.317] [Render thread/DEBUG] [oshi.util.FileUtil/]: Reading file /sys/devices/system/cpu/cpu23/cache/index0/size
[07Feb2025 10:13:56.317] [Render thread/DEBUG] [oshi.util.FileUtil/]: Reading file /sys/devices/system/cpu/cpu23/cache/index0/size
[07Feb2025 10:13:56.317] [Render thread/DEBUG] [oshi.util.FileUtil/]: Reading file /sys/devices/system/cpu/cpu23/cache/index3/level
[07Feb2025 10:13:56.317] [Render thread/DEBUG] [oshi.util.FileUtil/]: Reading file /sys/devices/system/cpu/cpu23/cache/index3/level
[07Feb2025 10:13:56.317] [Render thread/DEBUG] [oshi.util.FileUtil/]: Reading file /sys/devices/system/cpu/cpu23/cache/index3/type
[07Feb2025 10:13:56.317] [Render thread/DEBUG] [oshi.util.FileUtil/]: Reading file /sys/devices/system/cpu/cpu23/cache/index3/type
[07Feb2025 10:13:56.317] [Render thread/DEBUG] [oshi.util.FileUtil/]: Reading file /sys/devices/system/cpu/cpu23/cache/index3/ways_of_associativity
[07Feb2025 10:13:56.317] [Render thread/DEBUG] [oshi.util.FileUtil/]: Reading file /sys/devices/system/cpu/cpu23/cache/index3/ways_of_associativity
[07Feb2025 10:13:56.317] [Render thread/DEBUG] [oshi.util.FileUtil/]: Reading file /sys/devices/system/cpu/cpu23/cache/index3/coherency_line_size
[07Feb2025 10:13:56.317] [Render thread/DEBUG] [oshi.util.FileUtil/]: Reading file /sys/devices/system/cpu/cpu23/cache/index3/coherency_line_size
[07Feb2025 10:13:56.318] [Render thread/DEBUG] [oshi.util.FileUtil/]: Reading file /sys/devices/system/cpu/cpu23/cache/index3/size
[07Feb2025 10:13:56.318] [Render thread/DEBUG] [oshi.util.FileUtil/]: Reading file /sys/devices/system/cpu/cpu23/cache/index3/size
[07Feb2025 10:13:56.318] [Render thread/DEBUG] [oshi.util.FileUtil/]: Reading file /sys/devices/system/cpu/cpu23/cache/index1/level
[07Feb2025 10:13:56.318] [Render thread/DEBUG] [oshi.util.FileUtil/]: Reading file /sys/devices/system/cpu/cpu23/cache/index1/level
[07Feb2025 10:13:56.318] [Render thread/DEBUG] [oshi.util.FileUtil/]: Reading file /sys/devices/system/cpu/cpu23/cache/index1/type
[07Feb2025 10:13:56.318] [Render thread/DEBUG] [oshi.util.FileUtil/]: Reading file /sys/devices/system/cpu/cpu23/cache/index1/type
[07Feb2025 10:13:56.318] [Render thread/DEBUG] [oshi.util.FileUtil/]: Reading file /sys/devices/system/cpu/cpu23/cache/index1/ways_of_associativity
[07Feb2025 10:13:56.318] [Render thread/DEBUG] [oshi.util.FileUtil/]: Reading file /sys/devices/system/cpu/cpu23/cache/index1/ways_of_associativity
[07Feb2025 10:13:56.318] [Render thread/DEBUG] [oshi.util.FileUtil/]: Reading file /sys/devices/system/cpu/cpu23/cache/index1/coherency_line_size
[07Feb2025 10:13:56.318] [Render thread/DEBUG] [oshi.util.FileUtil/]: Reading file /sys/devices/system/cpu/cpu23/cache/index1/coherency_line_size
[07Feb2025 10:13:56.318] [Render thread/DEBUG] [oshi.util.FileUtil/]: Reading file /sys/devices/system/cpu/cpu23/cache/index1/size
[07Feb2025 10:13:56.318] [Render thread/DEBUG] [oshi.util.FileUtil/]: Reading file /sys/devices/system/cpu/cpu23/cache/index1/size
[07Feb2025 10:13:56.318] [Render thread/DEBUG] [oshi.util.FileUtil/]: Reading file /sys/devices/system/cpu/cpu3/topology/core_id
[07Feb2025 10:13:56.318] [Render thread/DEBUG] [oshi.util.FileUtil/]: Reading file /sys/devices/system/cpu/cpu3/topology/core_id
[07Feb2025 10:13:56.318] [Render thread/DEBUG] [oshi.util.FileUtil/]: Reading file /sys/devices/system/cpu/cpu3/topology/physical_package_id
[07Feb2025 10:13:56.318] [Render thread/DEBUG] [oshi.util.FileUtil/]: Reading file /sys/devices/system/cpu/cpu3/topology/physical_package_id
[07Feb2025 10:13:56.318] [Render thread/DEBUG] [oshi.util.FileUtil/]: Reading file /sys/devices/system/cpu/cpu3/cpu_capacity
[07Feb2025 10:13:56.318] [Render thread/DEBUG] [oshi.util.FileUtil/]: Reading file /sys/devices/system/cpu/cpu3/cache/index2/level
[07Feb2025 10:13:56.318] [Render thread/DEBUG] [oshi.util.FileUtil/]: Reading file /sys/devices/system/cpu/cpu3/cache/index2/level
[07Feb2025 10:13:56.318] [Render thread/DEBUG] [oshi.util.FileUtil/]: Reading file /sys/devices/system/cpu/cpu3/cache/index2/type
[07Feb2025 10:13:56.318] [Render thread/DEBUG] [oshi.util.FileUtil/]: Reading file /sys/devices/system/cpu/cpu3/cache/index2/type
[07Feb2025 10:13:56.319] [Render thread/DEBUG] [oshi.util.FileUtil/]: Reading file /sys/devices/system/cpu/cpu3/cache/index2/ways_of_associativity
[07Feb2025 10:13:56.319] [Render thread/DEBUG] [oshi.util.FileUtil/]: Reading file /sys/devices/system/cpu/cpu3/cache/index2/ways_of_associativity
[07Feb2025 10:13:56.319] [Render thread/DEBUG] [oshi.util.FileUtil/]: Reading file /sys/devices/system/cpu/cpu3/cache/index2/coherency_line_size
[07Feb2025 10:13:56.319] [Render thread/DEBUG] [oshi.util.FileUtil/]: Reading file /sys/devices/system/cpu/cpu3/cache/index2/coherency_line_size
[07Feb2025 10:13:56.319] [Render thread/DEBUG] [oshi.util.FileUtil/]: Reading file /sys/devices/system/cpu/cpu3/cache/index2/size
[07Feb2025 10:13:56.319] [Render thread/DEBUG] [oshi.util.FileUtil/]: Reading file /sys/devices/system/cpu/cpu3/cache/index2/size
[07Feb2025 10:13:56.319] [Render thread/DEBUG] [oshi.util.FileUtil/]: Reading file /sys/devices/system/cpu/cpu3/cache/index0/level
[07Feb2025 10:13:56.319] [Render thread/DEBUG] [oshi.util.FileUtil/]: Reading file /sys/devices/system/cpu/cpu3/cache/index0/level
[07Feb2025 10:13:56.319] [Render thread/DEBUG] [oshi.util.FileUtil/]: Reading file /sys/devices/system/cpu/cpu3/cache/index0/type
[07Feb2025 10:13:56.319] [Render thread/DEBUG] [oshi.util.FileUtil/]: Reading file /sys/devices/system/cpu/cpu3/cache/index0/type
[07Feb2025 10:13:56.319] [Render thread/DEBUG] [oshi.util.FileUtil/]: Reading file /sys/devices/system/cpu/cpu3/cache/index0/ways_of_associativity
[07Feb2025 10:13:56.319] [Render thread/DEBUG] [oshi.util.FileUtil/]: Reading file /sys/devices/system/cpu/cpu3/cache/index0/ways_of_associativity
[07Feb2025 10:13:56.319] [Render thread/DEBUG] [oshi.util.FileUtil/]: Reading file /sys/devices/system/cpu/cpu3/cache/index0/coherency_line_size
[07Feb2025 10:13:56.319] [Render thread/DEBUG] [oshi.util.FileUtil/]: Reading file /sys/devices/system/cpu/cpu3/cache/index0/coherency_line_size
[07Feb2025 10:13:56.319] [Render thread/DEBUG] [oshi.util.FileUtil/]: Reading file /sys/devices/system/cpu/cpu3/cache/index0/size
[07Feb2025 10:13:56.319] [Render thread/DEBUG] [oshi.util.FileUtil/]: Reading file /sys/devices/system/cpu/cpu3/cache/index0/size
[07Feb2025 10:13:56.319] [Render thread/DEBUG] [oshi.util.FileUtil/]: Reading file /sys/devices/system/cpu/cpu3/cache/index3/level
[07Feb2025 10:13:56.319] [Render thread/DEBUG] [oshi.util.FileUtil/]: Reading file /sys/devices/system/cpu/cpu3/cache/index3/level
[07Feb2025 10:13:56.319] [Render thread/DEBUG] [oshi.util.FileUtil/]: Reading file /sys/devices/system/cpu/cpu3/cache/index3/type
[07Feb2025 10:13:56.319] [Render thread/DEBUG] [oshi.util.FileUtil/]: Reading file /sys/devices/system/cpu/cpu3/cache/index3/type
[07Feb2025 10:13:56.319] [Render thread/DEBUG] [oshi.util.FileUtil/]: Reading file /sys/devices/system/cpu/cpu3/cache/index3/ways_of_associativity
[07Feb2025 10:13:56.319] [Render thread/DEBUG] [oshi.util.FileUtil/]: Reading file /sys/devices/system/cpu/cpu3/cache/index3/ways_of_associativity
[07Feb2025 10:13:56.319] [Render thread/DEBUG] [oshi.util.FileUtil/]: Reading file /sys/devices/system/cpu/cpu3/cache/index3/coherency_line_size
[07Feb2025 10:13:56.319] [Render thread/DEBUG] [oshi.util.FileUtil/]: Reading file /sys/devices/system/cpu/cpu3/cache/index3/coherency_line_size
[07Feb2025 10:13:56.319] [Render thread/DEBUG] [oshi.util.FileUtil/]: Reading file /sys/devices/system/cpu/cpu3/cache/index3/size
[07Feb2025 10:13:56.319] [Render thread/DEBUG] [oshi.util.FileUtil/]: Reading file /sys/devices/system/cpu/cpu3/cache/index3/size
[07Feb2025 10:13:56.319] [Render thread/DEBUG] [oshi.util.FileUtil/]: Reading file /sys/devices/system/cpu/cpu3/cache/index1/level
[07Feb2025 10:13:56.319] [Render thread/DEBUG] [oshi.util.FileUtil/]: Reading file /sys/devices/system/cpu/cpu3/cache/index1/level
[07Feb2025 10:13:56.319] [Render thread/DEBUG] [oshi.util.FileUtil/]: Reading file /sys/devices/system/cpu/cpu3/cache/index1/type
[07Feb2025 10:13:56.319] [Render thread/DEBUG] [oshi.util.FileUtil/]: Reading file /sys/devices/system/cpu/cpu3/cache/index1/type
[07Feb2025 10:13:56.319] [Render thread/DEBUG] [oshi.util.FileUtil/]: Reading file /sys/devices/system/cpu/cpu3/cache/index1/ways_of_associativity
[07Feb2025 10:13:56.319] [Render thread/DEBUG] [oshi.util.FileUtil/]: Reading file /sys/devices/system/cpu/cpu3/cache/index1/ways_of_associativity
[07Feb2025 10:13:56.320] [Render thread/DEBUG] [oshi.util.FileUtil/]: Reading file /sys/devices/system/cpu/cpu3/cache/index1/coherency_line_size
[07Feb2025 10:13:56.320] [Render thread/DEBUG] [oshi.util.FileUtil/]: Reading file /sys/devices/system/cpu/cpu3/cache/index1/coherency_line_size
[07Feb2025 10:13:56.320] [Render thread/DEBUG] [oshi.util.FileUtil/]: Reading file /sys/devices/system/cpu/cpu3/cache/index1/size
[07Feb2025 10:13:56.320] [Render thread/DEBUG] [oshi.util.FileUtil/]: Reading file /sys/devices/system/cpu/cpu3/cache/index1/size
[07Feb2025 10:13:56.320] [Render thread/DEBUG] [oshi.util.FileUtil/]: Reading file /sys/devices/system/cpu/cpu4/topology/core_id
[07Feb2025 10:13:56.320] [Render thread/DEBUG] [oshi.util.FileUtil/]: Reading file /sys/devices/system/cpu/cpu4/topology/core_id
[07Feb2025 10:13:56.320] [Render thread/DEBUG] [oshi.util.FileUtil/]: Reading file /sys/devices/system/cpu/cpu4/topology/physical_package_id
[07Feb2025 10:13:56.320] [Render thread/DEBUG] [oshi.util.FileUtil/]: Reading file /sys/devices/system/cpu/cpu4/topology/physical_package_id
[07Feb2025 10:13:56.320] [Render thread/DEBUG] [oshi.util.FileUtil/]: Reading file /sys/devices/system/cpu/cpu4/cpu_capacity
[07Feb2025 10:13:56.320] [Render thread/DEBUG] [oshi.util.FileUtil/]: Reading file /sys/devices/system/cpu/cpu4/cache/index2/level
[07Feb2025 10:13:56.320] [Render thread/DEBUG] [oshi.util.FileUtil/]: Reading file /sys/devices/system/cpu/cpu4/cache/index2/level
[07Feb2025 10:13:56.320] [Render thread/DEBUG] [oshi.util.FileUtil/]: Reading file /sys/devices/system/cpu/cpu4/cache/index2/type
[07Feb2025 10:13:56.320] [Render thread/DEBUG] [oshi.util.FileUtil/]: Reading file /sys/devices/system/cpu/cpu4/cache/index2/type
[07Feb2025 10:13:56.320] [Render thread/DEBUG] [oshi.util.FileUtil/]: Reading file /sys/devices/system/cpu/cpu4/cache/index2/ways_of_associativity
[07Feb2025 10:13:56.320] [Render thread/DEBUG] [oshi.util.FileUtil/]: Reading file /sys/devices/system/cpu/cpu4/cache/index2/ways_of_associativity
[07Feb2025 10:13:56.320] [Render thread/DEBUG] [oshi.util.FileUtil/]: Reading file /sys/devices/system/cpu/cpu4/cache/index2/coherency_line_size
[07Feb2025 10:13:56.320] [Render thread/DEBUG] [oshi.util.FileUtil/]: Reading file /sys/devices/system/cpu/cpu4/cache/index2/coherency_line_size
[07Feb2025 10:13:56.320] [Render thread/DEBUG] [oshi.util.FileUtil/]: Reading file /sys/devices/system/cpu/cpu4/cache/index2/size
[07Feb2025 10:13:56.320] [Render thread/DEBUG] [oshi.util.FileUtil/]: Reading file /sys/devices/system/cpu/cpu4/cache/index2/size
[07Feb2025 10:13:56.320] [Render thread/DEBUG] [oshi.util.FileUtil/]: Reading file /sys/devices/system/cpu/cpu4/cache/index0/level
[07Feb2025 10:13:56.320] [Render thread/DEBUG] [oshi.util.FileUtil/]: Reading file /sys/devices/system/cpu/cpu4/cache/index0/level
[07Feb2025 10:13:56.320] [Render thread/DEBUG] [oshi.util.FileUtil/]: Reading file /sys/devices/system/cpu/cpu4/cache/index0/type
[07Feb2025 10:13:56.320] [Render thread/DEBUG] [oshi.util.FileUtil/]: Reading file /sys/devices/system/cpu/cpu4/cache/index0/type
[07Feb2025 10:13:56.320] [Render thread/DEBUG] [oshi.util.FileUtil/]: Reading file /sys/devices/system/cpu/cpu4/cache/index0/ways_of_associativity
[07Feb2025 10:13:56.320] [Render thread/DEBUG] [oshi.util.FileUtil/]: Reading file /sys/devices/system/cpu/cpu4/cache/index0/ways_of_associativity
[07Feb2025 10:13:56.321] [Render thread/DEBUG] [oshi.util.FileUtil/]: Reading file /sys/devices/system/cpu/cpu4/cache/index0/coherency_line_size
[07Feb2025 10:13:56.321] [Render thread/DEBUG] [oshi.util.FileUtil/]: Reading file /sys/devices/system/cpu/cpu4/cache/index0/coherency_line_size
[07Feb2025 10:13:56.321] [Render thread/DEBUG] [oshi.util.FileUtil/]: Reading file /sys/devices/system/cpu/cpu4/cache/index0/size
[07Feb2025 10:13:56.321] [Render thread/DEBUG] [oshi.util.FileUtil/]: Reading file /sys/devices/system/cpu/cpu4/cache/index0/size
[07Feb2025 10:13:56.321] [Render thread/DEBUG] [oshi.util.FileUtil/]: Reading file /sys/devices/system/cpu/cpu4/cache/index3/level
[07Feb2025 10:13:56.321] [Render thread/DEBUG] [oshi.util.FileUtil/]: Reading file /sys/devices/system/cpu/cpu4/cache/index3/level
[07Feb2025 10:13:56.321] [Render thread/DEBUG] [oshi.util.FileUtil/]: Reading file /sys/devices/system/cpu/cpu4/cache/index3/type
[07Feb2025 10:13:56.321] [Render thread/DEBUG] [oshi.util.FileUtil/]: Reading file /sys/devices/system/cpu/cpu4/cache/index3/type
[07Feb2025 10:13:56.321] [Render thread/DEBUG] [oshi.util.FileUtil/]: Reading file /sys/devices/system/cpu/cpu4/cache/index3/ways_of_associativity
[07Feb2025 10:13:56.321] [Render thread/DEBUG] [oshi.util.FileUtil/]: Reading file /sys/devices/system/cpu/cpu4/cache/index3/ways_of_associativity
[07Feb2025 10:13:56.321] [Render thread/DEBUG] [oshi.util.FileUtil/]: Reading file /sys/devices/system/cpu/cpu4/cache/index3/coherency_line_size
[07Feb2025 10:13:56.321] [Render thread/DEBUG] [oshi.util.FileUtil/]: Reading file /sys/devices/system/cpu/cpu4/cache/index3/coherency_line_size
[07Feb2025 10:13:56.321] [Render thread/DEBUG] [oshi.util.FileUtil/]: Reading file /sys/devices/system/cpu/cpu4/cache/index3/size
[07Feb2025 10:13:56.321] [Render thread/DEBUG] [oshi.util.FileUtil/]: Reading file /sys/devices/system/cpu/cpu4/cache/index3/size
[07Feb2025 10:13:56.321] [Render thread/DEBUG] [oshi.util.FileUtil/]: Reading file /sys/devices/system/cpu/cpu4/cache/index1/level
[07Feb2025 10:13:56.321] [Render thread/DEBUG] [oshi.util.FileUtil/]: Reading file /sys/devices/system/cpu/cpu4/cache/index1/level
[07Feb2025 10:13:56.321] [Render thread/DEBUG] [oshi.util.FileUtil/]: Reading file /sys/devices/system/cpu/cpu4/cache/index1/type
[07Feb2025 10:13:56.321] [Render thread/DEBUG] [oshi.util.FileUtil/]: Reading file /sys/devices/system/cpu/cpu4/cache/index1/type
[07Feb2025 10:13:56.321] [Render thread/DEBUG] [oshi.util.FileUtil/]: Reading file /sys/devices/system/cpu/cpu4/cache/index1/ways_of_associativity
[07Feb2025 10:13:56.321] [Render thread/DEBUG] [oshi.util.FileUtil/]: Reading file /sys/devices/system/cpu/cpu4/cache/index1/ways_of_associativity
[07Feb2025 10:13:56.321] [Render thread/DEBUG] [oshi.util.FileUtil/]: Reading file /sys/devices/system/cpu/cpu4/cache/index1/coherency_line_size
[07Feb2025 10:13:56.321] [Render thread/DEBUG] [oshi.util.FileUtil/]: Reading file /sys/devices/system/cpu/cpu4/cache/index1/coherency_line_size
[07Feb2025 10:13:56.321] [Render thread/DEBUG] [oshi.util.FileUtil/]: Reading file /sys/devices/system/cpu/cpu4/cache/index1/size
[07Feb2025 10:13:56.321] [Render thread/DEBUG] [oshi.util.FileUtil/]: Reading file /sys/devices/system/cpu/cpu4/cache/index1/size
[07Feb2025 10:13:56.322] [Render thread/DEBUG] [oshi.util.FileUtil/]: Reading file /sys/devices/system/cpu/cpu5/topology/core_id
[07Feb2025 10:13:56.322] [Render thread/DEBUG] [oshi.util.FileUtil/]: Reading file /sys/devices/system/cpu/cpu5/topology/core_id
[07Feb2025 10:13:56.322] [Render thread/DEBUG] [oshi.util.FileUtil/]: Reading file /sys/devices/system/cpu/cpu5/topology/physical_package_id
[07Feb2025 10:13:56.322] [Render thread/DEBUG] [oshi.util.FileUtil/]: Reading file /sys/devices/system/cpu/cpu5/topology/physical_package_id
[07Feb2025 10:13:56.322] [Render thread/DEBUG] [oshi.util.FileUtil/]: Reading file /sys/devices/system/cpu/cpu5/cpu_capacity
[07Feb2025 10:13:56.322] [Render thread/DEBUG] [oshi.util.FileUtil/]: Reading file /sys/devices/system/cpu/cpu5/cache/index2/level
[07Feb2025 10:13:56.322] [Render thread/DEBUG] [oshi.util.FileUtil/]: Reading file /sys/devices/system/cpu/cpu5/cache/index2/level
[07Feb2025 10:13:56.322] [Render thread/DEBUG] [oshi.util.FileUtil/]: Reading file /sys/devices/system/cpu/cpu5/cache/index2/type
[07Feb2025 10:13:56.322] [Render thread/DEBUG] [oshi.util.FileUtil/]: Reading file /sys/devices/system/cpu/cpu5/cache/index2/type
[07Feb2025 10:13:56.322] [Render thread/DEBUG] [oshi.util.FileUtil/]: Reading file /sys/devices/system/cpu/cpu5/cache/index2/ways_of_associativity
[07Feb2025 10:13:56.322] [Render thread/DEBUG] [oshi.util.FileUtil/]: Reading file /sys/devices/system/cpu/cpu5/cache/index2/ways_of_associativity
[07Feb2025 10:13:56.322] [Render thread/DEBUG] [oshi.util.FileUtil/]: Reading file /sys/devices/system/cpu/cpu5/cache/index2/coherency_line_size
[07Feb2025 10:13:56.322] [Render thread/DEBUG] [oshi.util.FileUtil/]: Reading file /sys/devices/system/cpu/cpu5/cache/index2/coherency_line_size
[07Feb2025 10:13:56.322] [Render thread/DEBUG] [oshi.util.FileUtil/]: Reading file /sys/devices/system/cpu/cpu5/cache/index2/size
[07Feb2025 10:13:56.322] [Render thread/DEBUG] [oshi.util.FileUtil/]: Reading file /sys/devices/system/cpu/cpu5/cache/index2/size
[07Feb2025 10:13:56.322] [Render thread/DEBUG] [oshi.util.FileUtil/]: Reading file /sys/devices/system/cpu/cpu5/cache/index0/level
[07Feb2025 10:13:56.322] [Render thread/DEBUG] [oshi.util.FileUtil/]: Reading file /sys/devices/system/cpu/cpu5/cache/index0/level
[07Feb2025 10:13:56.322] [Render thread/DEBUG] [oshi.util.FileUtil/]: Reading file /sys/devices/system/cpu/cpu5/cache/index0/type
[07Feb2025 10:13:56.322] [Render thread/DEBUG] [oshi.util.FileUtil/]: Reading file /sys/devices/system/cpu/cpu5/cache/index0/type
[07Feb2025 10:13:56.322] [Render thread/DEBUG] [oshi.util.FileUtil/]: Reading file /sys/devices/system/cpu/cpu5/cache/index0/ways_of_associativity
[07Feb2025 10:13:56.322] [Render thread/DEBUG] [oshi.util.FileUtil/]: Reading file /sys/devices/system/cpu/cpu5/cache/index0/ways_of_associativity
[07Feb2025 10:13:56.322] [Render thread/DEBUG] [oshi.util.FileUtil/]: Reading file /sys/devices/system/cpu/cpu5/cache/index0/coherency_line_size
[07Feb2025 10:13:56.322] [Render thread/DEBUG] [oshi.util.FileUtil/]: Reading file /sys/devices/system/cpu/cpu5/cache/index0/coherency_line_size
[07Feb2025 10:13:56.322] [Render thread/DEBUG] [oshi.util.FileUtil/]: Reading file /sys/devices/system/cpu/cpu5/cache/index0/size
[07Feb2025 10:13:56.322] [Render thread/DEBUG] [oshi.util.FileUtil/]: Reading file /sys/devices/system/cpu/cpu5/cache/index0/size
[07Feb2025 10:13:56.322] [Render thread/DEBUG] [oshi.util.FileUtil/]: Reading file /sys/devices/system/cpu/cpu5/cache/index3/level
[07Feb2025 10:13:56.322] [Render thread/DEBUG] [oshi.util.FileUtil/]: Reading file /sys/devices/system/cpu/cpu5/cache/index3/level
[07Feb2025 10:13:56.322] [Render thread/DEBUG] [oshi.util.FileUtil/]: Reading file /sys/devices/system/cpu/cpu5/cache/index3/type
[07Feb2025 10:13:56.322] [Render thread/DEBUG] [oshi.util.FileUtil/]: Reading file /sys/devices/system/cpu/cpu5/cache/index3/type
[07Feb2025 10:13:56.322] [Render thread/DEBUG] [oshi.util.FileUtil/]: Reading file /sys/devices/system/cpu/cpu5/cache/index3/ways_of_associativity
[07Feb2025 10:13:56.323] [Render thread/DEBUG] [oshi.util.FileUtil/]: Reading file /sys/devices/system/cpu/cpu5/cache/index3/ways_of_associativity
[07Feb2025 10:13:56.323] [Render thread/DEBUG] [oshi.util.FileUtil/]: Reading file /sys/devices/system/cpu/cpu5/cache/index3/coherency_line_size
[07Feb2025 10:13:56.323] [Render thread/DEBUG] [oshi.util.FileUtil/]: Reading file /sys/devices/system/cpu/cpu5/cache/index3/coherency_line_size
[07Feb2025 10:13:56.323] [Render thread/DEBUG] [oshi.util.FileUtil/]: Reading file /sys/devices/system/cpu/cpu5/cache/index3/size
[07Feb2025 10:13:56.323] [Render thread/DEBUG] [oshi.util.FileUtil/]: Reading file /sys/devices/system/cpu/cpu5/cache/index3/size
[07Feb2025 10:13:56.323] [Render thread/DEBUG] [oshi.util.FileUtil/]: Reading file /sys/devices/system/cpu/cpu5/cache/index1/level
[07Feb2025 10:13:56.323] [Render thread/DEBUG] [oshi.util.FileUtil/]: Reading file /sys/devices/system/cpu/cpu5/cache/index1/level
[07Feb2025 10:13:56.323] [Render thread/DEBUG] [oshi.util.FileUtil/]: Reading file /sys/devices/system/cpu/cpu5/cache/index1/type
[07Feb2025 10:13:56.323] [Render thread/DEBUG] [oshi.util.FileUtil/]: Reading file /sys/devices/system/cpu/cpu5/cache/index1/type
[07Feb2025 10:13:56.323] [Render thread/DEBUG] [oshi.util.FileUtil/]: Reading file /sys/devices/system/cpu/cpu5/cache/index1/ways_of_associativity
[07Feb2025 10:13:56.323] [Render thread/DEBUG] [oshi.util.FileUtil/]: Reading file /sys/devices/system/cpu/cpu5/cache/index1/ways_of_associativity
[07Feb2025 10:13:56.323] [Render thread/DEBUG] [oshi.util.FileUtil/]: Reading file /sys/devices/system/cpu/cpu5/cache/index1/coherency_line_size
[07Feb2025 10:13:56.323] [Render thread/DEBUG] [oshi.util.FileUtil/]: Reading file /sys/devices/system/cpu/cpu5/cache/index1/coherency_line_size
[07Feb2025 10:13:56.323] [Render thread/DEBUG] [oshi.util.FileUtil/]: Reading file /sys/devices/system/cpu/cpu5/cache/index1/size
[07Feb2025 10:13:56.323] [Render thread/DEBUG] [oshi.util.FileUtil/]: Reading file /sys/devices/system/cpu/cpu5/cache/index1/size
[07Feb2025 10:13:56.323] [Render thread/DEBUG] [oshi.util.FileUtil/]: Reading file /sys/devices/system/cpu/cpu6/topology/core_id
[07Feb2025 10:13:56.323] [Render thread/DEBUG] [oshi.util.FileUtil/]: Reading file /sys/devices/system/cpu/cpu6/topology/core_id
[07Feb2025 10:13:56.323] [Render thread/DEBUG] [oshi.util.FileUtil/]: Reading file /sys/devices/system/cpu/cpu6/topology/physical_package_id
[07Feb2025 10:13:56.323] [Render thread/DEBUG] [oshi.util.FileUtil/]: Reading file /sys/devices/system/cpu/cpu6/topology/physical_package_id
[07Feb2025 10:13:56.323] [Render thread/DEBUG] [oshi.util.FileUtil/]: Reading file /sys/devices/system/cpu/cpu6/cpu_capacity
[07Feb2025 10:13:56.323] [Render thread/DEBUG] [oshi.util.FileUtil/]: Reading file /sys/devices/system/cpu/cpu6/cache/index2/level
[07Feb2025 10:13:56.323] [Render thread/DEBUG] [oshi.util.FileUtil/]: Reading file /sys/devices/system/cpu/cpu6/cache/index2/level
[07Feb2025 10:13:56.323] [Render thread/DEBUG] [oshi.util.FileUtil/]: Reading file /sys/devices/system/cpu/cpu6/cache/index2/type
[07Feb2025 10:13:56.323] [Render thread/DEBUG] [oshi.util.FileUtil/]: Reading file /sys/devices/system/cpu/cpu6/cache/index2/type
[07Feb2025 10:13:56.324] [Render thread/DEBUG] [oshi.util.FileUtil/]: Reading file /sys/devices/system/cpu/cpu6/cache/index2/ways_of_associativity
[07Feb2025 10:13:56.324] [Render thread/DEBUG] [oshi.util.FileUtil/]: Reading file /sys/devices/system/cpu/cpu6/cache/index2/ways_of_associativity
[07Feb2025 10:13:56.324] [Render thread/DEBUG] [oshi.util.FileUtil/]: Reading file /sys/devices/system/cpu/cpu6/cache/index2/coherency_line_size
[07Feb2025 10:13:56.324] [Render thread/DEBUG] [oshi.util.FileUtil/]: Reading file /sys/devices/system/cpu/cpu6/cache/index2/coherency_line_size
[07Feb2025 10:13:56.324] [Render thread/DEBUG] [oshi.util.FileUtil/]: Reading file /sys/devices/system/cpu/cpu6/cache/index2/size
[07Feb2025 10:13:56.324] [Render thread/DEBUG] [oshi.util.FileUtil/]: Reading file /sys/devices/system/cpu/cpu6/cache/index2/size
[07Feb2025 10:13:56.324] [Render thread/DEBUG] [oshi.util.FileUtil/]: Reading file /sys/devices/system/cpu/cpu6/cache/index0/level
[07Feb2025 10:13:56.324] [Render thread/DEBUG] [oshi.util.FileUtil/]: Reading file /sys/devices/system/cpu/cpu6/cache/index0/level
[07Feb2025 10:13:56.324] [Render thread/DEBUG] [oshi.util.FileUtil/]: Reading file /sys/devices/system/cpu/cpu6/cache/index0/type
[07Feb2025 10:13:56.324] [Render thread/DEBUG] [oshi.util.FileUtil/]: Reading file /sys/devices/system/cpu/cpu6/cache/index0/type
[07Feb2025 10:13:56.324] [Render thread/DEBUG] [oshi.util.FileUtil/]: Reading file /sys/devices/system/cpu/cpu6/cache/index0/ways_of_associativity
[07Feb2025 10:13:56.324] [Render thread/DEBUG] [oshi.util.FileUtil/]: Reading file /sys/devices/system/cpu/cpu6/cache/index0/ways_of_associativity
[07Feb2025 10:13:56.324] [Render thread/DEBUG] [oshi.util.FileUtil/]: Reading file /sys/devices/system/cpu/cpu6/cache/index0/coherency_line_size
[07Feb2025 10:13:56.324] [Render thread/DEBUG] [oshi.util.FileUtil/]: Reading file /sys/devices/system/cpu/cpu6/cache/index0/coherency_line_size
[07Feb2025 10:13:56.324] [Render thread/DEBUG] [oshi.util.FileUtil/]: Reading file /sys/devices/system/cpu/cpu6/cache/index0/size
[07Feb2025 10:13:56.324] [Render thread/DEBUG] [oshi.util.FileUtil/]: Reading file /sys/devices/system/cpu/cpu6/cache/index0/size
[07Feb2025 10:13:56.324] [Render thread/DEBUG] [oshi.util.FileUtil/]: Reading file /sys/devices/system/cpu/cpu6/cache/index3/level
[07Feb2025 10:13:56.324] [Render thread/DEBUG] [oshi.util.FileUtil/]: Reading file /sys/devices/system/cpu/cpu6/cache/index3/level
[07Feb2025 10:13:56.324] [Render thread/DEBUG] [oshi.util.FileUtil/]: Reading file /sys/devices/system/cpu/cpu6/cache/index3/type
[07Feb2025 10:13:56.324] [Render thread/DEBUG] [oshi.util.FileUtil/]: Reading file /sys/devices/system/cpu/cpu6/cache/index3/type
[07Feb2025 10:13:56.324] [Render thread/DEBUG] [oshi.util.FileUtil/]: Reading file /sys/devices/system/cpu/cpu6/cache/index3/ways_of_associativity
[07Feb2025 10:13:56.324] [Render thread/DEBUG] [oshi.util.FileUtil/]: Reading file /sys/devices/system/cpu/cpu6/cache/index3/ways_of_associativity
[07Feb2025 10:13:56.324] [Render thread/DEBUG] [oshi.util.FileUtil/]: Reading file /sys/devices/system/cpu/cpu6/cache/index3/coherency_line_size
[07Feb2025 10:13:56.324] [Render thread/DEBUG] [oshi.util.FileUtil/]: Reading file /sys/devices/system/cpu/cpu6/cache/index3/coherency_line_size
[07Feb2025 10:13:56.324] [Render thread/DEBUG] [oshi.util.FileUtil/]: Reading file /sys/devices/system/cpu/cpu6/cache/index3/size
[07Feb2025 10:13:56.324] [Render thread/DEBUG] [oshi.util.FileUtil/]: Reading file /sys/devices/system/cpu/cpu6/cache/index3/size
[07Feb2025 10:13:56.324] [Render thread/DEBUG] [oshi.util.FileUtil/]: Reading file /sys/devices/system/cpu/cpu6/cache/index1/level
[07Feb2025 10:13:56.324] [Render thread/DEBUG] [oshi.util.FileUtil/]: Reading file /sys/devices/system/cpu/cpu6/cache/index1/level
[07Feb2025 10:13:56.324] [Render thread/DEBUG] [oshi.util.FileUtil/]: Reading file /sys/devices/system/cpu/cpu6/cache/index1/type
[07Feb2025 10:13:56.324] [Render thread/DEBUG] [oshi.util.FileUtil/]: Reading file /sys/devices/system/cpu/cpu6/cache/index1/type
[07Feb2025 10:13:56.324] [Render thread/DEBUG] [oshi.util.FileUtil/]: Reading file /sys/devices/system/cpu/cpu6/cache/index1/ways_of_associativity
[07Feb2025 10:13:56.325] [Render thread/DEBUG] [oshi.util.FileUtil/]: Reading file /sys/devices/system/cpu/cpu6/cache/index1/ways_of_associativity
[07Feb2025 10:13:56.325] [Render thread/DEBUG] [oshi.util.FileUtil/]: Reading file /sys/devices/system/cpu/cpu6/cache/index1/coherency_line_size
[07Feb2025 10:13:56.325] [Render thread/DEBUG] [oshi.util.FileUtil/]: Reading file /sys/devices/system/cpu/cpu6/cache/index1/coherency_line_size
[07Feb2025 10:13:56.325] [Render thread/DEBUG] [oshi.util.FileUtil/]: Reading file /sys/devices/system/cpu/cpu6/cache/index1/size
[07Feb2025 10:13:56.325] [Render thread/DEBUG] [oshi.util.FileUtil/]: Reading file /sys/devices/system/cpu/cpu6/cache/index1/size
[07Feb2025 10:13:56.325] [Render thread/DEBUG] [oshi.util.FileUtil/]: Reading file /sys/devices/system/cpu/cpu7/topology/core_id
[07Feb2025 10:13:56.325] [Render thread/DEBUG] [oshi.util.FileUtil/]: Reading file /sys/devices/system/cpu/cpu7/topology/core_id
[07Feb2025 10:13:56.325] [Render thread/DEBUG] [oshi.util.FileUtil/]: Reading file /sys/devices/system/cpu/cpu7/topology/physical_package_id
[07Feb2025 10:13:56.325] [Render thread/DEBUG] [oshi.util.FileUtil/]: Reading file /sys/devices/system/cpu/cpu7/topology/physical_package_id
[07Feb2025 10:13:56.325] [Render thread/DEBUG] [oshi.util.FileUtil/]: Reading file /sys/devices/system/cpu/cpu7/cpu_capacity
[07Feb2025 10:13:56.325] [Render thread/DEBUG] [oshi.util.FileUtil/]: Reading file /sys/devices/system/cpu/cpu7/cache/index2/level
[07Feb2025 10:13:56.325] [Render thread/DEBUG] [oshi.util.FileUtil/]: Reading file /sys/devices/system/cpu/cpu7/cache/index2/level
[07Feb2025 10:13:56.325] [Render thread/DEBUG] [oshi.util.FileUtil/]: Reading file /sys/devices/system/cpu/cpu7/cache/index2/type
[07Feb2025 10:13:56.325] [Render thread/DEBUG] [oshi.util.FileUtil/]: Reading file /sys/devices/system/cpu/cpu7/cache/index2/type
[07Feb2025 10:13:56.325] [Render thread/DEBUG] [oshi.util.FileUtil/]: Reading file /sys/devices/system/cpu/cpu7/cache/index2/ways_of_associativity
[07Feb2025 10:13:56.325] [Render thread/DEBUG] [oshi.util.FileUtil/]: Reading file /sys/devices/system/cpu/cpu7/cache/index2/ways_of_associativity
[07Feb2025 10:13:56.325] [Render thread/DEBUG] [oshi.util.FileUtil/]: Reading file /sys/devices/system/cpu/cpu7/cache/index2/coherency_line_size
[07Feb2025 10:13:56.325] [Render thread/DEBUG] [oshi.util.FileUtil/]: Reading file /sys/devices/system/cpu/cpu7/cache/index2/coherency_line_size
[07Feb2025 10:13:56.325] [Render thread/DEBUG] [oshi.util.FileUtil/]: Reading file /sys/devices/system/cpu/cpu7/cache/index2/size
[07Feb2025 10:13:56.325] [Render thread/DEBUG] [oshi.util.FileUtil/]: Reading file /sys/devices/system/cpu/cpu7/cache/index2/size
[07Feb2025 10:13:56.325] [Render thread/DEBUG] [oshi.util.FileUtil/]: Reading file /sys/devices/system/cpu/cpu7/cache/index0/level
[07Feb2025 10:13:56.325] [Render thread/DEBUG] [oshi.util.FileUtil/]: Reading file /sys/devices/system/cpu/cpu7/cache/index0/level
[07Feb2025 10:13:56.325] [Render thread/DEBUG] [oshi.util.FileUtil/]: Reading file /sys/devices/system/cpu/cpu7/cache/index0/type
[07Feb2025 10:13:56.325] [Render thread/DEBUG] [oshi.util.FileUtil/]: Reading file /sys/devices/system/cpu/cpu7/cache/index0/type
[07Feb2025 10:13:56.325] [Render thread/DEBUG] [oshi.util.FileUtil/]: Reading file /sys/devices/system/cpu/cpu7/cache/index0/ways_of_associativity
[07Feb2025 10:13:56.325] [Render thread/DEBUG] [oshi.util.FileUtil/]: Reading file /sys/devices/system/cpu/cpu7/cache/index0/ways_of_associativity
[07Feb2025 10:13:56.326] [Render thread/DEBUG] [oshi.util.FileUtil/]: Reading file /sys/devices/system/cpu/cpu7/cache/index0/coherency_line_size
[07Feb2025 10:13:56.326] [Render thread/DEBUG] [oshi.util.FileUtil/]: Reading file /sys/devices/system/cpu/cpu7/cache/index0/coherency_line_size
[07Feb2025 10:13:56.326] [Render thread/DEBUG] [oshi.util.FileUtil/]: Reading file /sys/devices/system/cpu/cpu7/cache/index0/size
[07Feb2025 10:13:56.326] [Render thread/DEBUG] [oshi.util.FileUtil/]: Reading file /sys/devices/system/cpu/cpu7/cache/index0/size
[07Feb2025 10:13:56.326] [Render thread/DEBUG] [oshi.util.FileUtil/]: Reading file /sys/devices/system/cpu/cpu7/cache/index3/level
[07Feb2025 10:13:56.326] [Render thread/DEBUG] [oshi.util.FileUtil/]: Reading file /sys/devices/system/cpu/cpu7/cache/index3/level
[07Feb2025 10:13:56.326] [Render thread/DEBUG] [oshi.util.FileUtil/]: Reading file /sys/devices/system/cpu/cpu7/cache/index3/type
[07Feb2025 10:13:56.326] [Render thread/DEBUG] [oshi.util.FileUtil/]: Reading file /sys/devices/system/cpu/cpu7/cache/index3/type
[07Feb2025 10:13:56.326] [Render thread/DEBUG] [oshi.util.FileUtil/]: Reading file /sys/devices/system/cpu/cpu7/cache/index3/ways_of_associativity
[07Feb2025 10:13:56.326] [Render thread/DEBUG] [oshi.util.FileUtil/]: Reading file /sys/devices/system/cpu/cpu7/cache/index3/ways_of_associativity
[07Feb2025 10:13:56.326] [Render thread/DEBUG] [oshi.util.FileUtil/]: Reading file /sys/devices/system/cpu/cpu7/cache/index3/coherency_line_size
[07Feb2025 10:13:56.326] [Render thread/DEBUG] [oshi.util.FileUtil/]: Reading file /sys/devices/system/cpu/cpu7/cache/index3/coherency_line_size
[07Feb2025 10:13:56.326] [Render thread/DEBUG] [oshi.util.FileUtil/]: Reading file /sys/devices/system/cpu/cpu7/cache/index3/size
[07Feb2025 10:13:56.326] [Render thread/DEBUG] [oshi.util.FileUtil/]: Reading file /sys/devices/system/cpu/cpu7/cache/index3/size
[07Feb2025 10:13:56.326] [Render thread/DEBUG] [oshi.util.FileUtil/]: Reading file /sys/devices/system/cpu/cpu7/cache/index1/level
[07Feb2025 10:13:56.326] [Render thread/DEBUG] [oshi.util.FileUtil/]: Reading file /sys/devices/system/cpu/cpu7/cache/index1/level
[07Feb2025 10:13:56.326] [Render thread/DEBUG] [oshi.util.FileUtil/]: Reading file /sys/devices/system/cpu/cpu7/cache/index1/type
[07Feb2025 10:13:56.326] [Render thread/DEBUG] [oshi.util.FileUtil/]: Reading file /sys/devices/system/cpu/cpu7/cache/index1/type
[07Feb2025 10:13:56.326] [Render thread/DEBUG] [oshi.util.FileUtil/]: Reading file /sys/devices/system/cpu/cpu7/cache/index1/ways_of_associativity
[07Feb2025 10:13:56.326] [Render thread/DEBUG] [oshi.util.FileUtil/]: Reading file /sys/devices/system/cpu/cpu7/cache/index1/ways_of_associativity
[07Feb2025 10:13:56.326] [Render thread/DEBUG] [oshi.util.FileUtil/]: Reading file /sys/devices/system/cpu/cpu7/cache/index1/coherency_line_size
[07Feb2025 10:13:56.326] [Render thread/DEBUG] [oshi.util.FileUtil/]: Reading file /sys/devices/system/cpu/cpu7/cache/index1/coherency_line_size
[07Feb2025 10:13:56.326] [Render thread/DEBUG] [oshi.util.FileUtil/]: Reading file /sys/devices/system/cpu/cpu7/cache/index1/size
[07Feb2025 10:13:56.326] [Render thread/DEBUG] [oshi.util.FileUtil/]: Reading file /sys/devices/system/cpu/cpu7/cache/index1/size
[07Feb2025 10:13:56.326] [Render thread/DEBUG] [oshi.util.FileUtil/]: Reading file /sys/devices/system/cpu/cpu8/topology/core_id
[07Feb2025 10:13:56.326] [Render thread/DEBUG] [oshi.util.FileUtil/]: Reading file /sys/devices/system/cpu/cpu8/topology/core_id
[07Feb2025 10:13:56.326] [Render thread/DEBUG] [oshi.util.FileUtil/]: Reading file /sys/devices/system/cpu/cpu8/topology/physical_package_id
[07Feb2025 10:13:56.327] [Render thread/DEBUG] [oshi.util.FileUtil/]: Reading file /sys/devices/system/cpu/cpu8/topology/physical_package_id
[07Feb2025 10:13:56.327] [Render thread/DEBUG] [oshi.util.FileUtil/]: Reading file /sys/devices/system/cpu/cpu8/cpu_capacity
[07Feb2025 10:13:56.327] [Render thread/DEBUG] [oshi.util.FileUtil/]: Reading file /sys/devices/system/cpu/cpu8/cache/index2/level
[07Feb2025 10:13:56.327] [Render thread/DEBUG] [oshi.util.FileUtil/]: Reading file /sys/devices/system/cpu/cpu8/cache/index2/level
[07Feb2025 10:13:56.327] [Render thread/DEBUG] [oshi.util.FileUtil/]: Reading file /sys/devices/system/cpu/cpu8/cache/index2/type
[07Feb2025 10:13:56.327] [Render thread/DEBUG] [oshi.util.FileUtil/]: Reading file /sys/devices/system/cpu/cpu8/cache/index2/type
[07Feb2025 10:13:56.327] [Render thread/DEBUG] [oshi.util.FileUtil/]: Reading file /sys/devices/system/cpu/cpu8/cache/index2/ways_of_associativity
[07Feb2025 10:13:56.327] [Render thread/DEBUG] [oshi.util.FileUtil/]: Reading file /sys/devices/system/cpu/cpu8/cache/index2/ways_of_associativity
[07Feb2025 10:13:56.327] [Render thread/DEBUG] [oshi.util.FileUtil/]: Reading file /sys/devices/system/cpu/cpu8/cache/index2/coherency_line_size
[07Feb2025 10:13:56.327] [Render thread/DEBUG] [oshi.util.FileUtil/]: Reading file /sys/devices/system/cpu/cpu8/cache/index2/coherency_line_size
[07Feb2025 10:13:56.327] [Render thread/DEBUG] [oshi.util.FileUtil/]: Reading file /sys/devices/system/cpu/cpu8/cache/index2/size
[07Feb2025 10:13:56.327] [Render thread/DEBUG] [oshi.util.FileUtil/]: Reading file /sys/devices/system/cpu/cpu8/cache/index2/size
[07Feb2025 10:13:56.327] [Render thread/DEBUG] [oshi.util.FileUtil/]: Reading file /sys/devices/system/cpu/cpu8/cache/index0/level
[07Feb2025 10:13:56.327] [Render thread/DEBUG] [oshi.util.FileUtil/]: Reading file /sys/devices/system/cpu/cpu8/cache/index0/level
[07Feb2025 10:13:56.327] [Render thread/DEBUG] [oshi.util.FileUtil/]: Reading file /sys/devices/system/cpu/cpu8/cache/index0/type
[07Feb2025 10:13:56.327] [Render thread/DEBUG] [oshi.util.FileUtil/]: Reading file /sys/devices/system/cpu/cpu8/cache/index0/type
[07Feb2025 10:13:56.327] [Render thread/DEBUG] [oshi.util.FileUtil/]: Reading file /sys/devices/system/cpu/cpu8/cache/index0/ways_of_associativity
[07Feb2025 10:13:56.327] [Render thread/DEBUG] [oshi.util.FileUtil/]: Reading file /sys/devices/system/cpu/cpu8/cache/index0/ways_of_associativity
[07Feb2025 10:13:56.327] [Render thread/DEBUG] [oshi.util.FileUtil/]: Reading file /sys/devices/system/cpu/cpu8/cache/index0/coherency_line_size
[07Feb2025 10:13:56.327] [Render thread/DEBUG] [oshi.util.FileUtil/]: Reading file /sys/devices/system/cpu/cpu8/cache/index0/coherency_line_size
[07Feb2025 10:13:56.327] [Render thread/DEBUG] [oshi.util.FileUtil/]: Reading file /sys/devices/system/cpu/cpu8/cache/index0/size
[07Feb2025 10:13:56.327] [Render thread/DEBUG] [oshi.util.FileUtil/]: Reading file /sys/devices/system/cpu/cpu8/cache/index0/size
[07Feb2025 10:13:56.327] [Render thread/DEBUG] [oshi.util.FileUtil/]: Reading file /sys/devices/system/cpu/cpu8/cache/index3/level
[07Feb2025 10:13:56.327] [Render thread/DEBUG] [oshi.util.FileUtil/]: Reading file /sys/devices/system/cpu/cpu8/cache/index3/level
[07Feb2025 10:13:56.328] [Render thread/DEBUG] [oshi.util.FileUtil/]: Reading file /sys/devices/system/cpu/cpu8/cache/index3/type
[07Feb2025 10:13:56.328] [Render thread/DEBUG] [oshi.util.FileUtil/]: Reading file /sys/devices/system/cpu/cpu8/cache/index3/type
[07Feb2025 10:13:56.328] [Render thread/DEBUG] [oshi.util.FileUtil/]: Reading file /sys/devices/system/cpu/cpu8/cache/index3/ways_of_associativity
[07Feb2025 10:13:56.328] [Render thread/DEBUG] [oshi.util.FileUtil/]: Reading file /sys/devices/system/cpu/cpu8/cache/index3/ways_of_associativity
[07Feb2025 10:13:56.328] [Render thread/DEBUG] [oshi.util.FileUtil/]: Reading file /sys/devices/system/cpu/cpu8/cache/index3/coherency_line_size
[07Feb2025 10:13:56.328] [Render thread/DEBUG] [oshi.util.FileUtil/]: Reading file /sys/devices/system/cpu/cpu8/cache/index3/coherency_line_size
[07Feb2025 10:13:56.328] [Render thread/DEBUG] [oshi.util.FileUtil/]: Reading file /sys/devices/system/cpu/cpu8/cache/index3/size
[07Feb2025 10:13:56.328] [Render thread/DEBUG] [oshi.util.FileUtil/]: Reading file /sys/devices/system/cpu/cpu8/cache/index3/size
[07Feb2025 10:13:56.328] [Render thread/DEBUG] [oshi.util.FileUtil/]: Reading file /sys/devices/system/cpu/cpu8/cache/index1/level
[07Feb2025 10:13:56.328] [Render thread/DEBUG] [oshi.util.FileUtil/]: Reading file /sys/devices/system/cpu/cpu8/cache/index1/level
[07Feb2025 10:13:56.328] [Render thread/DEBUG] [oshi.util.FileUtil/]: Reading file /sys/devices/system/cpu/cpu8/cache/index1/type
[07Feb2025 10:13:56.328] [Render thread/DEBUG] [oshi.util.FileUtil/]: Reading file /sys/devices/system/cpu/cpu8/cache/index1/type
[07Feb2025 10:13:56.328] [Render thread/DEBUG] [oshi.util.FileUtil/]: Reading file /sys/devices/system/cpu/cpu8/cache/index1/ways_of_associativity
[07Feb2025 10:13:56.328] [Render thread/DEBUG] [oshi.util.FileUtil/]: Reading file /sys/devices/system/cpu/cpu8/cache/index1/ways_of_associativity
[07Feb2025 10:13:56.328] [Render thread/DEBUG] [oshi.util.FileUtil/]: Reading file /sys/devices/system/cpu/cpu8/cache/index1/coherency_line_size
[07Feb2025 10:13:56.328] [Render thread/DEBUG] [oshi.util.FileUtil/]: Reading file /sys/devices/system/cpu/cpu8/cache/index1/coherency_line_size
[07Feb2025 10:13:56.328] [Render thread/DEBUG] [oshi.util.FileUtil/]: Reading file /sys/devices/system/cpu/cpu8/cache/index1/size
[07Feb2025 10:13:56.328] [Render thread/DEBUG] [oshi.util.FileUtil/]: Reading file /sys/devices/system/cpu/cpu8/cache/index1/size
[07Feb2025 10:13:56.328] [Render thread/DEBUG] [oshi.util.FileUtil/]: Reading file /sys/devices/system/cpu/cpu9/topology/core_id
[07Feb2025 10:13:56.328] [Render thread/DEBUG] [oshi.util.FileUtil/]: Reading file /sys/devices/system/cpu/cpu9/topology/core_id
[07Feb2025 10:13:56.328] [Render thread/DEBUG] [oshi.util.FileUtil/]: Reading file /sys/devices/system/cpu/cpu9/topology/physical_package_id
[07Feb2025 10:13:56.328] [Render thread/DEBUG] [oshi.util.FileUtil/]: Reading file /sys/devices/system/cpu/cpu9/topology/physical_package_id
[07Feb2025 10:13:56.328] [Render thread/DEBUG] [oshi.util.FileUtil/]: Reading file /sys/devices/system/cpu/cpu9/cpu_capacity
[07Feb2025 10:13:56.328] [Render thread/DEBUG] [oshi.util.FileUtil/]: Reading file /sys/devices/system/cpu/cpu9/cache/index2/level
[07Feb2025 10:13:56.328] [Render thread/DEBUG] [oshi.util.FileUtil/]: Reading file /sys/devices/system/cpu/cpu9/cache/index2/level
[07Feb2025 10:13:56.329] [Render thread/DEBUG] [oshi.util.FileUtil/]: Reading file /sys/devices/system/cpu/cpu9/cache/index2/type
[07Feb2025 10:13:56.329] [Render thread/DEBUG] [oshi.util.FileUtil/]: Reading file /sys/devices/system/cpu/cpu9/cache/index2/type
[07Feb2025 10:13:56.329] [Render thread/DEBUG] [oshi.util.FileUtil/]: Reading file /sys/devices/system/cpu/cpu9/cache/index2/ways_of_associativity
[07Feb2025 10:13:56.329] [Render thread/DEBUG] [oshi.util.FileUtil/]: Reading file /sys/devices/system/cpu/cpu9/cache/index2/ways_of_associativity
[07Feb2025 10:13:56.329] [Render thread/DEBUG] [oshi.util.FileUtil/]: Reading file /sys/devices/system/cpu/cpu9/cache/index2/coherency_line_size
[07Feb2025 10:13:56.329] [Render thread/DEBUG] [oshi.util.FileUtil/]: Reading file /sys/devices/system/cpu/cpu9/cache/index2/coherency_line_size
[07Feb2025 10:13:56.329] [Render thread/DEBUG] [oshi.util.FileUtil/]: Reading file /sys/devices/system/cpu/cpu9/cache/index2/size
[07Feb2025 10:13:56.329] [Render thread/DEBUG] [oshi.util.FileUtil/]: Reading file /sys/devices/system/cpu/cpu9/cache/index2/size
[07Feb2025 10:13:56.329] [Render thread/DEBUG] [oshi.util.FileUtil/]: Reading file /sys/devices/system/cpu/cpu9/cache/index0/level
[07Feb2025 10:13:56.329] [Render thread/DEBUG] [oshi.util.FileUtil/]: Reading file /sys/devices/system/cpu/cpu9/cache/index0/level
[07Feb2025 10:13:56.329] [Render thread/DEBUG] [oshi.util.FileUtil/]: Reading file /sys/devices/system/cpu/cpu9/cache/index0/type
[07Feb2025 10:13:56.329] [Render thread/DEBUG] [oshi.util.FileUtil/]: Reading file /sys/devices/system/cpu/cpu9/cache/index0/type
[07Feb2025 10:13:56.329] [Render thread/DEBUG] [oshi.util.FileUtil/]: Reading file /sys/devices/system/cpu/cpu9/cache/index0/ways_of_associativity
[07Feb2025 10:13:56.329] [Render thread/DEBUG] [oshi.util.FileUtil/]: Reading file /sys/devices/system/cpu/cpu9/cache/index0/ways_of_associativity
[07Feb2025 10:13:56.329] [Render thread/DEBUG] [oshi.util.FileUtil/]: Reading file /sys/devices/system/cpu/cpu9/cache/index0/coherency_line_size
[07Feb2025 10:13:56.329] [Render thread/DEBUG] [oshi.util.FileUtil/]: Reading file /sys/devices/system/cpu/cpu9/cache/index0/coherency_line_size
[07Feb2025 10:13:56.329] [Render thread/DEBUG] [oshi.util.FileUtil/]: Reading file /sys/devices/system/cpu/cpu9/cache/index0/size
[07Feb2025 10:13:56.329] [Render thread/DEBUG] [oshi.util.FileUtil/]: Reading file /sys/devices/system/cpu/cpu9/cache/index0/size
[07Feb2025 10:13:56.329] [Render thread/DEBUG] [oshi.util.FileUtil/]: Reading file /sys/devices/system/cpu/cpu9/cache/index3/level
[07Feb2025 10:13:56.329] [Render thread/DEBUG] [oshi.util.FileUtil/]: Reading file /sys/devices/system/cpu/cpu9/cache/index3/level
[07Feb2025 10:13:56.329] [Render thread/DEBUG] [oshi.util.FileUtil/]: Reading file /sys/devices/system/cpu/cpu9/cache/index3/type
[07Feb2025 10:13:56.329] [Render thread/DEBUG] [oshi.util.FileUtil/]: Reading file /sys/devices/system/cpu/cpu9/cache/index3/type
[07Feb2025 10:13:56.329] [Render thread/DEBUG] [oshi.util.FileUtil/]: Reading file /sys/devices/system/cpu/cpu9/cache/index3/ways_of_associativity
[07Feb2025 10:13:56.329] [Render thread/DEBUG] [oshi.util.FileUtil/]: Reading file /sys/devices/system/cpu/cpu9/cache/index3/ways_of_associativity
[07Feb2025 10:13:56.329] [Render thread/DEBUG] [oshi.util.FileUtil/]: Reading file /sys/devices/system/cpu/cpu9/cache/index3/coherency_line_size
[07Feb2025 10:13:56.329] [Render thread/DEBUG] [oshi.util.FileUtil/]: Reading file /sys/devices/system/cpu/cpu9/cache/index3/coherency_line_size
[07Feb2025 10:13:56.329] [Render thread/DEBUG] [oshi.util.FileUtil/]: Reading file /sys/devices/system/cpu/cpu9/cache/index3/size
[07Feb2025 10:13:56.329] [Render thread/DEBUG] [oshi.util.FileUtil/]: Reading file /sys/devices/system/cpu/cpu9/cache/index3/size
[07Feb2025 10:13:56.329] [Render thread/DEBUG] [oshi.util.FileUtil/]: Reading file /sys/devices/system/cpu/cpu9/cache/index1/level
[07Feb2025 10:13:56.329] [Render thread/DEBUG] [oshi.util.FileUtil/]: Reading file /sys/devices/system/cpu/cpu9/cache/index1/level
[07Feb2025 10:13:56.330] [Render thread/DEBUG] [oshi.util.FileUtil/]: Reading file /sys/devices/system/cpu/cpu9/cache/index1/type
[07Feb2025 10:13:56.330] [Render thread/DEBUG] [oshi.util.FileUtil/]: Reading file /sys/devices/system/cpu/cpu9/cache/index1/type
[07Feb2025 10:13:56.330] [Render thread/DEBUG] [oshi.util.FileUtil/]: Reading file /sys/devices/system/cpu/cpu9/cache/index1/ways_of_associativity
[07Feb2025 10:13:56.330] [Render thread/DEBUG] [oshi.util.FileUtil/]: Reading file /sys/devices/system/cpu/cpu9/cache/index1/ways_of_associativity
[07Feb2025 10:13:56.330] [Render thread/DEBUG] [oshi.util.FileUtil/]: Reading file /sys/devices/system/cpu/cpu9/cache/index1/coherency_line_size
[07Feb2025 10:13:56.330] [Render thread/DEBUG] [oshi.util.FileUtil/]: Reading file /sys/devices/system/cpu/cpu9/cache/index1/coherency_line_size
[07Feb2025 10:13:56.330] [Render thread/DEBUG] [oshi.util.FileUtil/]: Reading file /sys/devices/system/cpu/cpu9/cache/index1/size
[07Feb2025 10:13:56.330] [Render thread/DEBUG] [oshi.util.FileUtil/]: Reading file /sys/devices/system/cpu/cpu9/cache/index1/size
[07Feb2025 10:13:56.330] [Render thread/DEBUG] [oshi.util.FileUtil/]: Reading file /proc/cpuinfo
[07Feb2025 10:13:56.935] [Render thread/DEBUG] [oshi.util.FileUtil/]: Reading file /proc/self/auxv
[07Feb2025 10:13:56.935] [Render thread/DEBUG] [oshi.util.FileUtil/]: No oshi.architecture.properties file found from ClassLoader cpw.mods.modlauncher.TransformingClassLoader@575e572f
[07Feb2025 10:13:56.961] [Render thread/DEBUG] [oshi.util.FileUtil/]: Reading file /proc/meminfo
[07Feb2025 10:13:56.961] [Render thread/DEBUG] [oshi.util.FileUtil/]: Reading file /proc/meminfo
[07Feb2025 10:13:56.963] [Render thread/ERROR] [net.minecraft.CrashReport/]: Negative index in crash report handler (29/31)
[07Feb2025 10:13:56.975] [Render thread/FATAL] [net.neoforged.neoforge.common.NeoForgeMod/]: Preparing crash report with UUID b4fefad4-88b9-41e3-a179-23fe242d073b
[07Feb2025 10:13:56.975] [Render thread/FATAL] [net.neoforged.neoforge.client.loading.ClientModLoader/]: Crash report saved to ./crash-reports/crash-2025-02-07_10.13.56-fml.txt
[07Feb2025 10:13:56.976] [Render thread/FATAL] [net.neoforged.neoforge.common.NeoForgeMod/]: Preparing crash report with UUID 86925570-adfc-47c1-9bbc-44c651ce54cb
[07Feb2025 10:13:59.565] [Render thread/INFO] [net.minecraft.client.Minecraft/]: Stopping!
